{
  "batch_size": 32,
  "dropout_rate": 0.17326406891056578,
  "ff_dim": 512,
  "l2_reg": 0.0004749681556502868,
  "learning_rate": 1.22253320173092e-06,
  "lookback": 30,
  "num_heads": 2,
  "num_layers": 1,
  "sequence_length": 30
}