{
  "batch_size": 64,
  "dropout_rate": 0.45779016772778763,
  "ff_dim": 256,
  "l2_reg": 0.00018143610290384193,
  "learning_rate": 5.9820005605874665e-06,
  "lookback": 30,
  "num_heads": 2,
  "num_layers": 2,
  "sequence_length": 30
}