{
  "batch_size": 128,
  "buffer_size": 100000,
  "ent_coef": 0.00728355775101036,
  "gamma": 0.9996663284927649,
  "learning_rate": 0.00030666666284677707,
  "tau": 0.0020771603762799575
}