{
  "observation_covariance": 0.019122899916013777,
  "transition_covariance": 0.004881243694340612
}
