{
  "batch_size": 32,
  "dropout_rate": 0.198395628152155,
  "ff_dim": 512,
  "l2_reg": 0.000218966698538522,
  "learning_rate": 1.2442227117622191e-06,
  "lookback": 30,
  "num_heads": 2,
  "num_layers": 1,
  "sequence_length": 30
}