{
  "batch_size": 64,
  "dropout_rate": 0.28503274962221603,
  "ff_dim": 128,
  "l2_reg": 2.8242769839105856e-05,
  "learning_rate": 1.09787714954534e-05,
  "num_heads": 8,
  "num_layers": 3
}