{
  "observation_covariance": 0.1241206343287396,
  "transition_covariance": 0.004091071498628079
}