{
  "batch_size": 32,
  "dropout_rate": 0.19743296731914503,
  "ff_dim": 512,
  "l2_reg": 0.0002252373265945847,
  "learning_rate": 1.159138681860758e-06,
  "lookback": 30,
  "num_heads": 2,
  "num_layers": 1,
  "sequence_length": 30
}