{
  "batch_size": 64,
  "dropout_rate": 0.3967966686951151,
  "ff_dim": 512,
  "l2_reg": 1.3044398512485626e-05,
  "learning_rate": 9.3144812831082e-06,
  "num_heads": 4,
  "num_layers": 2
}