{
  "batch_size": 64,
  "dropout_rate": 0.4822377973815196,
  "ff_dim": 256,
  "l2_reg": 0.0007782387900639558,
  "learning_rate": 3.372387880364633e-05,
  "lookback": 30,
  "num_heads": 2,
  "num_layers": 2,
  "sequence_length": 30
}