{
  "batch_size": 512,
  "buffer_size": 100000,
  "ent_coef": 0.03112350959856585,
  "gamma": 0.9231709894247137,
  "learning_rate": 1.5187318165140297e-05,
  "tau": 0.0685899567732531
}