{
  "batch_size": 64,
  "dropout_rate": 0.4750245357529653,
  "ff_dim": 128,
  "l2_reg": 0.00018513137099681695,
  "learning_rate": 1.6109542657532633e-05,
  "lookback": 30,
  "num_heads": 2,
  "num_layers": 2,
  "sequence_length": 30
}