{
  "batch_size": 32,
  "dropout_rate": 0.16827607248223547,
  "ff_dim": 512,
  "l2_reg": 0.0008360809809983842,
  "learning_rate": 5.311267453843295e-05,
  "num_heads": 4,
  "num_layers": 3
}