{
  "batch_size": 32,
  "dropout_rate": 0.36688546915873355,
  "ff_dim": 512,
  "l2_reg": 1.778403589869373e-05,
  "learning_rate": 4.519586830910274e-06,
  "num_heads": 8,
  "num_layers": 3
}