{
  "observation_covariance": 0.6979727307447684,
  "transition_covariance": 0.0033109483450535584
}
