{
  "batch_size": 32,
  "dropout_rate": 0.1996245557480845,
  "ff_dim": 512,
  "l2_reg": 0.00022277105906606844,
  "learning_rate": 1.8455765752519434e-06,
  "lookback": 30,
  "num_heads": 2,
  "num_layers": 1,
  "sequence_length": 30
}