{
  "batch_size": 64,
  "dropout_rate": 0.2903067566435763,
  "ff_dim": 128,
  "l2_reg": 0.0004115299285818821,
  "learning_rate": 0.0005073266940075993,
  "lookback": 90,
  "num_heads": 4,
  "num_layers": 3,
  "sequence_length": 30
}