{
  "batch_size": 16,
  "dropout_rate": 0.2964208819832854,
  "ff_dim": 256,
  "l2_reg": 4.6061310455112706e-05,
  "learning_rate": 1.3984132474909243e-06,
  "num_heads": 2,
  "num_layers": 4
}