{
  "batch_size": 64,
  "dropout_rate": 0.3916442834022497,
  "ff_dim": 256,
  "l2_reg": 0.00010039762370715071,
  "learning_rate": 1.0084268856547738e-05,
  "lookback": 30,
  "num_heads": 2,
  "num_layers": 2,
  "sequence_length": 30
}