{
  "batch_size": 16,
  "dropout_rate": 0.4712459178038625,
  "ff_dim": 256,
  "l2_reg": 3.6069435347846155e-05,
  "learning_rate": 5.2345858477849024e-05,
  "num_heads": 8,
  "num_layers": 2
}