{
  "batch_size": 32,
  "dropout_rate": 0.42906357836644293,
  "ff_dim": 256,
  "l2_reg": 0.0011315739626401862,
  "learning_rate": 1.835401705877692e-05,
  "num_heads": 4,
  "num_layers": 3
}