{
  "batch_size": 32,
  "dropout_rate": 0.12572024451256866,
  "ff_dim": 256,
  "l2_reg": 0.0006178664497380231,
  "learning_rate": 1.966739906950005e-05,
  "num_heads": 8,
  "num_layers": 2
}