{
  "batch_size": 32,
  "dropout_rate": 0.203334213150515,
  "ff_dim": 512,
  "l2_reg": 0.0002139504412486369,
  "learning_rate": 1.9129550396716897e-06,
  "lookback": 30,
  "num_heads": 2,
  "num_layers": 1,
  "sequence_length": 30
}