{
  "batch_size": 16,
  "dropout_rate": 0.44474424413576785,
  "ff_dim": 256,
  "l2_reg": 4.521981535350266e-06,
  "learning_rate": 5.832672080736421e-06,
  "num_heads": 4,
  "num_layers": 2
}