{
  "batch_size": 512,
  "buffer_size": 50000,
  "ent_coef": 0.0014918482953568079,
  "gamma": 0.9445892354547031,
  "learning_rate": 2.6263100724457918e-05,
  "tau": 0.07387347236846761
}