{
  "batch_size": 512,
  "buffer_size": 100000,
  "ent_coef": 0.0035575646389501125,
  "gamma": 0.9951167659934927,
  "learning_rate": 0.0007407129115573494,
  "tau": 0.05465171771327407
}