{
  "batch_size": 128,
  "dropout_rate": 0.1982192285468609,
  "ff_dim": 256,
  "l2_reg": 6.669232821662583e-05,
  "learning_rate": 1.539552089622314e-05,
  "lookback": 30,
  "num_heads": 2,
  "num_layers": 3,
  "sequence_length": 30
}