{
  "batch_size": 64,
  "dropout_rate": 0.4576000815511606,
  "ff_dim": 128,
  "l2_reg": 1.1158302704877039e-05,
  "learning_rate": 2.6417591915812363e-05,
  "num_heads": 2,
  "num_layers": 2
}