{
  "batch_size": 64,
  "dropout_rate": 0.45174148348874865,
  "ff_dim": 512,
  "l2_reg": 2.1126843959615814e-06,
  "learning_rate": 0.0003898112865776585,
  "num_heads": 8,
  "num_layers": 3
}