{
  "batch_size": 64,
  "buffer_size": 10000,
  "ent_coef": 0.023775743228402837,
  "gamma": 0.9502445742945105,
  "learning_rate": 0.00013154115880129166,
  "tau": 0.059955314564980294
}