{
  "batch_size": 256,
  "buffer_size": 100000,
  "ent_coef": 0.005884270532232247,
  "gamma": 0.9483220565188775,
  "learning_rate": 0.0009175262032870378,
  "tau": 0.03893494308409523
}