{
  "batch_size": 32,
  "dropout_rate": 0.48363508270073796,
  "ff_dim": 128,
  "l2_reg": 0.00011830854905145425,
  "learning_rate": 6.577024907126412e-06,
  "num_heads": 4,
  "num_layers": 4
}