{
  "batch_size": 128,
  "dropout_rate": 0.4634608132007478,
  "ff_dim": 256,
  "l2_reg": 1.5253831142121352e-05,
  "learning_rate": 1.1473229032825774e-05,
  "lookback": 30,
  "num_heads": 2,
  "num_layers": 2,
  "sequence_length": 30
}