{
  "batch_size": 32,
  "dropout_rate": 0.19644610453951075,
  "ff_dim": 512,
  "l2_reg": 0.00029560624572535935,
  "learning_rate": 1.6559774426867138e-06,
  "lookback": 30,
  "num_heads": 2,
  "num_layers": 1,
  "sequence_length": 30
}