{
  "batch_size": 64,
  "dropout_rate": 0.4179885542206391,
  "ff_dim": 256,
  "l2_reg": 0.0009279831098443315,
  "learning_rate": 9.903823997657105e-05,
  "num_heads": 4,
  "num_layers": 3
}