{
  "batch_size": 32,
  "dropout_rate": 0.20852428922572064,
  "ff_dim": 512,
  "l2_reg": 0.0002732354868579648,
  "learning_rate": 1.3041760270349913e-06,
  "lookback": 30,
  "num_heads": 2,
  "num_layers": 1,
  "sequence_length": 30
}