{
  "batch_size": 32,
  "dropout_rate": 0.20702667028023028,
  "ff_dim": 512,
  "l2_reg": 0.00020655340740402382,
  "learning_rate": 1.2482747954052453e-06,
  "lookback": 30,
  "num_heads": 2,
  "num_layers": 1,
  "sequence_length": 30
}