{
  "batch_size": 64,
  "dropout_rate": 0.36094706803129384,
  "ff_dim": 256,
  "l2_reg": 0.0002969021931220937,
  "learning_rate": 1.2954527576892607e-05,
  "lookback": 30,
  "num_heads": 2,
  "num_layers": 2,
  "sequence_length": 30
}