{
  "observation_covariance": 0.04015066079904189,
  "transition_covariance": 0.01428935309212229
}