{
  "batch_size": 128,
  "dropout_rate": 0.21013611526171433,
  "ff_dim": 256,
  "l2_reg": 0.00034373174327726743,
  "learning_rate": 1.3855204876411559e-06,
  "lookback": 30,
  "num_heads": 8,
  "num_layers": 2,
  "sequence_length": 30
}