{
  "batch_size": 256,
  "buffer_size": 100000,
  "ent_coef": 0.0408286111539376,
  "gamma": 0.9767990480654297,
  "learning_rate": 1.401861666884498e-05,
  "tau": 0.019831155225758
}