{
  "batch_size": 64,
  "dropout_rate": 0.3733575704002483,
  "ff_dim": 256,
  "l2_reg": 0.00026590986494639027,
  "learning_rate": 9.756503147159796e-06,
  "lookback": 30,
  "num_heads": 2,
  "num_layers": 2,
  "sequence_length": 30
}