{
  "batch_size": 256,
  "buffer_size": 100000,
  "ent_coef": 0.053252685525696467,
  "gamma": 0.9115186642975149,
  "learning_rate": 0.0002650760180325526,
  "tau": 0.016013400685500175
}