{
  "batch_size": 32,
  "dropout_rate": 0.10001189222971656,
  "ff_dim": 512,
  "l2_reg": 0.0008887576719921803,
  "learning_rate": 1.8263538225589852e-06,
  "lookback": 30,
  "num_heads": 2,
  "num_layers": 1,
  "sequence_length": 30
}