{
  "batch_size": 64,
  "dropout_rate": 0.37406544758684995,
  "ff_dim": 256,
  "l2_reg": 0.00035711547847462545,
  "learning_rate": 1.9539363465120116e-05,
  "lookback": 30,
  "num_heads": 2,
  "num_layers": 2,
  "sequence_length": 30
}