{
  "batch_size": 16,
  "dropout_rate": 0.2546677396254967,
  "ff_dim": 512,
  "l2_reg": 1.2165269067784662e-05,
  "learning_rate": 3.1701129394045365e-05,
  "num_heads": 2,
  "num_layers": 3
}