{
  "batch_size": 16,
  "dropout_rate": 0.49378283824829283,
  "ff_dim": 512,
  "l2_reg": 0.002006841689940838,
  "learning_rate": 0.0005381631494786646,
  "num_heads": 2,
  "num_layers": 3
}