{
  "batch_size": 128,
  "buffer_size": 50000,
  "ent_coef": 0.001611238606506034,
  "gamma": 0.9070698855335476,
  "learning_rate": 0.0006681017811649994,
  "tau": 0.08275501750404395
}