{
  "batch_size": 32,
  "dropout_rate": 0.15582139505666182,
  "ff_dim": 512,
  "l2_reg": 0.0009001171303736425,
  "learning_rate": 3.5009615458656e-06,
  "lookback": 30,
  "num_heads": 2,
  "num_layers": 1,
  "sequence_length": 30
}