{
  "batch_size": 32,
  "dropout_rate": 0.20863822684784433,
  "ff_dim": 512,
  "l2_reg": 0.00024063459651403545,
  "learning_rate": 1.165729155859409e-06,
  "lookback": 30,
  "num_heads": 2,
  "num_layers": 1,
  "sequence_length": 30
}