{
  "batch_size": 16,
  "dropout_rate": 0.47020972903213143,
  "ff_dim": 512,
  "l2_reg": 0.00029384007991375234,
  "learning_rate": 4.938007873560298e-05,
  "lookback": 30,
  "num_heads": 2,
  "num_layers": 3,
  "sequence_length": 30
}