{
  "batch_size": 64,
  "dropout_rate": 0.40693734535008563,
  "ff_dim": 512,
  "l2_reg": 1.6184455607364203e-06,
  "learning_rate": 1.0310190021977635e-05,
  "lookback": 30,
  "num_heads": 4,
  "num_layers": 2,
  "sequence_length": 30
}