{
  "batch_size": 32,
  "dropout_rate": 0.1956861086018319,
  "ff_dim": 512,
  "l2_reg": 0.00021305661224345243,
  "learning_rate": 1.5732121934368777e-06,
  "lookback": 30,
  "num_heads": 2,
  "num_layers": 1,
  "sequence_length": 30
}