{
  "batch_size": 256,
  "buffer_size": 10000,
  "ent_coef": 0.0017253993686835883,
  "gamma": 0.9769140781899102,
  "learning_rate": 0.00035763039711089636,
  "tau": 0.026795653807801113
}