{
  "batch_size": 32,
  "dropout_rate": 0.20185670662631847,
  "ff_dim": 512,
  "l2_reg": 0.00027880551243771913,
  "learning_rate": 1.7211288604190179e-06,
  "lookback": 30,
  "num_heads": 2,
  "num_layers": 1,
  "sequence_length": 30
}