{
  "batch_size": 512,
  "buffer_size": 10000,
  "ent_coef": 0.020855011111770735,
  "gamma": 0.9308752243694247,
  "learning_rate": 0.0006265343936274437,
  "tau": 0.047804824394712196
}