{
  "batch_size": 16,
  "dropout_rate": 0.37742683455175563,
  "ff_dim": 128,
  "l2_reg": 1.0563257610325128e-06,
  "learning_rate": 3.1081799410678106e-06,
  "num_heads": 8,
  "num_layers": 4
}