{
  "batch_size": 32,
  "dropout_rate": 0.13576018886164812,
  "ff_dim": 128,
  "l2_reg": 0.0001811286489732451,
  "learning_rate": 3.93191401471626e-05,
  "num_heads": 4,
  "num_layers": 3
}