{
  "batch_size": 32,
  "dropout_rate": 0.20379154809016642,
  "ff_dim": 512,
  "l2_reg": 0.0002864600139543539,
  "learning_rate": 1.5967360456228569e-06,
  "lookback": 30,
  "num_heads": 2,
  "num_layers": 1,
  "sequence_length": 30
}