{
  "batch_size": 256,
  "buffer_size": 100000,
  "ent_coef": 0.006657531453755091,
  "gamma": 0.9300442351641802,
  "learning_rate": 0.00011691121007513403,
  "tau": 0.08950791288717301
}