{
  "batch_size": 16,
  "dropout_rate": 0.1989043427494115,
  "ff_dim": 256,
  "l2_reg": 6.321537177325396e-05,
  "learning_rate": 7.917231161111836e-05,
  "num_heads": 4,
  "num_layers": 3
}