{
  "batch_size": 256,
  "buffer_size": 10000,
  "ent_coef": 0.00130894344425542,
  "gamma": 0.9668146184663501,
  "learning_rate": 1.0970771862370257e-05,
  "tau": 0.03656486983528541
}