{
  "batch_size": 32,
  "dropout_rate": 0.1746737419475473,
  "ff_dim": 128,
  "l2_reg": 0.0004292315139722855,
  "learning_rate": 4.07440627480432e-05,
  "num_heads": 8,
  "num_layers": 2
}