{
  "batch_size": 64,
  "dropout_rate": 0.44445662030103095,
  "ff_dim": 128,
  "l2_reg": 0.0005404507717267637,
  "learning_rate": 8.719342997689648e-05,
  "num_heads": 8,
  "num_layers": 3
}