{
  "batch_size": 32,
  "dropout_rate": 0.20345974128846303,
  "ff_dim": 512,
  "l2_reg": 0.0002465024175867693,
  "learning_rate": 1.267716892780062e-06,
  "lookback": 30,
  "num_heads": 2,
  "num_layers": 1,
  "sequence_length": 30
}