{
  "batch_size": 32,
  "dropout_rate": 0.19736409444865846,
  "ff_dim": 512,
  "l2_reg": 0.00027774168449960914,
  "learning_rate": 1.6775429330941486e-06,
  "lookback": 30,
  "num_heads": 2,
  "num_layers": 1,
  "sequence_length": 30
}