{
  "batch_size": 64,
  "dropout_rate": 0.3483896937677924,
  "ff_dim": 256,
  "l2_reg": 4.996872646420526e-05,
  "learning_rate": 0.00012109336562372609,
  "num_heads": 4,
  "num_layers": 4
}