{
  "batch_size": 32,
  "dropout_rate": 0.1064621046059568,
  "ff_dim": 512,
  "l2_reg": 0.00022165681739617435,
  "learning_rate": 1.0079271124048398e-06,
  "lookback": 30,
  "num_heads": 2,
  "num_layers": 1,
  "sequence_length": 30
}