{
  "batch_size": 32,
  "dropout_rate": 0.11142394984816018,
  "ff_dim": 512,
  "l2_reg": 0.0001254100897730945,
  "learning_rate": 0.000761939382546513,
  "num_heads": 8,
  "num_layers": 2
}