{
  "batch_size": 64,
  "dropout_rate": 0.35959591845820826,
  "ff_dim": 256,
  "l2_reg": 0.00023545930686339422,
  "learning_rate": 1.1078363540893865e-05,
  "lookback": 30,
  "num_heads": 2,
  "num_layers": 2,
  "sequence_length": 30
}