{
  "batch_size": 64,
  "buffer_size": 50000,
  "ent_coef": 0.03757569353471773,
  "gamma": 0.9624925070199386,
  "learning_rate": 9.05214947777179e-05,
  "tau": 0.024380059756320818
}