{
  "batch_size": 32,
  "dropout_rate": 0.20765719955759393,
  "ff_dim": 512,
  "l2_reg": 0.00022189858553475466,
  "learning_rate": 1.1552362354365657e-06,
  "lookback": 30,
  "num_heads": 2,
  "num_layers": 1,
  "sequence_length": 30
}