{
  "batch_size": 64,
  "dropout_rate": 0.4699477143089289,
  "ff_dim": 256,
  "l2_reg": 0.00022134677786757052,
  "learning_rate": 7.16638379908043e-06,
  "lookback": 30,
  "num_heads": 2,
  "num_layers": 2,
  "sequence_length": 30
}