{
  "batch_size": 256,
  "buffer_size": 50000,
  "ent_coef": 0.02855655142575933,
  "gamma": 0.9634862240109414,
  "learning_rate": 0.0003168363989808333,
  "tau": 0.009267556726672486
}