{
  "batch_size": 64,
  "dropout_rate": 0.49046623087620855,
  "ff_dim": 512,
  "l2_reg": 3.383555024275772e-06,
  "learning_rate": 0.00015593626687612604,
  "num_heads": 4,
  "num_layers": 4
}