{
  "batch_size": 32,
  "dropout_rate": 0.10567981450992471,
  "ff_dim": 512,
  "l2_reg": 0.0005184177462781208,
  "learning_rate": 4.349663821440442e-06,
  "lookback": 30,
  "num_heads": 2,
  "num_layers": 1,
  "sequence_length": 30
}