{
  "batch_size": 16,
  "dropout_rate": 0.27456282187058734,
  "ff_dim": 512,
  "l2_reg": 4.505815408887311e-06,
  "learning_rate": 0.00029334289029406583,
  "num_heads": 4,
  "num_layers": 4
}