{
  "batch_size": 32,
  "dropout_rate": 0.4552785578289923,
  "ff_dim": 512,
  "l2_reg": 0.008892584915347003,
  "learning_rate": 1.1925045269676762e-05,
  "num_heads": 2,
  "num_layers": 3
}