{
  "batch_size": 256,
  "buffer_size": 10000,
  "ent_coef": 0.08538830717289213,
  "gamma": 0.9228147506544129,
  "learning_rate": 0.00028099214395475473,
  "tau": 0.017816684596604366
}