{
  "batch_size": 64,
  "buffer_size": 10000,
  "ent_coef": 0.08707311951501599,
  "gamma": 0.9331242993824711,
  "learning_rate": 0.0008200184671175401,
  "tau": 0.013535106802243815
}