{
  "batch_size": 256,
  "buffer_size": 50000,
  "ent_coef": 0.017023529855772365,
  "gamma": 0.9660800285069433,
  "learning_rate": 7.134262065910658e-05,
  "tau": 0.03858640059351968
}