{
  "batch_size": 16,
  "dropout_rate": 0.2701765573158135,
  "ff_dim": 128,
  "l2_reg": 0.0009822173644990194,
  "learning_rate": 8.775136492994293e-05,
  "lookback": 30,
  "num_heads": 2,
  "num_layers": 2,
  "sequence_length": 30
}