{
  "batch_size": 128,
  "buffer_size": 10000,
  "ent_coef": 0.01989499304974788,
  "gamma": 0.9868272831478102,
  "learning_rate": 0.00012279146367978207,
  "tau": 0.09839764358193134
}