{
  "batch_size": 64,
  "dropout_rate": 0.373696181571924,
  "ff_dim": 256,
  "l2_reg": 0.00012217341103424182,
  "learning_rate": 1.2034260429190076e-05,
  "lookback": 30,
  "num_heads": 2,
  "num_layers": 2,
  "sequence_length": 30
}