{
  "batch_size": 32,
  "dropout_rate": 0.20606309552006447,
  "ff_dim": 512,
  "l2_reg": 0.0002573879902351521,
  "learning_rate": 1.207725563888964e-06,
  "lookback": 30,
  "num_heads": 2,
  "num_layers": 1,
  "sequence_length": 30
}