{
  "batch_size": 16,
  "dropout_rate": 0.29594705746241756,
  "ff_dim": 512,
  "l2_reg": 0.00010089412160954382,
  "learning_rate": 8.997175167308147e-05,
  "lookback": 30,
  "num_heads": 2,
  "num_layers": 4,
  "sequence_length": 30
}