{
  "batch_size": 64,
  "buffer_size": 10000,
  "ent_coef": 0.03178013188706306,
  "gamma": 0.9211565732250884,
  "learning_rate": 4.512568078241759e-05,
  "tau": 0.06560246689364445
}