{
  "batch_size": 128,
  "buffer_size": 50000,
  "ent_coef": 0.018365398085828596,
  "gamma": 0.958491895498784,
  "learning_rate": 6.210806401631628e-05,
  "tau": 0.0738913041832266
}