{
  "batch_size": 64,
  "dropout_rate": 0.49517947795851003,
  "ff_dim": 128,
  "l2_reg": 2.669704895012887e-05,
  "learning_rate": 0.0002539377317945898,
  "num_heads": 2,
  "num_layers": 3
}