{
  "batch_size": 256,
  "buffer_size": 10000,
  "ent_coef": 0.0872781971239324,
  "gamma": 0.9911778816985408,
  "learning_rate": 0.00037115067088235704,
  "tau": 0.07489288107780011
}