{
  "batch_size": 64,
  "dropout_rate": 0.2268043184197573,
  "ff_dim": 256,
  "l2_reg": 8.371823148874448e-06,
  "learning_rate": 2.346469040687025e-05,
  "num_heads": 2,
  "num_layers": 4
}