{
  "batch_size": 64,
  "dropout_rate": 0.3519400145025276,
  "ff_dim": 256,
  "l2_reg": 0.0001235492611326098,
  "learning_rate": 1.3164970652081031e-05,
  "lookback": 30,
  "num_heads": 2,
  "num_layers": 2,
  "sequence_length": 30
}