{
  "batch_size": 32,
  "dropout_rate": 0.19933991460937284,
  "ff_dim": 512,
  "l2_reg": 0.00021782778997302658,
  "learning_rate": 1.163166822384099e-06,
  "lookback": 30,
  "num_heads": 2,
  "num_layers": 1,
  "sequence_length": 30
}