{
  "batch_size": 512,
  "buffer_size": 50000,
  "ent_coef": 0.055008009571191945,
  "gamma": 0.9594257574415934,
  "learning_rate": 3.335465515695542e-05,
  "tau": 0.031845168951438865
}