{
  "batch_size": 16,
  "dropout_rate": 0.1972110237324325,
  "ff_dim": 512,
  "l2_reg": 0.0002702205304828994,
  "learning_rate": 0.0009370607496336784,
  "num_heads": 8,
  "num_layers": 2
}