{
  "batch_size": 32,
  "dropout_rate": 0.14411361512691545,
  "ff_dim": 512,
  "l2_reg": 0.0007521649193988266,
  "learning_rate": 4.139980015223804e-06,
  "lookback": 30,
  "num_heads": 2,
  "num_layers": 1,
  "sequence_length": 30
}