{
  "batch_size": 32,
  "dropout_rate": 0.19607524071656546,
  "ff_dim": 512,
  "l2_reg": 0.0003362654334062602,
  "learning_rate": 1.5002182803032768e-06,
  "lookback": 30,
  "num_heads": 2,
  "num_layers": 1,
  "sequence_length": 30
}