{
  "batch_size": 64,
  "dropout_rate": 0.37275336710216544,
  "ff_dim": 512,
  "l2_reg": 0.0009629357877561599,
  "learning_rate": 2.7837034284518564e-05,
  "num_heads": 4,
  "num_layers": 3
}