{
  "batch_size": 64,
  "dropout_rate": 0.38998784305699524,
  "ff_dim": 256,
  "l2_reg": 0.00021177950226743415,
  "learning_rate": 9.429586814695557e-06,
  "lookback": 30,
  "num_heads": 2,
  "num_layers": 2,
  "sequence_length": 30
}