{
  "batch_size": 16,
  "dropout_rate": 0.1966470753838749,
  "ff_dim": 512,
  "l2_reg": 0.00023635704788360954,
  "learning_rate": 0.00019908539220537936,
  "num_heads": 2,
  "num_layers": 3
}