{
  "batch_size": 32,
  "dropout_rate": 0.20335188776055002,
  "ff_dim": 512,
  "l2_reg": 0.0002779566631974875,
  "learning_rate": 1.7622273481087657e-06,
  "lookback": 30,
  "num_heads": 2,
  "num_layers": 1,
  "sequence_length": 30
}