{
  "batch_size": 16,
  "dropout_rate": 0.47007444080517036,
  "ff_dim": 128,
  "l2_reg": 0.0002854856108085453,
  "learning_rate": 0.00021189601523267652,
  "num_heads": 8,
  "num_layers": 2
}