{
  "batch_size": 512,
  "buffer_size": 10000,
  "ent_coef": 0.0065656644870928866,
  "gamma": 0.9121299451435544,
  "learning_rate": 3.3349156260094066e-05,
  "tau": 0.07072348560972877
}