{
  "batch_size": 32,
  "dropout_rate": 0.31728808973877565,
  "ff_dim": 256,
  "l2_reg": 0.008569407819181819,
  "learning_rate": 1.620500240424934e-05,
  "num_heads": 2,
  "num_layers": 2
}