{
  "batch_size": 256,
  "buffer_size": 50000,
  "ent_coef": 0.003830461883559596,
  "gamma": 0.9215998615941349,
  "learning_rate": 0.0003561803789049485,
  "tau": 0.05354641082156293
}