{
  "batch_size": 32,
  "dropout_rate": 0.3524303992066816,
  "ff_dim": 128,
  "l2_reg": 0.0004145841425109971,
  "learning_rate": 3.2008233114755826e-06,
  "num_heads": 8,
  "num_layers": 4
}