{
  "batch_size": 64,
  "dropout_rate": 0.3918922135639987,
  "ff_dim": 256,
  "l2_reg": 0.00032509144006159037,
  "learning_rate": 1.856587673677447e-05,
  "lookback": 30,
  "num_heads": 2,
  "num_layers": 2,
  "sequence_length": 30
}