{
  "batch_size": 64,
  "dropout_rate": 0.41330598895513637,
  "ff_dim": 256,
  "l2_reg": 0.0006381725509982298,
  "learning_rate": 1.024102349255323e-05,
  "lookback": 30,
  "num_heads": 2,
  "num_layers": 2,
  "sequence_length": 30
}