{
  "batch_size": 32,
  "dropout_rate": 0.1366205779593305,
  "ff_dim": 256,
  "l2_reg": 0.0009124045079952953,
  "learning_rate": 1.9816080989549788e-05,
  "num_heads": 8,
  "num_layers": 3
}