{
  "batch_size": 64,
  "dropout_rate": 0.41007582034022383,
  "ff_dim": 256,
  "l2_reg": 0.00012185170249337934,
  "learning_rate": 1.2812471959453144e-05,
  "lookback": 30,
  "num_heads": 2,
  "num_layers": 2,
  "sequence_length": 30
}