{
  "batch_size": 64,
  "dropout_rate": 0.487754056979284,
  "ff_dim": 256,
  "l2_reg": 0.00022995452079802421,
  "learning_rate": 1.8980271601088517e-06,
  "lookback": 30,
  "num_heads": 2,
  "num_layers": 2,
  "sequence_length": 30
}