{
  "batch_size": 32,
  "dropout_rate": 0.1961344639265802,
  "ff_dim": 512,
  "l2_reg": 0.00020311437347410595,
  "learning_rate": 1.5600784404910153e-06,
  "lookback": 30,
  "num_heads": 2,
  "num_layers": 1,
  "sequence_length": 30
}