{
  "batch_size": 32,
  "dropout_rate": 0.1940708449238235,
  "ff_dim": 512,
  "l2_reg": 0.00021049256048633852,
  "learning_rate": 2.5617079467158896e-06,
  "lookback": 30,
  "num_heads": 2,
  "num_layers": 1,
  "sequence_length": 30
}