{
  "batch_size": 64,
  "dropout_rate": 0.4037035314070775,
  "ff_dim": 128,
  "l2_reg": 3.818168548586673e-05,
  "learning_rate": 8.46346652008078e-05,
  "num_heads": 4,
  "num_layers": 2
}