{
  "batch_size": 32,
  "dropout_rate": 0.15847794989064512,
  "ff_dim": 256,
  "l2_reg": 9.945323941001331e-05,
  "learning_rate": 0.00018593683451011256,
  "num_heads": 2,
  "num_layers": 3
}