{
  "batch_size": 64,
  "dropout_rate": 0.4722757181073651,
  "ff_dim": 256,
  "l2_reg": 0.0002656934766734125,
  "learning_rate": 1.0008849497277421e-05,
  "lookback": 30,
  "num_heads": 2,
  "num_layers": 2,
  "sequence_length": 30
}