{
  "batch_size": 32,
  "dropout_rate": 0.28374433380029895,
  "ff_dim": 128,
  "l2_reg": 0.0008843801645343669,
  "learning_rate": 8.651463837481231e-05,
  "num_heads": 8,
  "num_layers": 3
}