{
  "batch_size": 32,
  "dropout_rate": 0.20256489318473586,
  "ff_dim": 512,
  "l2_reg": 0.0002594668820655924,
  "learning_rate": 1.6026689593430738e-06,
  "lookback": 30,
  "num_heads": 2,
  "num_layers": 1,
  "sequence_length": 30
}