{
  "batch_size": 16,
  "dropout_rate": 0.3864651911580589,
  "ff_dim": 512,
  "l2_reg": 1.4111690581491324e-06,
  "learning_rate": 3.022741140828815e-05,
  "num_heads": 4,
  "num_layers": 3
}