{
  "batch_size": 64,
  "dropout_rate": 0.14849371181628476,
  "ff_dim": 512,
  "l2_reg": 0.007268207481066876,
  "learning_rate": 2.4982984641121495e-05,
  "num_heads": 2,
  "num_layers": 2
}