{
  "batch_size": 64,
  "dropout_rate": 0.3654896264580023,
  "ff_dim": 256,
  "l2_reg": 0.00010194393626441101,
  "learning_rate": 1.405482544855506e-05,
  "lookback": 30,
  "num_heads": 2,
  "num_layers": 2,
  "sequence_length": 30
}