{
  "batch_size": 128,
  "dropout_rate": 0.13092954603129417,
  "ff_dim": 512,
  "l2_reg": 7.192840406408416e-05,
  "learning_rate": 0.0002623415278233407,
  "lookback": 30,
  "num_heads": 2,
  "num_layers": 1,
  "sequence_length": 90
}