{
  "batch_size": 64,
  "dropout_rate": 0.40045733789076604,
  "ff_dim": 256,
  "l2_reg": 0.00015434125202256428,
  "learning_rate": 1.4279447980415635e-05,
  "lookback": 30,
  "num_heads": 2,
  "num_layers": 2,
  "sequence_length": 30
}