{
  "batch_size": 256,
  "buffer_size": 50000,
  "ent_coef": 0.007153953587419912,
  "gamma": 0.926738618236605,
  "learning_rate": 0.00026675607223477837,
  "tau": 0.03421743861213396
}