{
  "batch_size": 32,
  "dropout_rate": 0.3948454421370028,
  "ff_dim": 256,
  "l2_reg": 3.68061828077564e-05,
  "learning_rate": 2.25885603819868e-06,
  "lookback": 30,
  "num_heads": 4,
  "num_layers": 1,
  "sequence_length": 30
}