{
  "batch_size": 32,
  "dropout_rate": 0.16213733287321216,
  "ff_dim": 512,
  "l2_reg": 0.00024398119369647972,
  "learning_rate": 1.2297995912021232e-06,
  "lookback": 30,
  "num_heads": 2,
  "num_layers": 1,
  "sequence_length": 30
}