{
  "observation_covariance": 0.8125045310176083,
  "transition_covariance": 0.004215106892801403
}
