{
  "batch_size": 32,
  "dropout_rate": 0.1951899792638054,
  "ff_dim": 512,
  "l2_reg": 0.00027972679153629587,
  "learning_rate": 1.1372282382376965e-06,
  "lookback": 30,
  "num_heads": 2,
  "num_layers": 1,
  "sequence_length": 30
}