{
  "batch_size": 32,
  "dropout_rate": 0.1925971823600635,
  "ff_dim": 512,
  "l2_reg": 0.0002665208726344627,
  "learning_rate": 1.4742625147855949e-06,
  "lookback": 30,
  "num_heads": 2,
  "num_layers": 1,
  "sequence_length": 30
}