{
  "batch_size": 512,
  "buffer_size": 10000,
  "ent_coef": 0.001271032345480044,
  "gamma": 0.9424518997029279,
  "learning_rate": 0.0009175681903987343,
  "tau": 0.07739847190277864
}