{
  "batch_size": 16,
  "dropout_rate": 0.21867144170121866,
  "ff_dim": 256,
  "l2_reg": 4.62619619163615e-06,
  "learning_rate": 1.2137384833185822e-05,
  "num_heads": 4,
  "num_layers": 2
}