{
  "batch_size": 32,
  "dropout_rate": 0.20785636603659932,
  "ff_dim": 512,
  "l2_reg": 0.00021541742108968054,
  "learning_rate": 1.3814844209646787e-06,
  "lookback": 30,
  "num_heads": 2,
  "num_layers": 1,
  "sequence_length": 30
}