{
  "batch_size": 32,
  "dropout_rate": 0.1992357066203536,
  "ff_dim": 512,
  "l2_reg": 0.00026023177637669333,
  "learning_rate": 1.6276822525063077e-06,
  "lookback": 30,
  "num_heads": 2,
  "num_layers": 1,
  "sequence_length": 30
}