{
  "batch_size": 16,
  "dropout_rate": 0.13876765880596637,
  "ff_dim": 256,
  "l2_reg": 0.0006219331308850299,
  "learning_rate": 0.0005337510230661078,
  "num_heads": 8,
  "num_layers": 4
}