{
  "batch_size": 32,
  "dropout_rate": 0.19121815454194224,
  "ff_dim": 512,
  "l2_reg": 0.00022018281210436807,
  "learning_rate": 1.955290463790065e-06,
  "lookback": 30,
  "num_heads": 2,
  "num_layers": 1,
  "sequence_length": 30
}