{
  "batch_size": 32,
  "dropout_rate": 0.1486109975950057,
  "ff_dim": 512,
  "l2_reg": 0.0001883358742182278,
  "learning_rate": 4.533978467111253e-06,
  "lookback": 30,
  "num_heads": 2,
  "num_layers": 1,
  "sequence_length": 30
}