{
  "batch_size": 64,
  "dropout_rate": 0.38433329327845445,
  "ff_dim": 512,
  "l2_reg": 2.9885444747708237e-06,
  "learning_rate": 2.255258906332968e-06,
  "num_heads": 8,
  "num_layers": 2
}