{
  "batch_size": 128,
  "buffer_size": 100000,
  "ent_coef": 0.05403187381414788,
  "gamma": 0.9122945707582223,
  "learning_rate": 0.00048297719353232633,
  "tau": 0.09516988738057823
}