{
  "batch_size": 64,
  "dropout_rate": 0.12292593645156243,
  "ff_dim": 512,
  "l2_reg": 1.3031343606959475e-06,
  "learning_rate": 8.077947515341388e-05,
  "lookback": 30,
  "num_heads": 8,
  "num_layers": 4,
  "sequence_length": 30
}