{
  "batch_size": 32,
  "dropout_rate": 0.19402978085863185,
  "ff_dim": 512,
  "l2_reg": 0.00023017161714053466,
  "learning_rate": 1.487861231497254e-06,
  "lookback": 30,
  "num_heads": 2,
  "num_layers": 1,
  "sequence_length": 30
}