{
  "batch_size": 32,
  "dropout_rate": 0.20670491614520045,
  "ff_dim": 512,
  "l2_reg": 0.00022171329977176469,
  "learning_rate": 1.7765386837895275e-06,
  "lookback": 30,
  "num_heads": 2,
  "num_layers": 1,
  "sequence_length": 30
}