{
  "batch_size": 64,
  "dropout_rate": 0.4048446904756072,
  "ff_dim": 256,
  "l2_reg": 0.0006954284485858501,
  "learning_rate": 1.872380002852087e-05,
  "lookback": 30,
  "num_heads": 2,
  "num_layers": 2,
  "sequence_length": 30
}