{
  "batch_size": 256,
  "buffer_size": 100000,
  "ent_coef": 0.0012993464923442243,
  "gamma": 0.9160373004240266,
  "learning_rate": 0.00010614705145967483,
  "tau": 0.0786168367691496
}