{
  "batch_size": 64,
  "dropout_rate": 0.47879166571825416,
  "ff_dim": 512,
  "l2_reg": 1.6277623951649483e-05,
  "learning_rate": 0.00037939334289721594,
  "lookback": 30,
  "num_heads": 4,
  "num_layers": 2,
  "sequence_length": 30
}