{
  "batch_size": 32,
  "dropout_rate": 0.19474692277232888,
  "ff_dim": 512,
  "l2_reg": 0.00022314383186505023,
  "learning_rate": 1.0838993076237665e-06,
  "lookback": 30,
  "num_heads": 2,
  "num_layers": 1,
  "sequence_length": 30
}