{
  "batch_size": 32,
  "dropout_rate": 0.2093991812461518,
  "ff_dim": 512,
  "l2_reg": 0.0002883161746766353,
  "learning_rate": 1.9401937237745945e-06,
  "lookback": 30,
  "num_heads": 2,
  "num_layers": 1,
  "sequence_length": 30
}