{
  "batch_size": 64,
  "dropout_rate": 0.37678359556710017,
  "ff_dim": 256,
  "l2_reg": 0.00010616884006461458,
  "learning_rate": 1.4307155626970983e-05,
  "lookback": 30,
  "num_heads": 2,
  "num_layers": 2,
  "sequence_length": 30
}