{
  "batch_size": 128,
  "dropout_rate": 0.4360135299550086,
  "ff_dim": 256,
  "l2_reg": 4.2482532535507314e-05,
  "learning_rate": 1.400295846985091e-05,
  "lookback": 30,
  "num_heads": 2,
  "num_layers": 2,
  "sequence_length": 30
}