{
  "batch_size": 64,
  "dropout_rate": 0.4329814220527938,
  "ff_dim": 256,
  "l2_reg": 0.00021221355869569558,
  "learning_rate": 1.714807482068502e-05,
  "lookback": 30,
  "num_heads": 2,
  "num_layers": 2,
  "sequence_length": 30
}