{
  "batch_size": 64,
  "buffer_size": 10000,
  "ent_coef": 0.008041047871180845,
  "gamma": 0.9166386692732215,
  "learning_rate": 0.00013009373214552212,
  "tau": 0.09921901124388517
}