{
  "batch_size": 512,
  "buffer_size": 50000,
  "ent_coef": 0.001552716961188357,
  "gamma": 0.9582533043629863,
  "learning_rate": 2.0658644279460604e-05,
  "tau": 0.003010319031789399
}