{
  "batch_size": 16,
  "dropout_rate": 0.31660128354453854,
  "ff_dim": 512,
  "l2_reg": 0.00011415407597245933,
  "learning_rate": 1.5804538746740663e-05,
  "num_heads": 2,
  "num_layers": 4
}