{
  "batch_size": 32,
  "dropout_rate": 0.20918792162952346,
  "ff_dim": 512,
  "l2_reg": 0.00022605471825240387,
  "learning_rate": 1.0213216538002292e-06,
  "lookback": 30,
  "num_heads": 2,
  "num_layers": 1,
  "sequence_length": 30
}