{
  "observation_covariance": 0.04050186276267929,
  "transition_covariance": 0.0017343158510777289
}