{
  "batch_size": 64,
  "dropout_rate": 0.35459005455593073,
  "ff_dim": 256,
  "l2_reg": 0.00016105963597203224,
  "learning_rate": 8.233480391384752e-06,
  "lookback": 30,
  "num_heads": 2,
  "num_layers": 2,
  "sequence_length": 30
}