{
  "batch_size": 32,
  "dropout_rate": 0.19693822029599029,
  "ff_dim": 512,
  "l2_reg": 0.00041883458625023963,
  "learning_rate": 1.1172752784614546e-06,
  "lookback": 30,
  "num_heads": 2,
  "num_layers": 1,
  "sequence_length": 30
}