{
  "batch_size": 32,
  "dropout_rate": 0.49707576713040236,
  "ff_dim": 256,
  "l2_reg": 0.00081690688241484,
  "learning_rate": 0.0005305087450675712,
  "lookback": 30,
  "num_heads": 8,
  "num_layers": 3,
  "sequence_length": 30
}