{
  "batch_size": 128,
  "dropout_rate": 0.4296606140703358,
  "ff_dim": 128,
  "l2_reg": 1.649889147452955e-05,
  "learning_rate": 2.783765771404639e-05,
  "lookback": 30,
  "num_heads": 2,
  "num_layers": 2,
  "sequence_length": 30
}