{
  "batch_size": 16,
  "dropout_rate": 0.1876191451082978,
  "ff_dim": 512,
  "l2_reg": 0.0004980985736230827,
  "learning_rate": 4.9115707823523094e-05,
  "num_heads": 4,
  "num_layers": 2
}