{
  "batch_size": 32,
  "dropout_rate": 0.1990290086515209,
  "ff_dim": 512,
  "l2_reg": 0.00023257556354106738,
  "learning_rate": 1.5070904200755834e-06,
  "lookback": 30,
  "num_heads": 2,
  "num_layers": 1,
  "sequence_length": 30
}