{
  "batch_size": 32,
  "dropout_rate": 0.17440299934831943,
  "ff_dim": 512,
  "l2_reg": 0.00011635966390591023,
  "learning_rate": 6.439946230501651e-06,
  "lookback": 30,
  "num_heads": 2,
  "num_layers": 1,
  "sequence_length": 30
}