{
  "batch_size": 16,
  "dropout_rate": 0.47819148323865235,
  "ff_dim": 128,
  "l2_reg": 0.000563768376188061,
  "learning_rate": 4.904878605928425e-05,
  "num_heads": 8,
  "num_layers": 2
}