{
  "batch_size": 32,
  "dropout_rate": 0.4899932483705214,
  "ff_dim": 128,
  "l2_reg": 0.0003012661980620615,
  "learning_rate": 0.00019734247938841385,
  "num_heads": 4,
  "num_layers": 2
}