{
  "batch_size": 32,
  "dropout_rate": 0.19625738300399292,
  "ff_dim": 512,
  "l2_reg": 0.0004130473522336485,
  "learning_rate": 1.1545253468138675e-06,
  "lookback": 30,
  "num_heads": 2,
  "num_layers": 1,
  "sequence_length": 30
}