{
  "batch_size": 64,
  "dropout_rate": 0.1221355566498616,
  "ff_dim": 256,
  "l2_reg": 5.584758961714358e-06,
  "learning_rate": 0.0002315324241283227,
  "num_heads": 8,
  "num_layers": 3
}