{
  "batch_size": 64,
  "buffer_size": 100000,
  "ent_coef": 0.013093575473599472,
  "gamma": 0.9545701409420215,
  "learning_rate": 0.00014029286822421844,
  "tau": 0.09189858149390688
}