{
  "batch_size": 256,
  "buffer_size": 50000,
  "ent_coef": 0.00736252369113779,
  "gamma": 0.9281116285212976,
  "learning_rate": 4.50230159439011e-05,
  "tau": 0.030825834331057927
}