{
  "observation_covariance": 0.8653940742546968,
  "transition_covariance": 0.003697284463845447
}
