{
  "batch_size": 64,
  "dropout_rate": 0.442180450675026,
  "ff_dim": 512,
  "l2_reg": 1.3929371784444443e-06,
  "learning_rate": 2.779282204911453e-05,
  "num_heads": 8,
  "num_layers": 4
}