{
  "batch_size": 32,
  "dropout_rate": 0.19648793940718973,
  "ff_dim": 512,
  "l2_reg": 0.0002451444459266568,
  "learning_rate": 1.0744585903387113e-06,
  "lookback": 30,
  "num_heads": 2,
  "num_layers": 1,
  "sequence_length": 30
}