{
  "batch_size": 16,
  "dropout_rate": 0.1654903362406392,
  "ff_dim": 128,
  "l2_reg": 2.5139751999438032e-05,
  "learning_rate": 1.301061969651234e-05,
  "num_heads": 4,
  "num_layers": 2
}