{
  "batch_size": 32,
  "dropout_rate": 0.20302684300699175,
  "ff_dim": 512,
  "l2_reg": 0.0002668724070537299,
  "learning_rate": 1.0105334918270861e-06,
  "lookback": 30,
  "num_heads": 2,
  "num_layers": 1,
  "sequence_length": 30
}