{
  "batch_size": 32,
  "dropout_rate": 0.3342395448109572,
  "ff_dim": 512,
  "l2_reg": 0.0011463319385686258,
  "learning_rate": 0.00014862436539208788,
  "num_heads": 4,
  "num_layers": 2
}