{
  "batch_size": 64,
  "dropout_rate": 0.3077711910014278,
  "ff_dim": 512,
  "l2_reg": 7.052022456331262e-05,
  "learning_rate": 0.00013701692490824605,
  "num_heads": 8,
  "num_layers": 3
}