{
  "batch_size": 32,
  "dropout_rate": 0.38231658747454955,
  "ff_dim": 512,
  "l2_reg": 0.00019044734881841935,
  "learning_rate": 0.00031955831584914524,
  "num_heads": 2,
  "num_layers": 3
}