{
  "batch_size": 64,
  "buffer_size": 50000,
  "ent_coef": 0.01725882780150265,
  "gamma": 0.9574233944178503,
  "learning_rate": 0.00033135681816545703,
  "tau": 0.08152043159411537
}