{
  "batch_size": 64,
  "dropout_rate": 0.24912065654702584,
  "ff_dim": 512,
  "l2_reg": 0.00032080630957588113,
  "learning_rate": 4.999528172715238e-05,
  "num_heads": 8,
  "num_layers": 4
}