{
  "batch_size": 128,
  "buffer_size": 50000,
  "ent_coef": 0.019468906938960664,
  "gamma": 0.9582493698991498,
  "learning_rate": 2.0952002585906904e-05,
  "tau": 0.02043037222017649
}