{
  "batch_size": 64,
  "dropout_rate": 0.3372391210270306,
  "ff_dim": 512,
  "l2_reg": 0.0008750211989947987,
  "learning_rate": 2.991368157837184e-05,
  "num_heads": 4,
  "num_layers": 2
}