{
  "batch_size": 16,
  "dropout_rate": 0.4885170118903396,
  "ff_dim": 128,
  "l2_reg": 0.0001383349247744864,
  "learning_rate": 5.274164169496129e-05,
  "num_heads": 8,
  "num_layers": 2
}