{
  "batch_size": 128,
  "dropout_rate": 0.19716100087450938,
  "ff_dim": 256,
  "l2_reg": 2.3651726736853585e-05,
  "learning_rate": 1.8339442811225365e-05,
  "lookback": 30,
  "num_heads": 2,
  "num_layers": 3,
  "sequence_length": 30
}