{
  "batch_size": 64,
  "dropout_rate": 0.17728833925863868,
  "ff_dim": 256,
  "l2_reg": 0.00016103039295508375,
  "learning_rate": 1.144867223878122e-05,
  "num_heads": 4,
  "num_layers": 4
}