{
  "batch_size": 32,
  "dropout_rate": 0.44832771921575565,
  "ff_dim": 256,
  "l2_reg": 0.0001509040358815178,
  "learning_rate": 1.1449850372657717e-05,
  "lookback": 30,
  "num_heads": 2,
  "num_layers": 2,
  "sequence_length": 30
}