{
  "batch_size": 32,
  "dropout_rate": 0.19066500674790016,
  "ff_dim": 512,
  "l2_reg": 0.00027386293683857133,
  "learning_rate": 1.3015149208313525e-06,
  "lookback": 30,
  "num_heads": 2,
  "num_layers": 1,
  "sequence_length": 30
}