{
  "batch_size": 64,
  "dropout_rate": 0.40468674865707505,
  "ff_dim": 256,
  "l2_reg": 0.00017102851210720808,
  "learning_rate": 8.620360817709409e-06,
  "lookback": 30,
  "num_heads": 2,
  "num_layers": 2,
  "sequence_length": 30
}