{
  "batch_size": 32,
  "dropout_rate": 0.19075103409477162,
  "ff_dim": 512,
  "l2_reg": 0.00027929900344544504,
  "learning_rate": 1.7174592098709566e-06,
  "lookback": 30,
  "num_heads": 2,
  "num_layers": 1,
  "sequence_length": 30
}