{
  "batch_size": 64,
  "dropout_rate": 0.15615067293090223,
  "ff_dim": 128,
  "l2_reg": 0.0017485238213809685,
  "learning_rate": 1.7941404717164567e-05,
  "num_heads": 4,
  "num_layers": 2
}