{
  "batch_size": 16,
  "dropout_rate": 0.2002591172843151,
  "ff_dim": 256,
  "l2_reg": 0.004276859339638781,
  "learning_rate": 0.0004837708458048548,
  "num_heads": 2,
  "num_layers": 3
}