{
  "batch_size": 32,
  "dropout_rate": 0.16916689730822967,
  "ff_dim": 512,
  "l2_reg": 0.0003226331290408457,
  "learning_rate": 3.808858851816151e-06,
  "lookback": 30,
  "num_heads": 2,
  "num_layers": 1,
  "sequence_length": 30
}