{
  "batch_size": 32,
  "dropout_rate": 0.19705731090944983,
  "ff_dim": 512,
  "l2_reg": 0.0002655880751262464,
  "learning_rate": 1.5023881774513822e-06,
  "lookback": 30,
  "num_heads": 2,
  "num_layers": 1,
  "sequence_length": 30
}