{
  "batch_size": 32,
  "dropout_rate": 0.19555378168231333,
  "ff_dim": 512,
  "l2_reg": 0.00022450884660844456,
  "learning_rate": 1.0787761120625412e-06,
  "lookback": 30,
  "num_heads": 2,
  "num_layers": 1,
  "sequence_length": 30
}