{
  "batch_size": 32,
  "dropout_rate": 0.1702851223355205,
  "ff_dim": 256,
  "l2_reg": 1.6644901783386358e-06,
  "learning_rate": 2.898556887169507e-06,
  "num_heads": 8,
  "num_layers": 3
}