{
  "batch_size": 32,
  "dropout_rate": 0.2097008058297641,
  "ff_dim": 512,
  "l2_reg": 0.0002825834709302545,
  "learning_rate": 1.593330121936602e-06,
  "lookback": 30,
  "num_heads": 2,
  "num_layers": 1,
  "sequence_length": 30
}