{
  "batch_size": 64,
  "buffer_size": 100000,
  "ent_coef": 0.038063004312295395,
  "gamma": 0.9962952749900308,
  "learning_rate": 6.826808180690109e-05,
  "tau": 0.07522402590705811
}