{
  "batch_size": 64,
  "dropout_rate": 0.29642529588898614,
  "ff_dim": 512,
  "l2_reg": 0.0004912853198197697,
  "learning_rate": 4.980659363175235e-06,
  "num_heads": 8,
  "num_layers": 2
}