{
  "batch_size": 64,
  "dropout_rate": 0.4874444746910961,
  "ff_dim": 256,
  "l2_reg": 0.00020281182104965674,
  "learning_rate": 4.3471269303989656e-05,
  "lookback": 30,
  "num_heads": 2,
  "num_layers": 1,
  "sequence_length": 30
}