{
  "batch_size": 32,
  "dropout_rate": 0.20466775171628546,
  "ff_dim": 512,
  "l2_reg": 0.00024455886673127884,
  "learning_rate": 1.0579729281260367e-06,
  "lookback": 30,
  "num_heads": 2,
  "num_layers": 1,
  "sequence_length": 30
}