{
  "batch_size": 32,
  "dropout_rate": 0.19720243297871798,
  "ff_dim": 512,
  "l2_reg": 0.00022201988449704115,
  "learning_rate": 1.21093003091043e-06,
  "lookback": 30,
  "num_heads": 2,
  "num_layers": 1,
  "sequence_length": 30
}