{
  "batch_size": 32,
  "dropout_rate": 0.17402581414556123,
  "ff_dim": 128,
  "l2_reg": 6.308525366775731e-05,
  "learning_rate": 0.00014214994892210083,
  "num_heads": 4,
  "num_layers": 4
}