{
  "batch_size": 16,
  "dropout_rate": 0.14375181615516353,
  "ff_dim": 512,
  "l2_reg": 2.0660372832644764e-05,
  "learning_rate": 0.00020510685428896502,
  "num_heads": 8,
  "num_layers": 2
}