{
  "batch_size": 128,
  "dropout_rate": 0.38142110814097596,
  "ff_dim": 256,
  "l2_reg": 1.5705556336199812e-05,
  "learning_rate": 0.0003147022917156842,
  "lookback": 30,
  "num_heads": 4,
  "num_layers": 2,
  "sequence_length": 30
}