{
  "batch_size": 64,
  "dropout_rate": 0.2359174670658828,
  "ff_dim": 128,
  "l2_reg": 0.0001445181255137212,
  "learning_rate": 5.05598550327874e-05,
  "num_heads": 2,
  "num_layers": 3
}