{
  "batch_size": 32,
  "dropout_rate": 0.202761668361328,
  "ff_dim": 512,
  "l2_reg": 0.0002374642491342084,
  "learning_rate": 1.279294629038742e-06,
  "lookback": 30,
  "num_heads": 2,
  "num_layers": 1,
  "sequence_length": 30
}