{
  "batch_size": 32,
  "dropout_rate": 0.19413090594687554,
  "ff_dim": 512,
  "l2_reg": 0.00028405247416969274,
  "learning_rate": 1.0524350649195273e-06,
  "lookback": 30,
  "num_heads": 2,
  "num_layers": 1,
  "sequence_length": 30
}