{
  "batch_size": 16,
  "dropout_rate": 0.28037275892837554,
  "ff_dim": 512,
  "l2_reg": 5.803032937392474e-06,
  "learning_rate": 0.000270365668330602,
  "num_heads": 4,
  "num_layers": 4
}