{
  "batch_size": 64,
  "dropout_rate": 0.26766247304522384,
  "ff_dim": 128,
  "l2_reg": 0.00038481136503290233,
  "learning_rate": 1.3185008959509895e-05,
  "num_heads": 8,
  "num_layers": 2
}