{
  "batch_size": 32,
  "dropout_rate": 0.1922955825512191,
  "ff_dim": 512,
  "l2_reg": 0.00021102535791763454,
  "learning_rate": 1.3222295761657548e-06,
  "lookback": 30,
  "num_heads": 2,
  "num_layers": 1,
  "sequence_length": 30
}