{
  "batch_size": 256,
  "buffer_size": 50000,
  "ent_coef": 0.025387853193831487,
  "gamma": 0.9420403222145173,
  "learning_rate": 0.0008326612489194346,
  "tau": 0.0010137261338756043
}