{
  "batch_size": 64,
  "dropout_rate": 0.47859154798333853,
  "ff_dim": 256,
  "l2_reg": 0.00042770359871384785,
  "learning_rate": 1.8974727094823355e-06,
  "lookback": 30,
  "num_heads": 2,
  "num_layers": 2,
  "sequence_length": 30
}