{
  "batch_size": 64,
  "dropout_rate": 0.4612337213943306,
  "ff_dim": 128,
  "l2_reg": 0.00026110514884893966,
  "learning_rate": 7.967427366159729e-06,
  "lookback": 30,
  "num_heads": 2,
  "num_layers": 2,
  "sequence_length": 30
}