{
  "batch_size": 64,
  "dropout_rate": 0.4066547951188854,
  "ff_dim": 256,
  "l2_reg": 0.0002531479421325127,
  "learning_rate": 1.3685287919617988e-05,
  "lookback": 30,
  "num_heads": 2,
  "num_layers": 2,
  "sequence_length": 30
}