{
  "batch_size": 32,
  "dropout_rate": 0.27485980376749725,
  "ff_dim": 256,
  "l2_reg": 1.3548903791421065e-05,
  "learning_rate": 0.000574869524092247,
  "lookback": 30,
  "num_heads": 8,
  "num_layers": 2,
  "sequence_length": 30
}