{
  "batch_size": 32,
  "dropout_rate": 0.15943048136157512,
  "ff_dim": 512,
  "l2_reg": 0.0003462489995620816,
  "learning_rate": 1.4396138866673137e-06,
  "lookback": 30,
  "num_heads": 2,
  "num_layers": 1,
  "sequence_length": 30
}