{
  "batch_size": 32,
  "dropout_rate": 0.3832514867602018,
  "epochs": 50,
  "ff_dim": 256,
  "l2_reg": 2.939990246330074e-06,
  "learning_rate": 9.596414673799916e-05,
  "num_heads": 4,
  "num_layers": 2
}