{
  "batch_size": 32,
  "dropout_rate": 0.20513192868324295,
  "ff_dim": 512,
  "l2_reg": 0.00021978095449605973,
  "learning_rate": 1.381958574127532e-06,
  "lookback": 30,
  "num_heads": 2,
  "num_layers": 1,
  "sequence_length": 30
}