{
  "batch_size": 128,
  "dropout_rate": 0.15323890198489565,
  "ff_dim": 128,
  "l2_reg": 1.772031449367443e-05,
  "learning_rate": 0.00027260888560870814,
  "lookback": 30,
  "num_heads": 4,
  "num_layers": 2,
  "sequence_length": 30
}