{
  "batch_size": 32,
  "dropout_rate": 0.19274277614475352,
  "ff_dim": 512,
  "l2_reg": 0.00023811984504859313,
  "learning_rate": 1.5659524943774702e-06,
  "lookback": 30,
  "num_heads": 2,
  "num_layers": 1,
  "sequence_length": 30
}