{
  "batch_size": 64,
  "dropout_rate": 0.490970091381787,
  "ff_dim": 256,
  "l2_reg": 5.269529805769698e-05,
  "learning_rate": 3.3422389421107116e-05,
  "lookback": 30,
  "num_heads": 2,
  "num_layers": 2,
  "sequence_length": 30
}