{
  "batch_size": 32,
  "dropout_rate": 0.20393922354208047,
  "ff_dim": 512,
  "l2_reg": 0.0002748255627993478,
  "learning_rate": 1.9245968412387418e-06,
  "lookback": 30,
  "num_heads": 2,
  "num_layers": 1,
  "sequence_length": 30
}