{
  "batch_size": 512,
  "buffer_size": 100000,
  "ent_coef": 0.0056474871454986275,
  "gamma": 0.9811459577714513,
  "learning_rate": 0.0005244652759004024,
  "tau": 0.06361512406652067
}