{
  "batch_size": 32,
  "dropout_rate": 0.11568011265296217,
  "ff_dim": 128,
  "l2_reg": 0.0056331792963685325,
  "learning_rate": 2.401883994217852e-05,
  "num_heads": 8,
  "num_layers": 2
}