{
  "batch_size": 32,
  "dropout_rate": 0.199847701422376,
  "ff_dim": 512,
  "l2_reg": 0.0002823024864240841,
  "learning_rate": 1.5155957697055538e-06,
  "lookback": 30,
  "num_heads": 2,
  "num_layers": 1,
  "sequence_length": 30
}