{
  "batch_size": 64,
  "dropout_rate": 0.4884595154110519,
  "ff_dim": 256,
  "l2_reg": 0.00010532187526100335,
  "learning_rate": 2.2880293432018966e-05,
  "lookback": 30,
  "num_heads": 2,
  "num_layers": 2,
  "sequence_length": 30
}