{
  "batch_size": 128,
  "dropout_rate": 0.46064666561776246,
  "ff_dim": 128,
  "l2_reg": 1.4589360988084264e-05,
  "learning_rate": 1.6124768531753615e-06,
  "lookback": 30,
  "num_heads": 4,
  "num_layers": 1,
  "sequence_length": 30
}