{
  "batch_size": 64,
  "dropout_rate": 0.24117506639410968,
  "ff_dim": 128,
  "l2_reg": 0.0009359357807741483,
  "learning_rate": 3.263507933656188e-05,
  "num_heads": 2,
  "num_layers": 4
}