{
  "batch_size": 64,
  "dropout_rate": 0.14336493796692676,
  "ff_dim": 128,
  "l2_reg": 1.0848642339780134e-05,
  "learning_rate": 7.710481285952425e-05,
  "lookback": 30,
  "num_heads": 2,
  "num_layers": 2,
  "sequence_length": 30
}