{
  "batch_size": 32,
  "dropout_rate": 0.19127918851245684,
  "ff_dim": 512,
  "l2_reg": 0.00028469262798538127,
  "learning_rate": 1.5759622032721759e-06,
  "lookback": 30,
  "num_heads": 2,
  "num_layers": 1,
  "sequence_length": 30
}