{
  "batch_size": 16,
  "dropout_rate": 0.1746298959335167,
  "ff_dim": 512,
  "l2_reg": 4.646716519713965e-05,
  "learning_rate": 3.2047143150780184e-05,
  "num_heads": 4,
  "num_layers": 3
}