{
  "batch_size": 64,
  "dropout_rate": 0.37415245987869894,
  "ff_dim": 256,
  "l2_reg": 1.1161360132259897e-06,
  "learning_rate": 8.767688095524122e-06,
  "lookback": 30,
  "num_heads": 4,
  "num_layers": 3,
  "sequence_length": 30
}