{
  "batch_size": 32,
  "dropout_rate": 0.3626525142857894,
  "ff_dim": 256,
  "l2_reg": 6.125497633337194e-05,
  "learning_rate": 5.2690188319943175e-05,
  "num_heads": 4,
  "num_layers": 3
}