{
  "batch_size": 64,
  "dropout_rate": 0.471775484258783,
  "ff_dim": 256,
  "l2_reg": 0.0005483470675639504,
  "learning_rate": 5.701996347439856e-05,
  "lookback": 30,
  "num_heads": 2,
  "num_layers": 2,
  "sequence_length": 30
}