{
  "batch_size": 32,
  "dropout_rate": 0.1716688713049629,
  "ff_dim": 512,
  "l2_reg": 0.0007395848112101967,
  "learning_rate": 4.941541333998504e-06,
  "lookback": 30,
  "num_heads": 2,
  "num_layers": 1,
  "sequence_length": 30
}