{
  "batch_size": 256,
  "buffer_size": 100000,
  "ent_coef": 0.0018795894737624755,
  "gamma": 0.9792963102282428,
  "learning_rate": 0.0001191563681516965,
  "tau": 0.04599146592047611
}