{
  "batch_size": 64,
  "buffer_size": 100000,
  "ent_coef": 0.0033453098721267704,
  "gamma": 0.9764012274278424,
  "learning_rate": 5.0843329724579984e-05,
  "tau": 0.09438694335502452
}