{
  "batch_size": 32,
  "dropout_rate": 0.2071497817847049,
  "ff_dim": 512,
  "l2_reg": 0.00028935414490954673,
  "learning_rate": 1.6140375963523843e-06,
  "lookback": 30,
  "num_heads": 2,
  "num_layers": 1,
  "sequence_length": 30
}