{
  "batch_size": 32,
  "dropout_rate": 0.19743112263559517,
  "ff_dim": 512,
  "l2_reg": 0.0002578859738351146,
  "learning_rate": 1.5496215833756002e-06,
  "lookback": 30,
  "num_heads": 2,
  "num_layers": 1,
  "sequence_length": 30
}