{
  "batch_size": 32,
  "dropout_rate": 0.19585631404883833,
  "ff_dim": 512,
  "l2_reg": 0.0002625587277896314,
  "learning_rate": 1.6373566450705788e-06,
  "lookback": 30,
  "num_heads": 2,
  "num_layers": 1,
  "sequence_length": 30
}