{
  "batch_size": 16,
  "dropout_rate": 0.26951351082813624,
  "ff_dim": 128,
  "l2_reg": 0.00011669776168633991,
  "learning_rate": 6.411980735959769e-05,
  "num_heads": 2,
  "num_layers": 3
}