{
  "observation_covariance": 0.13485096192684,
  "transition_covariance": 0.0687931235084515
}