{
  "batch_size": 64,
  "dropout_rate": 0.44144213151777895,
  "ff_dim": 256,
  "l2_reg": 0.00026139585900085974,
  "learning_rate": 8.927250968242431e-05,
  "lookback": 30,
  "num_heads": 2,
  "num_layers": 2,
  "sequence_length": 30
}