{
  "batch_size": 16,
  "dropout_rate": 0.29810897129691605,
  "ff_dim": 256,
  "l2_reg": 7.324888925465006e-05,
  "learning_rate": 6.81151487992991e-05,
  "num_heads": 4,
  "num_layers": 2
}