{
  "observation_covariance": 0.01467361126460545,
  "transition_covariance": 0.002126876092426072
}
