{
  "batch_size": 256,
  "buffer_size": 50000,
  "ent_coef": 0.013967434590817871,
  "gamma": 0.9057968621283594,
  "learning_rate": 0.0006281323374893279,
  "tau": 0.0922803412304849
}