{
  "batch_size": 32,
  "dropout_rate": 0.18134221732459838,
  "ff_dim": 512,
  "l2_reg": 0.00028688444179242784,
  "learning_rate": 1.188703664087403e-06,
  "lookback": 30,
  "num_heads": 2,
  "num_layers": 1,
  "sequence_length": 30
}