{
  "batch_size": 32,
  "dropout_rate": 0.19708891075313964,
  "ff_dim": 512,
  "l2_reg": 0.00023657748938851357,
  "learning_rate": 1.6996401946468773e-06,
  "lookback": 30,
  "num_heads": 2,
  "num_layers": 1,
  "sequence_length": 30
}