{
  "batch_size": 128,
  "buffer_size": 100000,
  "ent_coef": 0.013261327516032397,
  "gamma": 0.9340053566372193,
  "learning_rate": 1.1743833596370822e-05,
  "tau": 0.05424812729512154
}