{
  "batch_size": 64,
  "dropout_rate": 0.2542045493100952,
  "ff_dim": 512,
  "l2_reg": 2.3023830849441245e-05,
  "learning_rate": 0.0005825342179747521,
  "num_heads": 4,
  "num_layers": 3
}