{
  "batch_size": 64,
  "dropout_rate": 0.10501694903539907,
  "ff_dim": 256,
  "l2_reg": 1.1754002799904459e-06,
  "learning_rate": 8.346881020276247e-05,
  "lookback": 30,
  "num_heads": 4,
  "num_layers": 3,
  "sequence_length": 30
}