{
  "batch_size": 64,
  "dropout_rate": 0.3792518454792141,
  "ff_dim": 512,
  "l2_reg": 5.1978179084235244e-05,
  "learning_rate": 0.0002226369322151178,
  "num_heads": 4,
  "num_layers": 4
}