{
  "batch_size": 32,
  "dropout_rate": 0.2003673069066663,
  "ff_dim": 512,
  "l2_reg": 0.00029239546370613467,
  "learning_rate": 1.3193356688165923e-06,
  "lookback": 30,
  "num_heads": 2,
  "num_layers": 1,
  "sequence_length": 30
}