{
  "observation_covariance": 0.2803090521429881,
  "transition_covariance": 0.019943504146256924
}