{
  "batch_size": 32,
  "dropout_rate": 0.3846974205768905,
  "ff_dim": 256,
  "l2_reg": 0.0007699284771764542,
  "learning_rate": 1.991075539037505e-05,
  "lookback": 30,
  "num_heads": 4,
  "num_layers": 2,
  "sequence_length": 30
}