{
  "batch_size": 32,
  "dropout_rate": 0.350496117793791,
  "ff_dim": 512,
  "l2_reg": 9.695129652983347e-05,
  "learning_rate": 0.00019294848539016813,
  "num_heads": 4,
  "num_layers": 3
}