{
  "batch_size": 32,
  "dropout_rate": 0.19372273738860918,
  "ff_dim": 512,
  "l2_reg": 0.00022474442919389684,
  "learning_rate": 1.0880720813123483e-06,
  "lookback": 30,
  "num_heads": 2,
  "num_layers": 1,
  "sequence_length": 30
}