{
  "batch_size": 256,
  "buffer_size": 10000,
  "ent_coef": 0.00719771829021547,
  "gamma": 0.9567095268241997,
  "learning_rate": 0.0007898694480159726,
  "tau": 0.02417225573390282
}