{
  "observation_covariance": 0.0249052685466702,
  "transition_covariance": 0.010405664116214108
}