{
  "batch_size": 16,
  "dropout_rate": 0.30816401341366073,
  "ff_dim": 128,
  "l2_reg": 0.0006876535932276439,
  "learning_rate": 0.0007695747963350673,
  "num_heads": 2,
  "num_layers": 3
}