{
  "batch_size": 64,
  "dropout_rate": 0.42907316124874534,
  "ff_dim": 256,
  "l2_reg": 0.00028439160495148056,
  "learning_rate": 1.1374393604255e-06,
  "lookback": 30,
  "num_heads": 2,
  "num_layers": 2,
  "sequence_length": 30
}