{
  "batch_size": 64,
  "buffer_size": 50000,
  "ent_coef": 0.0013386957499115725,
  "gamma": 0.9617426234486548,
  "learning_rate": 0.00032074052975308257,
  "tau": 0.0664574773091537
}