{
  "batch_size": 16,
  "dropout_rate": 0.46899361158584696,
  "ff_dim": 512,
  "l2_reg": 1.1053740185481584e-05,
  "learning_rate": 1.9717640258473278e-05,
  "num_heads": 4,
  "num_layers": 4
}