{
  "batch_size": 32,
  "dropout_rate": 0.18827738581624134,
  "ff_dim": 512,
  "l2_reg": 0.0001613105647061361,
  "learning_rate": 3.3212979442518983e-06,
  "lookback": 30,
  "num_heads": 2,
  "num_layers": 1,
  "sequence_length": 30
}