{
  "batch_size": 32,
  "dropout_rate": 0.20685617353686542,
  "ff_dim": 512,
  "l2_reg": 0.00028899633881657096,
  "learning_rate": 1.9243487430297633e-06,
  "lookback": 30,
  "num_heads": 2,
  "num_layers": 1,
  "sequence_length": 30
}