{
  "batch_size": 32,
  "dropout_rate": 0.39967063999078223,
  "ff_dim": 512,
  "l2_reg": 0.00011409509453229779,
  "learning_rate": 4.146917844318928e-05,
  "num_heads": 8,
  "num_layers": 2
}