{
  "batch_size": 512,
  "buffer_size": 100000,
  "ent_coef": 0.028295784470552778,
  "gamma": 0.9524567006568182,
  "learning_rate": 8.182211579518929e-05,
  "tau": 0.07768902587175178
}