{
  "batch_size": 32,
  "dropout_rate": 0.20624185723883676,
  "ff_dim": 128,
  "l2_reg": 6.471617449235144e-05,
  "learning_rate": 1.169931919529734e-05,
  "num_heads": 2,
  "num_layers": 2
}