{
  "observation_covariance": 0.0402708152049526,
  "transition_covariance": 0.009428159438391606
}
