{
  "batch_size": 32,
  "dropout_rate": 0.20020207606861548,
  "ff_dim": 512,
  "l2_reg": 0.00022138024797276878,
  "learning_rate": 1.545930286043259e-06,
  "lookback": 30,
  "num_heads": 2,
  "num_layers": 1,
  "sequence_length": 30
}