{
  "batch_size": 64,
  "dropout_rate": 0.39390662246839037,
  "ff_dim": 128,
  "l2_reg": 0.00017561725036864133,
  "learning_rate": 0.0009079228718076824,
  "num_heads": 2,
  "num_layers": 3
}