{
  "batch_size": 32,
  "dropout_rate": 0.19970721280084164,
  "ff_dim": 512,
  "l2_reg": 0.00027204682664948293,
  "learning_rate": 1.3074676725424232e-06,
  "lookback": 30,
  "num_heads": 2,
  "num_layers": 1,
  "sequence_length": 30
}