{
  "batch_size": 32,
  "dropout_rate": 0.1915237502986667,
  "ff_dim": 512,
  "l2_reg": 0.00028954310597796183,
  "learning_rate": 1.6991800332099825e-06,
  "lookback": 30,
  "num_heads": 2,
  "num_layers": 1,
  "sequence_length": 30
}