{
  "batch_size": 512,
  "buffer_size": 10000,
  "ent_coef": 0.01434223632471888,
  "gamma": 0.9526537813476726,
  "learning_rate": 0.00018315068980201575,
  "tau": 0.09051141459254707
}