{
  "batch_size": 64,
  "dropout_rate": 0.19155502708988315,
  "ff_dim": 256,
  "l2_reg": 0.0009554929477936402,
  "learning_rate": 0.0003335302696799722,
  "num_heads": 2,
  "num_layers": 4
}