{
  "batch_size": 32,
  "dropout_rate": 0.1692690188196994,
  "ff_dim": 256,
  "l2_reg": 0.005256727182950653,
  "learning_rate": 2.7118946804170232e-05,
  "num_heads": 2,
  "num_layers": 2
}