{
  "batch_size": 16,
  "dropout_rate": 0.4989384656513218,
  "ff_dim": 256,
  "l2_reg": 0.00024355213422014613,
  "learning_rate": 2.886144944325526e-05,
  "num_heads": 8,
  "num_layers": 2
}