{
  "batch_size": 32,
  "dropout_rate": 0.3996804276128164,
  "ff_dim": 512,
  "l2_reg": 0.00048244990286701973,
  "learning_rate": 4.2346542107975966e-05,
  "num_heads": 8,
  "num_layers": 2
}