{
  "batch_size": 32,
  "dropout_rate": 0.19914131384150757,
  "ff_dim": 512,
  "l2_reg": 0.00027337202147325625,
  "learning_rate": 1.0189501982647072e-06,
  "lookback": 30,
  "num_heads": 2,
  "num_layers": 1,
  "sequence_length": 30
}