{
  "batch_size": 64,
  "dropout_rate": 0.43848354496488634,
  "ff_dim": 256,
  "l2_reg": 0.0006662587846170449,
  "learning_rate": 1.216338185198752e-05,
  "lookback": 30,
  "num_heads": 2,
  "num_layers": 2,
  "sequence_length": 30
}