{
  "batch_size": 256,
  "buffer_size": 10000,
  "ent_coef": 0.09685730855527884,
  "gamma": 0.9470328085709238,
  "learning_rate": 0.0003191468412035926,
  "tau": 0.08774708333432481
}