{
  "batch_size": 256,
  "buffer_size": 100000,
  "ent_coef": 0.002186463878006397,
  "gamma": 0.9000968333002664,
  "learning_rate": 0.0006252566111579802,
  "tau": 0.05769307414873686
}