{
  "batch_size": 32,
  "dropout_rate": 0.12274907605905071,
  "ff_dim": 512,
  "l2_reg": 5.6199714911497164e-05,
  "learning_rate": 0.0007037889411940531,
  "num_heads": 8,
  "num_layers": 4
}