{
  "batch_size": 64,
  "dropout_rate": 0.4499104163815008,
  "ff_dim": 256,
  "l2_reg": 0.00013773618160378045,
  "learning_rate": 1.697069441344857e-05,
  "lookback": 30,
  "num_heads": 2,
  "num_layers": 2,
  "sequence_length": 30
}