{
  "batch_size": 256,
  "buffer_size": 10000,
  "ent_coef": 0.005656008280653086,
  "gamma": 0.9807622576446301,
  "learning_rate": 2.6951913013269524e-05,
  "tau": 0.03148964030300558
}