{
  "batch_size": 64,
  "dropout_rate": 0.47854266994635575,
  "ff_dim": 256,
  "l2_reg": 0.000776387837041,
  "learning_rate": 1.95590758261068e-05,
  "lookback": 30,
  "num_heads": 2,
  "num_layers": 2,
  "sequence_length": 30
}