{
  "batch_size": 32,
  "dropout_rate": 0.1408302473162773,
  "ff_dim": 512,
  "l2_reg": 8.021934212656667e-05,
  "learning_rate": 0.00044397218733852615,
  "lookback": 30,
  "num_heads": 8,
  "num_layers": 1,
  "sequence_length": 30
}