{
  "batch_size": 32,
  "dropout_rate": 0.1960352664182043,
  "ff_dim": 512,
  "l2_reg": 0.0002082808271188713,
  "learning_rate": 1.0421168844495701e-06,
  "lookback": 30,
  "num_heads": 2,
  "num_layers": 1,
  "sequence_length": 30
}