{
  "batch_size": 32,
  "dropout_rate": 0.19851221243736175,
  "ff_dim": 512,
  "l2_reg": 0.00029170529348222687,
  "learning_rate": 1.9722295422912507e-06,
  "lookback": 30,
  "num_heads": 2,
  "num_layers": 1,
  "sequence_length": 30
}