{
  "batch_size": 32,
  "dropout_rate": 0.1941374473478962,
  "ff_dim": 512,
  "l2_reg": 0.00021799235828646917,
  "learning_rate": 1.0758785563118308e-06,
  "lookback": 30,
  "num_heads": 2,
  "num_layers": 1,
  "sequence_length": 30
}