{
  "batch_size": 16,
  "dropout_rate": 0.11598262482307793,
  "ff_dim": 512,
  "l2_reg": 2.0577723695395118e-06,
  "learning_rate": 3.520232615676763e-05,
  "num_heads": 8,
  "num_layers": 3
}