{
  "batch_size": 16,
  "dropout_rate": 0.13400292322437724,
  "ff_dim": 128,
  "l2_reg": 6.762641954546916e-06,
  "learning_rate": 2.3407778672192075e-05,
  "num_heads": 4,
  "num_layers": 4
}