{
  "batch_size": 32,
  "dropout_rate": 0.35029051863774663,
  "ff_dim": 256,
  "l2_reg": 7.337502599410779e-06,
  "learning_rate": 6.697967197343288e-05,
  "num_heads": 8,
  "num_layers": 2
}