{
  "batch_size": 32,
  "dropout_rate": 0.38401010831420523,
  "ff_dim": 512,
  "l2_reg": 0.00013488257417445872,
  "learning_rate": 2.464373665456155e-06,
  "lookback": 30,
  "num_heads": 8,
  "num_layers": 2,
  "sequence_length": 30
}