{
  "batch_size": 32,
  "dropout_rate": 0.39257728758742416,
  "ff_dim": 512,
  "l2_reg": 4.034570003866418e-05,
  "learning_rate": 3.4499312926385795e-05,
  "lookback": 30,
  "num_heads": 8,
  "num_layers": 2,
  "sequence_length": 30
}