{
  "batch_size": 256,
  "buffer_size": 100000,
  "ent_coef": 0.056828328586948695,
  "gamma": 0.9797647538019351,
  "learning_rate": 5.258707628347692e-05,
  "tau": 0.053666610040838454
}