{
  "batch_size": 32,
  "dropout_rate": 0.20024502085470208,
  "ff_dim": 512,
  "l2_reg": 0.00025812836663017,
  "learning_rate": 1.355344971069121e-06,
  "lookback": 30,
  "num_heads": 2,
  "num_layers": 1,
  "sequence_length": 30
}