{
  "batch_size": 64,
  "dropout_rate": 0.24514091079906622,
  "ff_dim": 128,
  "l2_reg": 0.0011504684417195578,
  "learning_rate": 7.876268262314612e-05,
  "num_heads": 8,
  "num_layers": 2
}