{
  "batch_size": 32,
  "dropout_rate": 0.19945010328522347,
  "ff_dim": 512,
  "l2_reg": 0.0002602663551438478,
  "learning_rate": 1.5509338789037288e-06,
  "lookback": 30,
  "num_heads": 2,
  "num_layers": 1,
  "sequence_length": 30
}