{
  "batch_size": 32,
  "dropout_rate": 0.14016431251456948,
  "ff_dim": 128,
  "l2_reg": 0.0008079188479108102,
  "learning_rate": 0.00010215265447520144,
  "num_heads": 4,
  "num_layers": 3
}