{
  "batch_size": 32,
  "dropout_rate": 0.19639116380135,
  "ff_dim": 512,
  "l2_reg": 0.00029838135368619905,
  "learning_rate": 1.8246336490592248e-06,
  "lookback": 30,
  "num_heads": 2,
  "num_layers": 1,
  "sequence_length": 30
}