{
  "batch_size": 16,
  "dropout_rate": 0.2982913052978574,
  "ff_dim": 256,
  "l2_reg": 1.6036329036482604e-05,
  "learning_rate": 5.9281451437026606e-05,
  "num_heads": 2,
  "num_layers": 2
}