{
  "batch_size": 64,
  "dropout_rate": 0.1315720519507556,
  "ff_dim": 512,
  "l2_reg": 0.00028719908875352723,
  "learning_rate": 2.138348523395381e-06,
  "num_heads": 4,
  "num_layers": 3
}