{
  "batch_size": 32,
  "dropout_rate": 0.2076958296626512,
  "ff_dim": 512,
  "l2_reg": 0.0002948635245211497,
  "learning_rate": 1.5871029095734412e-06,
  "lookback": 30,
  "num_heads": 2,
  "num_layers": 1,
  "sequence_length": 30
}