{
  "batch_size": 32,
  "dropout_rate": 0.17763779015023481,
  "ff_dim": 512,
  "l2_reg": 0.0002008294630335137,
  "learning_rate": 3.5989890026944513e-06,
  "lookback": 30,
  "num_heads": 2,
  "num_layers": 1,
  "sequence_length": 30
}