{
  "batch_size": 64,
  "dropout_rate": 0.19154045063106115,
  "ff_dim": 256,
  "l2_reg": 4.771287897483788e-05,
  "learning_rate": 0.0004565665681708291,
  "num_heads": 4,
  "num_layers": 2
}