{
  "batch_size": 32,
  "dropout_rate": 0.2005865724916779,
  "ff_dim": 512,
  "l2_reg": 0.00022118195173768994,
  "learning_rate": 1.5743023013877684e-06,
  "lookback": 30,
  "num_heads": 2,
  "num_layers": 1,
  "sequence_length": 30
}