{
  "batch_size": 32,
  "dropout_rate": 0.3652198203738718,
  "ff_dim": 128,
  "l2_reg": 2.1981170393605172e-05,
  "learning_rate": 4.9650493893130455e-05,
  "num_heads": 2,
  "num_layers": 4
}