{
  "batch_size": 32,
  "dropout_rate": 0.30344432230375357,
  "ff_dim": 128,
  "l2_reg": 0.0001883482911354738,
  "learning_rate": 1.8619962596994694e-05,
  "lookback": 30,
  "num_heads": 2,
  "num_layers": 1,
  "sequence_length": 30
}