{
  "batch_size": 32,
  "dropout_rate": 0.4222900796323733,
  "ff_dim": 128,
  "l2_reg": 0.0002913008716581891,
  "learning_rate": 3.5618538062640342e-06,
  "num_heads": 2,
  "num_layers": 4
}