{
  "batch_size": 128,
  "buffer_size": 100000,
  "ent_coef": 0.003607931946897405,
  "gamma": 0.9612828184494726,
  "learning_rate": 5.686622800306214e-05,
  "tau": 0.03419588884664568
}