{
  "batch_size": 32,
  "dropout_rate": 0.20003686221786252,
  "ff_dim": 512,
  "l2_reg": 0.0002433353324790452,
  "learning_rate": 1.462660206524089e-06,
  "lookback": 30,
  "num_heads": 2,
  "num_layers": 1,
  "sequence_length": 30
}