{
  "batch_size": 64,
  "dropout_rate": 0.36168687193856536,
  "ff_dim": 256,
  "l2_reg": 0.00012536501561071642,
  "learning_rate": 1.2792188556790411e-05,
  "lookback": 30,
  "num_heads": 2,
  "num_layers": 2,
  "sequence_length": 30
}