{
  "batch_size": 32,
  "dropout_rate": 0.20547071401407652,
  "ff_dim": 512,
  "l2_reg": 0.00023432598770500374,
  "learning_rate": 1.4216397665979484e-06,
  "lookback": 30,
  "num_heads": 2,
  "num_layers": 1,
  "sequence_length": 30
}