{
  "batch_size": 32,
  "dropout_rate": 0.20286648605573254,
  "ff_dim": 512,
  "l2_reg": 0.00021946403148053565,
  "learning_rate": 1.091673005967658e-06,
  "lookback": 30,
  "num_heads": 2,
  "num_layers": 1,
  "sequence_length": 30
}