{
  "batch_size": 32,
  "dropout_rate": 0.20144113331276844,
  "ff_dim": 512,
  "l2_reg": 0.00022588713222282988,
  "learning_rate": 1.9859756313853487e-06,
  "lookback": 30,
  "num_heads": 2,
  "num_layers": 1,
  "sequence_length": 30
}