{
  "batch_size": 32,
  "dropout_rate": 0.3335420492652271,
  "ff_dim": 128,
  "l2_reg": 5.739654188648414e-05,
  "learning_rate": 5.556840273357831e-05,
  "lookback": 30,
  "num_heads": 8,
  "num_layers": 3,
  "sequence_length": 30
}