{
  "batch_size": 32,
  "dropout_rate": 0.15827079909191114,
  "ff_dim": 512,
  "l2_reg": 0.00042760793606515365,
  "learning_rate": 1.911165538353679e-06,
  "lookback": 30,
  "num_heads": 2,
  "num_layers": 1,
  "sequence_length": 30
}