{
  "batch_size": 16,
  "dropout_rate": 0.4756284372969096,
  "ff_dim": 128,
  "l2_reg": 0.009605564846964006,
  "learning_rate": 0.00023185571701190517,
  "num_heads": 8,
  "num_layers": 2
}