{
  "batch_size": 128,
  "buffer_size": 100000,
  "ent_coef": 0.01423845902496129,
  "gamma": 0.9319168446745488,
  "learning_rate": 4.0631368050480444e-05,
  "tau": 0.09449987737658401
}