{
  "batch_size": 16,
  "dropout_rate": 0.37993342770968686,
  "ff_dim": 128,
  "l2_reg": 1.023595283071027e-06,
  "learning_rate": 3.449601643779211e-05,
  "num_heads": 2,
  "num_layers": 3
}