{
  "batch_size": 32,
  "dropout_rate": 0.19391759874677136,
  "ff_dim": 512,
  "l2_reg": 0.0002744358357790005,
  "learning_rate": 1.6338899006621391e-06,
  "lookback": 30,
  "num_heads": 2,
  "num_layers": 1,
  "sequence_length": 30
}