{
  "batch_size": 32,
  "dropout_rate": 0.20810576541465106,
  "ff_dim": 512,
  "l2_reg": 0.00020624775048634164,
  "learning_rate": 1.8755364785418153e-06,
  "lookback": 30,
  "num_heads": 2,
  "num_layers": 1,
  "sequence_length": 30
}