{
  "batch_size": 32,
  "dropout_rate": 0.18237595988790592,
  "ff_dim": 512,
  "l2_reg": 0.00028934619037465084,
  "learning_rate": 2.894852576166349e-06,
  "lookback": 30,
  "num_heads": 2,
  "num_layers": 1,
  "sequence_length": 30
}