{
  "observation_covariance": 0.020498594451352645,
  "transition_covariance": 0.08533471322004914
}
