{
  "batch_size": 512,
  "buffer_size": 50000,
  "ent_coef": 0.020695530965873843,
  "gamma": 0.9154087612014475,
  "learning_rate": 0.0001215151669544067,
  "tau": 0.08589687929138985
}