{
  "batch_size": 32,
  "dropout_rate": 0.40388906393052104,
  "ff_dim": 256,
  "l2_reg": 4.875846557874711e-06,
  "learning_rate": 7.280357732778148e-05,
  "num_heads": 8,
  "num_layers": 3
}