{
  "batch_size": 32,
  "dropout_rate": 0.16116932886130628,
  "ff_dim": 512,
  "l2_reg": 0.00020832187243414934,
  "learning_rate": 4.98231684571381e-06,
  "lookback": 30,
  "num_heads": 2,
  "num_layers": 1,
  "sequence_length": 30
}