{
  "batch_size": 64,
  "buffer_size": 100000,
  "ent_coef": 0.053131965609290184,
  "gamma": 0.9856451231237192,
  "learning_rate": 1.745594709956443e-05,
  "tau": 0.056299087004475466
}