{
  "batch_size": 32,
  "dropout_rate": 0.19770366694209937,
  "ff_dim": 512,
  "l2_reg": 0.00025215660362208647,
  "learning_rate": 1.874474833860585e-06,
  "lookback": 30,
  "num_heads": 2,
  "num_layers": 1,
  "sequence_length": 30
}