{
  "batch_size": 256,
  "buffer_size": 10000,
  "ent_coef": 0.008014593600510987,
  "gamma": 0.9590051181596874,
  "learning_rate": 1.734693210205099e-05,
  "tau": 0.06471737916935558
}