{
  "batch_size": 32,
  "dropout_rate": 0.20331668679846346,
  "ff_dim": 512,
  "l2_reg": 0.00022023115149525136,
  "learning_rate": 1.7028727238452803e-06,
  "lookback": 30,
  "num_heads": 2,
  "num_layers": 1,
  "sequence_length": 30
}