{
  "batch_size": 32,
  "dropout_rate": 0.19969592627293123,
  "ff_dim": 512,
  "l2_reg": 0.0003682378870383832,
  "learning_rate": 1.4985648339248502e-06,
  "lookback": 30,
  "num_heads": 2,
  "num_layers": 1,
  "sequence_length": 30
}