{
  "batch_size": 64,
  "dropout_rate": 0.416537633785991,
  "ff_dim": 256,
  "l2_reg": 0.00027737081534581797,
  "learning_rate": 9.526499456044262e-06,
  "lookback": 30,
  "num_heads": 2,
  "num_layers": 2,
  "sequence_length": 30
}