{
  "batch_size": 64,
  "dropout_rate": 0.24709523489745827,
  "ff_dim": 128,
  "l2_reg": 2.9764256667154017e-05,
  "learning_rate": 3.6120997393418033e-06,
  "lookback": 30,
  "num_heads": 2,
  "num_layers": 2,
  "sequence_length": 60
}