{
  "batch_size": 32,
  "dropout_rate": 0.19243953064322095,
  "ff_dim": 512,
  "l2_reg": 0.00025906171061029667,
  "learning_rate": 1.1164626821142111e-06,
  "lookback": 30,
  "num_heads": 2,
  "num_layers": 1,
  "sequence_length": 30
}