{
    "learning_rate": 0.0007535014124895449,
    "num_heads": 4,
    "dropout_rate": 0.4219361311205221,
    "num_layers": 1,
    "ff_dim": 512,
    "batch_size": 16,
    "l2_reg": 0.0007728032325182345,
    "lookback": 30,
    "sequence_length": 30
}