{
  "batch_size": 16,
  "dropout_rate": 0.4110361632845513,
  "ff_dim": 512,
  "l2_reg": 0.00023818132448005908,
  "learning_rate": 0.0002958334736175454,
  "num_heads": 4,
  "num_layers": 4
}