{
  "batch_size": 32,
  "dropout_rate": 0.4109180972899933,
  "ff_dim": 256,
  "l2_reg": 0.0012798801885972927,
  "learning_rate": 5.749374995470072e-05,
  "num_heads": 4,
  "num_layers": 2
}