{
  "batch_size": 64,
  "dropout_rate": 0.2397083827606563,
  "ff_dim": 128,
  "l2_reg": 0.005342992361849459,
  "learning_rate": 0.00012724440584943708,
  "num_heads": 4,
  "num_layers": 4
}