{
  "batch_size": 16,
  "dropout_rate": 0.2812309696517004,
  "ff_dim": 256,
  "l2_reg": 0.0002846077276817411,
  "learning_rate": 1.121502926787851e-06,
  "num_heads": 8,
  "num_layers": 3
}