{
  "batch_size": 64,
  "dropout_rate": 0.4893717113190227,
  "ff_dim": 128,
  "l2_reg": 0.0005791610468822471,
  "learning_rate": 9.103654845029419e-05,
  "lookback": 30,
  "num_heads": 2,
  "num_layers": 3,
  "sequence_length": 30
}