{
  "batch_size": 64,
  "dropout_rate": 0.438096701764624,
  "ff_dim": 128,
  "l2_reg": 0.00021043231325148886,
  "learning_rate": 1.5793094289032067e-06,
  "num_heads": 4,
  "num_layers": 2
}