{
  "batch_size": 16,
  "dropout_rate": 0.28097888133984666,
  "ff_dim": 512,
  "l2_reg": 0.0005841139674930652,
  "learning_rate": 0.00024938778434080135,
  "num_heads": 4,
  "num_layers": 4
}