{
  "batch_size": 32,
  "dropout_rate": 0.19537391293930217,
  "ff_dim": 512,
  "l2_reg": 0.0002298135994302947,
  "learning_rate": 1.5418205559081768e-06,
  "lookback": 30,
  "num_heads": 2,
  "num_layers": 1,
  "sequence_length": 30
}