{
  "batch_size": 32,
  "dropout_rate": 0.20615861719943682,
  "ff_dim": 512,
  "l2_reg": 0.00024610354176262257,
  "learning_rate": 1.4059702939486611e-06,
  "lookback": 30,
  "num_heads": 2,
  "num_layers": 1,
  "sequence_length": 30
}