{
  "batch_size": 32,
  "dropout_rate": 0.19510801834161837,
  "ff_dim": 512,
  "l2_reg": 0.0002853534774041074,
  "learning_rate": 1.2501965455542981e-06,
  "lookback": 30,
  "num_heads": 2,
  "num_layers": 1,
  "sequence_length": 30
}