{
  "batch_size": 32,
  "dropout_rate": 0.19536521793627407,
  "ff_dim": 512,
  "l2_reg": 0.0002460524672753849,
  "learning_rate": 1.317582527236634e-06,
  "lookback": 30,
  "num_heads": 2,
  "num_layers": 1,
  "sequence_length": 30
}