{
  "batch_size": 32,
  "dropout_rate": 0.45591807066716944,
  "ff_dim": 256,
  "l2_reg": 0.00012050459287813829,
  "learning_rate": 9.86804953051539e-06,
  "lookback": 30,
  "num_heads": 2,
  "num_layers": 2,
  "sequence_length": 30
}