{
  "batch_size": 32,
  "dropout_rate": 0.20518382888981504,
  "ff_dim": 512,
  "l2_reg": 0.0002905380350694131,
  "learning_rate": 1.2249361986843013e-06,
  "lookback": 30,
  "num_heads": 2,
  "num_layers": 1,
  "sequence_length": 30
}