{
  "batch_size": 64,
  "buffer_size": 100000,
  "ent_coef": 0.011529890189250332,
  "gamma": 0.9550951435297473,
  "learning_rate": 0.00011934052314127469,
  "tau": 0.08833387968835522
}