{
  "batch_size": 32,
  "dropout_rate": 0.4252829234576939,
  "ff_dim": 128,
  "l2_reg": 0.000196958431530879,
  "learning_rate": 0.00013034417512499725,
  "num_heads": 2,
  "num_layers": 4
}