{
  "batch_size": 64,
  "dropout_rate": 0.2501069980826772,
  "ff_dim": 256,
  "l2_reg": 0.0005556889447416469,
  "learning_rate": 5.2682691593782126e-06,
  "num_heads": 2,
  "num_layers": 4
}