{
  "batch_size": 64,
  "buffer_size": 10000,
  "ent_coef": 0.03767449960899697,
  "gamma": 0.9841182935595911,
  "learning_rate": 1.5223056303985823e-05,
  "tau": 0.09972895580038854
}