{
  "batch_size": 64,
  "dropout_rate": 0.4065302511839334,
  "ff_dim": 256,
  "l2_reg": 0.00015293145281546387,
  "learning_rate": 8.128817520606786e-06,
  "lookback": 30,
  "num_heads": 2,
  "num_layers": 2,
  "sequence_length": 30
}