{
  "batch_size": 64,
  "buffer_size": 100000,
  "ent_coef": 0.03457717397628406,
  "gamma": 0.97815549637955,
  "learning_rate": 5.82546336087365e-05,
  "tau": 0.08471705585334115
}