{
  "batch_size": 64,
  "buffer_size": 10000,
  "ent_coef": 0.042874160362118524,
  "gamma": 0.9921423636842504,
  "learning_rate": 6.195663328946524e-05,
  "tau": 0.0724017169709427
}