{
  "batch_size": 16,
  "dropout_rate": 0.34382820069237474,
  "ff_dim": 512,
  "l2_reg": 0.0006449270265520274,
  "learning_rate": 5.7879904779423806e-05,
  "num_heads": 2,
  "num_layers": 4
}