{
  "batch_size": 32,
  "dropout_rate": 0.20146459538342099,
  "ff_dim": 512,
  "l2_reg": 0.0002439885464929511,
  "learning_rate": 1.2384771844696125e-06,
  "lookback": 30,
  "num_heads": 2,
  "num_layers": 1,
  "sequence_length": 30
}