{
  "batch_size": 32,
  "dropout_rate": 0.38154737723324406,
  "ff_dim": 512,
  "l2_reg": 1.452004609237959e-06,
  "learning_rate": 4.598493954886938e-06,
  "num_heads": 2,
  "num_layers": 4
}