{
  "batch_size": 32,
  "dropout_rate": 0.1926939089650027,
  "ff_dim": 128,
  "l2_reg": 0.0003881191849625717,
  "learning_rate": 7.478552302017349e-05,
  "num_heads": 2,
  "num_layers": 3
}