{
  "batch_size": 32,
  "dropout_rate": 0.3548862176943842,
  "ff_dim": 128,
  "l2_reg": 0.0009010869882782592,
  "learning_rate": 6.099010074801005e-06,
  "num_heads": 8,
  "num_layers": 3
}