{
  "batch_size": 16,
  "dropout_rate": 0.37651401708144416,
  "ff_dim": 128,
  "l2_reg": 3.090560268760709e-06,
  "learning_rate": 5.3786990544793714e-05,
  "num_heads": 4,
  "num_layers": 2
}