{
  "batch_size": 512,
  "buffer_size": 50000,
  "ent_coef": 0.0016574311661070793,
  "gamma": 0.9879753343053339,
  "learning_rate": 1.595444065763016e-05,
  "tau": 0.055886300271051896
}