{
  "batch_size": 64,
  "dropout_rate": 0.4233159737587645,
  "ff_dim": 256,
  "l2_reg": 1.082102436184359e-05,
  "learning_rate": 3.5829919908217524e-05,
  "num_heads": 2,
  "num_layers": 4
}