{
  "batch_size": 64,
  "buffer_size": 100000,
  "ent_coef": 0.0017318938447947777,
  "gamma": 0.9520620303718093,
  "learning_rate": 2.4091865673427415e-05,
  "tau": 0.08479166160292483
}