{
  "batch_size": 256,
  "buffer_size": 100000,
  "ent_coef": 0.03728508805354851,
  "gamma": 0.903938946774435,
  "learning_rate": 7.110804158411435e-05,
  "tau": 0.017249770754028605
}