{
  "batch_size": 32,
  "dropout_rate": 0.15950147856868652,
  "ff_dim": 512,
  "l2_reg": 0.0002580483365538712,
  "learning_rate": 2.1623973746520106e-06,
  "lookback": 30,
  "num_heads": 2,
  "num_layers": 1,
  "sequence_length": 30
}