{
  "batch_size": 32,
  "dropout_rate": 0.20952480700490284,
  "ff_dim": 512,
  "l2_reg": 0.00020880989053530683,
  "learning_rate": 1.5763458843118378e-06,
  "lookback": 30,
  "num_heads": 2,
  "num_layers": 1,
  "sequence_length": 30
}