{
  "batch_size": 512,
  "buffer_size": 50000,
  "ent_coef": 0.003185044160328614,
  "gamma": 0.9266613601796385,
  "learning_rate": 0.00039475962403564754,
  "tau": 0.0696190944782268
}