{
  "batch_size": 256,
  "buffer_size": 10000,
  "ent_coef": 0.0028369873006615486,
  "gamma": 0.9853125617213234,
  "learning_rate": 2.0805079594316108e-05,
  "tau": 0.053282569630657486
}