{
  "batch_size": 64,
  "dropout_rate": 0.4810615576828008,
  "ff_dim": 256,
  "l2_reg": 0.00021468593945498177,
  "learning_rate": 1.860147671947739e-06,
  "lookback": 30,
  "num_heads": 2,
  "num_layers": 2,
  "sequence_length": 30
}