{
  "batch_size": 32,
  "dropout_rate": 0.11493499370170565,
  "ff_dim": 512,
  "l2_reg": 0.00029634246721027145,
  "learning_rate": 2.27562606468754e-06,
  "lookback": 30,
  "num_heads": 2,
  "num_layers": 1,
  "sequence_length": 30
}