{
  "batch_size": 32,
  "dropout_rate": 0.2046555345258384,
  "ff_dim": 512,
  "l2_reg": 0.00027404323193700575,
  "learning_rate": 1.7031795260695066e-06,
  "lookback": 30,
  "num_heads": 2,
  "num_layers": 1,
  "sequence_length": 30
}