{
  "batch_size": 32,
  "dropout_rate": 0.20467921538937106,
  "ff_dim": 512,
  "l2_reg": 0.00023159194376365404,
  "learning_rate": 1.7611552627992862e-06,
  "lookback": 30,
  "num_heads": 2,
  "num_layers": 1,
  "sequence_length": 30
}