{
  "batch_size": 32,
  "dropout_rate": 0.1946411208338863,
  "ff_dim": 512,
  "l2_reg": 0.00021773651084066833,
  "learning_rate": 1.9383875497030085e-06,
  "lookback": 30,
  "num_heads": 2,
  "num_layers": 1,
  "sequence_length": 30
}