{
  "batch_size": 64,
  "dropout_rate": 0.3428507561767755,
  "ff_dim": 512,
  "l2_reg": 0.0006722914486838992,
  "learning_rate": 0.00017045686169891365,
  "num_heads": 4,
  "num_layers": 4
}