{
  "batch_size": 512,
  "buffer_size": 10000,
  "ent_coef": 0.01533815800137961,
  "gamma": 0.9930268695075978,
  "learning_rate": 0.0003431260489888446,
  "tau": 0.003033581999424602
}