{
  "batch_size": 32,
  "dropout_rate": 0.19761558661513323,
  "ff_dim": 512,
  "l2_reg": 0.000264104397055979,
  "learning_rate": 1.148172926619649e-06,
  "lookback": 30,
  "num_heads": 2,
  "num_layers": 1,
  "sequence_length": 30
}