{
  "batch_size": 32,
  "dropout_rate": 0.19832714396577864,
  "ff_dim": 512,
  "l2_reg": 0.00024841321755248385,
  "learning_rate": 1.1271666054701313e-06,
  "lookback": 30,
  "num_heads": 2,
  "num_layers": 1,
  "sequence_length": 30
}