{
  "batch_size": 32,
  "dropout_rate": 0.10955358764447416,
  "ff_dim": 512,
  "l2_reg": 0.0007020641166778101,
  "learning_rate": 3.5446413024013327e-06,
  "lookback": 30,
  "num_heads": 2,
  "num_layers": 1,
  "sequence_length": 30
}