{
  "batch_size": 32,
  "dropout_rate": 0.4352941631920738,
  "ff_dim": 256,
  "l2_reg": 0.0006999133952746418,
  "learning_rate": 0.0008849119388799078,
  "num_heads": 8,
  "num_layers": 4
}