{
  "batch_size": 16,
  "dropout_rate": 0.12033861827487718,
  "ff_dim": 128,
  "l2_reg": 1.4212060315255452e-06,
  "learning_rate": 3.737170211319993e-05,
  "num_heads": 8,
  "num_layers": 4
}