{
  "batch_size": 32,
  "dropout_rate": 0.4084772040395459,
  "epochs": 10,
  "ff_dim": 512,
  "l2_reg": 4.010565901585636e-06,
  "learning_rate": 1.9072955271942386e-05,
  "num_heads": 2,
  "num_layers": 4
}