{
  "batch_size": 64,
  "dropout_rate": 0.3055022634232789,
  "ff_dim": 128,
  "l2_reg": 4.308038854848758e-05,
  "learning_rate": 1.8788434720774363e-05,
  "num_heads": 8,
  "num_layers": 4
}