{
  "batch_size": 32,
  "dropout_rate": 0.1618157054007705,
  "ff_dim": 512,
  "l2_reg": 0.0002796601920344154,
  "learning_rate": 3.7693665370043143e-06,
  "lookback": 30,
  "num_heads": 2,
  "num_layers": 1,
  "sequence_length": 30
}