{
  "batch_size": 64,
  "dropout_rate": 0.20691496399004417,
  "ff_dim": 256,
  "l2_reg": 3.246851185320599e-05,
  "learning_rate": 8.123483613248464e-05,
  "num_heads": 4,
  "num_layers": 3
}