{
  "batch_size": 64,
  "buffer_size": 50000,
  "ent_coef": 0.0012271948380008903,
  "gamma": 0.9572302588898411,
  "learning_rate": 2.754194718066892e-05,
  "tau": 0.05093433780955092
}