{
  "batch_size": 64,
  "buffer_size": 10000,
  "ent_coef": 0.011715137647737572,
  "gamma": 0.9301701467418854,
  "learning_rate": 0.00016584419173142057,
  "tau": 0.05752643139381166
}