{
  "batch_size": 64,
  "dropout_rate": 0.3526966716786648,
  "ff_dim": 512,
  "l2_reg": 5.2457789084068136e-05,
  "learning_rate": 0.0001463093805808205,
  "num_heads": 8,
  "num_layers": 4
}