{
  "batch_size": 128,
  "dropout_rate": 0.1706178050204039,
  "ff_dim": 256,
  "l2_reg": 1.15414932737383e-05,
  "learning_rate": 8.621840220765799e-06,
  "lookback": 30,
  "num_heads": 8,
  "num_layers": 2,
  "sequence_length": 60
}