{
  "batch_size": 32,
  "dropout_rate": 0.19053665638921233,
  "ff_dim": 512,
  "l2_reg": 0.00027772419889466666,
  "learning_rate": 1.153988706643495e-06,
  "lookback": 30,
  "num_heads": 2,
  "num_layers": 1,
  "sequence_length": 30
}