{
  "batch_size": 512,
  "buffer_size": 100000,
  "ent_coef": 0.08924974483773987,
  "gamma": 0.9244041373531159,
  "learning_rate": 0.0004442770097326219,
  "tau": 0.059112348831489
}