{
  "batch_size": 32,
  "dropout_rate": 0.22691255393672957,
  "ff_dim": 512,
  "l2_reg": 2.6349200302268103e-05,
  "learning_rate": 0.00011501425403784877,
  "num_heads": 2,
  "num_layers": 2
}