{
  "batch_size": 64,
  "dropout_rate": 0.23855872590958282,
  "ff_dim": 512,
  "l2_reg": 0.0007399365961838993,
  "learning_rate": 1.844627143635617e-06,
  "lookback": 30,
  "num_heads": 4,
  "num_layers": 4,
  "sequence_length": 30
}