{
  "batch_size": 32,
  "dropout_rate": 0.19488987128044002,
  "ff_dim": 512,
  "l2_reg": 0.00027971859978574346,
  "learning_rate": 1.6392408301005763e-06,
  "lookback": 30,
  "num_heads": 2,
  "num_layers": 1,
  "sequence_length": 30
}