{
  "batch_size": 32,
  "dropout_rate": 0.2076325208738652,
  "ff_dim": 512,
  "l2_reg": 0.00027009208841954007,
  "learning_rate": 1.4256180884238323e-06,
  "lookback": 30,
  "num_heads": 2,
  "num_layers": 1,
  "sequence_length": 30
}