{
  "batch_size": 32,
  "dropout_rate": 0.19556528965123374,
  "ff_dim": 512,
  "l2_reg": 0.000211361618654269,
  "learning_rate": 1.0563401728746083e-06,
  "lookback": 30,
  "num_heads": 2,
  "num_layers": 1,
  "sequence_length": 30
}