{
  "batch_size": 32,
  "dropout_rate": 0.19809125009128742,
  "ff_dim": 512,
  "l2_reg": 0.00021394820607073905,
  "learning_rate": 1.1734771736756053e-06,
  "lookback": 30,
  "num_heads": 2,
  "num_layers": 1,
  "sequence_length": 30
}