{
  "batch_size": 64,
  "dropout_rate": 0.34972165113690595,
  "ff_dim": 512,
  "l2_reg": 0.0004940387888646961,
  "learning_rate": 6.28305173483525e-05,
  "num_heads": 4,
  "num_layers": 2
}