{
  "batch_size": 64,
  "dropout_rate": 0.4296372371753942,
  "ff_dim": 256,
  "l2_reg": 0.0002077870432933682,
  "learning_rate": 1.8897438863115488e-05,
  "lookback": 30,
  "num_heads": 2,
  "num_layers": 2,
  "sequence_length": 30
}