{
  "batch_size": 64,
  "buffer_size": 100000,
  "ent_coef": 0.011356625018875272,
  "gamma": 0.9023350295109765,
  "learning_rate": 6.415883500903314e-05,
  "tau": 0.04854017984405635
}