{
  "batch_size": 32,
  "dropout_rate": 0.20552068064816803,
  "ff_dim": 512,
  "l2_reg": 0.00022105112580346917,
  "learning_rate": 1.5659426785766883e-06,
  "lookback": 30,
  "num_heads": 2,
  "num_layers": 1,
  "sequence_length": 30
}