{
  "batch_size": 32,
  "dropout_rate": 0.20728874327412572,
  "ff_dim": 512,
  "l2_reg": 0.00022792523836181542,
  "learning_rate": 1.4730852904270259e-06,
  "lookback": 30,
  "num_heads": 2,
  "num_layers": 1,
  "sequence_length": 30
}