{
  "batch_size": 32,
  "dropout_rate": 0.19529996284984655,
  "ff_dim": 512,
  "l2_reg": 0.000272648772837148,
  "learning_rate": 1.4892921565835125e-06,
  "lookback": 30,
  "num_heads": 2,
  "num_layers": 1,
  "sequence_length": 30
}