{
  "batch_size": 64,
  "dropout_rate": 0.4338210817986284,
  "ff_dim": 256,
  "l2_reg": 0.00018168520334881696,
  "learning_rate": 1.3486253114905343e-05,
  "lookback": 30,
  "num_heads": 2,
  "num_layers": 2,
  "sequence_length": 30
}