{
  "batch_size": 64,
  "dropout_rate": 0.4011110433456696,
  "ff_dim": 256,
  "l2_reg": 0.00016910728179218517,
  "learning_rate": 9.014924709510233e-06,
  "lookback": 30,
  "num_heads": 2,
  "num_layers": 2,
  "sequence_length": 30
}