{
  "batch_size": 16,
  "dropout_rate": 0.29433810083121625,
  "ff_dim": 512,
  "l2_reg": 5.6198485151932706e-05,
  "learning_rate": 1.5698565089884446e-05,
  "num_heads": 8,
  "num_layers": 3
}