{
  "batch_size": 32,
  "dropout_rate": 0.14438466306140346,
  "ff_dim": 512,
  "l2_reg": 0.00027041322668250973,
  "learning_rate": 5.635488233903326e-06,
  "lookback": 30,
  "num_heads": 2,
  "num_layers": 1,
  "sequence_length": 30
}