{
  "batch_size": 32,
  "dropout_rate": 0.2038673356348746,
  "ff_dim": 512,
  "l2_reg": 0.00022010636886978215,
  "learning_rate": 1.4163233402323221e-06,
  "lookback": 30,
  "num_heads": 2,
  "num_layers": 1,
  "sequence_length": 30
}