{
  "batch_size": 32,
  "dropout_rate": 0.19753304630764443,
  "ff_dim": 512,
  "l2_reg": 0.00027077267615408874,
  "learning_rate": 1.223530248787351e-06,
  "lookback": 30,
  "num_heads": 2,
  "num_layers": 1,
  "sequence_length": 30
}