{
  "batch_size": 64,
  "dropout_rate": 0.3947745719999954,
  "ff_dim": 256,
  "l2_reg": 0.00011491666315075056,
  "learning_rate": 9.755821806056581e-06,
  "lookback": 30,
  "num_heads": 2,
  "num_layers": 2,
  "sequence_length": 30
}