{
  "batch_size": 64,
  "dropout_rate": 0.11978469077589189,
  "ff_dim": 512,
  "l2_reg": 2.7035457358654476e-05,
  "learning_rate": 2.8397608420259005e-06,
  "lookback": 30,
  "num_heads": 2,
  "num_layers": 2,
  "sequence_length": 30
}