{
  "batch_size": 32,
  "dropout_rate": 0.2069360650579883,
  "ff_dim": 512,
  "l2_reg": 0.00020721087280019818,
  "learning_rate": 1.2000712795288334e-06,
  "lookback": 30,
  "num_heads": 2,
  "num_layers": 1,
  "sequence_length": 30
}