{
  "batch_size": 64,
  "buffer_size": 10000,
  "ent_coef": 0.020418701158005422,
  "gamma": 0.9832186989664956,
  "learning_rate": 0.000692643975764166,
  "tau": 0.004112273572108452
}