{
  "batch_size": 64,
  "dropout_rate": 0.4125242583348965,
  "ff_dim": 128,
  "l2_reg": 0.0003483452640718098,
  "learning_rate": 5.843914152862759e-06,
  "num_heads": 4,
  "num_layers": 2
}