{
  "batch_size": 64,
  "dropout_rate": 0.43446873712297984,
  "ff_dim": 256,
  "l2_reg": 0.00022145402492976525,
  "learning_rate": 2.5933202405765295e-06,
  "lookback": 30,
  "num_heads": 2,
  "num_layers": 2,
  "sequence_length": 30
}