{
  "batch_size": 256,
  "buffer_size": 50000,
  "ent_coef": 0.028668296573865867,
  "gamma": 0.9497638187914044,
  "learning_rate": 0.00044235609331571055,
  "tau": 0.07366868398974535
}