{
  "batch_size": 64,
  "dropout_rate": 0.4064492084467083,
  "ff_dim": 256,
  "l2_reg": 0.00010623720927700232,
  "learning_rate": 8.157599678836678e-06,
  "lookback": 30,
  "num_heads": 2,
  "num_layers": 2,
  "sequence_length": 30
}