{
  "batch_size": 16,
  "dropout_rate": 0.24467975847664097,
  "ff_dim": 256,
  "l2_reg": 0.0041991531604407915,
  "learning_rate": 7.079445913704738e-05,
  "num_heads": 2,
  "num_layers": 4
}