{
  "observation_covariance": 0.04097965003078618,
  "transition_covariance": 0.015134109687316518
}