{
  "batch_size": 256,
  "buffer_size": 50000,
  "ent_coef": 0.06858796358517465,
  "gamma": 0.9041118312320858,
  "learning_rate": 0.00012909344031925937,
  "tau": 0.037508715966296666
}