{
  "batch_size": 32,
  "dropout_rate": 0.19432531303769646,
  "ff_dim": 512,
  "l2_reg": 0.00020314148736244535,
  "learning_rate": 1.0751941819116553e-06,
  "lookback": 30,
  "num_heads": 2,
  "num_layers": 1,
  "sequence_length": 30
}