{
  "batch_size": 64,
  "buffer_size": 10000,
  "ent_coef": 0.08776452318955535,
  "gamma": 0.9667256479675247,
  "learning_rate": 8.120519832025297e-05,
  "tau": 0.09012796036155336
}