{
  "batch_size": 32,
  "dropout_rate": 0.20097345955163864,
  "ff_dim": 512,
  "l2_reg": 0.00021842669828421287,
  "learning_rate": 1.5895982897291412e-06,
  "lookback": 30,
  "num_heads": 2,
  "num_layers": 1,
  "sequence_length": 30
}