{
  "batch_size": 32,
  "dropout_rate": 0.2030579877004627,
  "ff_dim": 512,
  "l2_reg": 0.00027292289867327993,
  "learning_rate": 1.9005429300480297e-06,
  "lookback": 30,
  "num_heads": 2,
  "num_layers": 1,
  "sequence_length": 30
}