{
  "batch_size": 32,
  "dropout_rate": 0.1318360610392776,
  "ff_dim": 256,
  "l2_reg": 6.108314347658489e-05,
  "learning_rate": 4.759558195072119e-05,
  "lookback": 30,
  "num_heads": 2,
  "num_layers": 2,
  "sequence_length": 30
}