{
  "observation_covariance": 0.11398583735419275,
  "transition_covariance": 0.027975089842600876
}
