{
  "batch_size": 64,
  "dropout_rate": 0.45860666792328203,
  "ff_dim": 256,
  "l2_reg": 1.959489228528847e-05,
  "learning_rate": 3.0779868662757567e-06,
  "lookback": 30,
  "num_heads": 2,
  "num_layers": 2,
  "sequence_length": 30
}