{
  "batch_size": 64,
  "dropout_rate": 0.2145893366519198,
  "ff_dim": 256,
  "l2_reg": 2.1724571020811826e-05,
  "learning_rate": 5.826901866997301e-05,
  "lookback": 30,
  "num_heads": 2,
  "num_layers": 2,
  "sequence_length": 30
}