{
  "batch_size": 64,
  "dropout_rate": 0.24913850261614623,
  "ff_dim": 128,
  "l2_reg": 0.00037796151264326313,
  "learning_rate": 5.538507463401307e-06,
  "lookback": 90,
  "num_heads": 8,
  "num_layers": 4,
  "sequence_length": 60
}