{
  "batch_size": 32,
  "dropout_rate": 0.25162593864781063,
  "ff_dim": 256,
  "l2_reg": 3.109737361925344e-06,
  "learning_rate": 0.00021110533801241605,
  "num_heads": 4,
  "num_layers": 3
}