{
  "batch_size": 512,
  "buffer_size": 50000,
  "ent_coef": 0.018289356827579085,
  "gamma": 0.9640661891712282,
  "learning_rate": 0.0008129588900441094,
  "tau": 0.03920103290764264
}