{
  "batch_size": 32,
  "dropout_rate": 0.33182827805558257,
  "ff_dim": 256,
  "l2_reg": 0.00044528714397722987,
  "learning_rate": 0.00024317481009732497,
  "num_heads": 4,
  "num_layers": 3
}