{
  "batch_size": 64,
  "dropout_rate": 0.11964425534425144,
  "ff_dim": 512,
  "l2_reg": 0.00014996469322473967,
  "learning_rate": 3.070612837658504e-05,
  "num_heads": 4,
  "num_layers": 2
}