{
  "batch_size": 512,
  "buffer_size": 100000,
  "ent_coef": 0.01245895585961446,
  "gamma": 0.9484994578879016,
  "learning_rate": 0.0002481162663023141,
  "tau": 0.0902888936829328
}