{
  "batch_size": 32,
  "dropout_rate": 0.19599725962506256,
  "ff_dim": 512,
  "l2_reg": 0.00024643859480123493,
  "learning_rate": 1.5822162470697617e-06,
  "lookback": 30,
  "num_heads": 2,
  "num_layers": 1,
  "sequence_length": 30
}