{
  "batch_size": 32,
  "dropout_rate": 0.3874651541283898,
  "ff_dim": 128,
  "l2_reg": 1.3995261750384416e-05,
  "learning_rate": 0.0002532370324877388,
  "lookback": 30,
  "num_heads": 4,
  "num_layers": 4,
  "sequence_length": 30
}