{
  "batch_size": 64,
  "buffer_size": 10000,
  "ent_coef": 0.029842546936086026,
  "gamma": 0.9404669850558091,
  "learning_rate": 7.468590303221695e-05,
  "tau": 0.08266185421811788
}