{
  "batch_size": 32,
  "dropout_rate": 0.11639704240518722,
  "ff_dim": 512,
  "l2_reg": 0.00012832688076329395,
  "learning_rate": 7.087332655198407e-06,
  "lookback": 30,
  "num_heads": 2,
  "num_layers": 1,
  "sequence_length": 30
}