{
  "batch_size": 32,
  "dropout_rate": 0.20994211162505239,
  "ff_dim": 512,
  "l2_reg": 0.0002466916626877528,
  "learning_rate": 1.1736980734355426e-06,
  "lookback": 30,
  "num_heads": 2,
  "num_layers": 1,
  "sequence_length": 30
}