{
  "batch_size": 32,
  "dropout_rate": 0.28853102930847496,
  "ff_dim": 256,
  "l2_reg": 6.411028986766277e-05,
  "learning_rate": 5.0171433982865796e-05,
  "num_heads": 8,
  "num_layers": 4
}