{
  "batch_size": 512,
  "buffer_size": 50000,
  "ent_coef": 0.0030816272546804672,
  "gamma": 0.9727859856990777,
  "learning_rate": 0.0008177069540228311,
  "tau": 0.009256286719146245
}