{
  "batch_size": 64,
  "dropout_rate": 0.4170965931010401,
  "ff_dim": 256,
  "l2_reg": 0.00016552309264470391,
  "learning_rate": 1.4992217028788473e-05,
  "lookback": 30,
  "num_heads": 2,
  "num_layers": 2,
  "sequence_length": 30
}