{
  "batch_size": 64,
  "dropout_rate": 0.41053992140053097,
  "ff_dim": 256,
  "l2_reg": 0.0003318698587243122,
  "learning_rate": 1.216280558165036e-05,
  "lookback": 30,
  "num_heads": 2,
  "num_layers": 2,
  "sequence_length": 30
}