{
  "observation_covariance": 0.2280860462739478,
  "transition_covariance": 0.0012902874347819665
}
