{
  "batch_size": 32,
  "dropout_rate": 0.18541777903034568,
  "ff_dim": 512,
  "l2_reg": 0.0006845425808139014,
  "learning_rate": 2.0274190101902038e-06,
  "lookback": 30,
  "num_heads": 2,
  "num_layers": 1,
  "sequence_length": 30
}