{
  "batch_size": 64,
  "dropout_rate": 0.3394430386594788,
  "ff_dim": 128,
  "l2_reg": 4.676600919903263e-06,
  "learning_rate": 1.215335870688655e-05,
  "num_heads": 8,
  "num_layers": 2
}