{
  "batch_size": 32,
  "dropout_rate": 0.35125418744054127,
  "ff_dim": 256,
  "l2_reg": 0.0008663146436854078,
  "learning_rate": 1.4464196016793777e-05,
  "num_heads": 8,
  "num_layers": 3
}