{
  "batch_size": 64,
  "dropout_rate": 0.35503596367758805,
  "ff_dim": 256,
  "l2_reg": 0.00026663017460912324,
  "learning_rate": 9.984630598388827e-06,
  "lookback": 30,
  "num_heads": 2,
  "num_layers": 2,
  "sequence_length": 30
}