{
  "batch_size": 32,
  "dropout_rate": 0.3493651390747837,
  "ff_dim": 256,
  "l2_reg": 0.0002804235453198966,
  "learning_rate": 5.327241297094246e-05,
  "num_heads": 4,
  "num_layers": 2
}