{
  "batch_size": 64,
  "dropout_rate": 0.30820164056588306,
  "ff_dim": 128,
  "l2_reg": 0.0005013952764323385,
  "learning_rate": 2.4937545674307486e-05,
  "num_heads": 2,
  "num_layers": 3
}