{
  "batch_size": 32,
  "dropout_rate": 0.19538866444668326,
  "ff_dim": 512,
  "l2_reg": 0.0002910730830947766,
  "learning_rate": 1.958702475151391e-06,
  "lookback": 30,
  "num_heads": 2,
  "num_layers": 1,
  "sequence_length": 30
}