{
  "batch_size": 32,
  "dropout_rate": 0.1751293699900064,
  "ff_dim": 512,
  "l2_reg": 0.00022280523000474286,
  "learning_rate": 3.954728025327833e-06,
  "lookback": 30,
  "num_heads": 2,
  "num_layers": 1,
  "sequence_length": 30
}