{
  "batch_size": 64,
  "dropout_rate": 0.43209398276481514,
  "ff_dim": 256,
  "l2_reg": 0.00039243898130627707,
  "learning_rate": 1.525419240571203e-05,
  "lookback": 30,
  "num_heads": 2,
  "num_layers": 2,
  "sequence_length": 30
}