{
  "batch_size": 32,
  "dropout_rate": 0.19161276135427255,
  "ff_dim": 512,
  "l2_reg": 0.0002902717002914549,
  "learning_rate": 1.6771426280274962e-06,
  "lookback": 30,
  "num_heads": 2,
  "num_layers": 1,
  "sequence_length": 30
}