{
  "batch_size": 32,
  "dropout_rate": 0.12059807824816199,
  "ff_dim": 256,
  "l2_reg": 5.6447460976489867e-05,
  "learning_rate": 6.652023110302949e-05,
  "num_heads": 8,
  "num_layers": 2
}