{
  "batch_size": 128,
  "dropout_rate": 0.4636003525817818,
  "ff_dim": 128,
  "l2_reg": 4.8279567487659664e-05,
  "learning_rate": 8.36783983730311e-06,
  "lookback": 30,
  "num_heads": 2,
  "num_layers": 2,
  "sequence_length": 30
}