{
  "batch_size": 64,
  "dropout_rate": 0.3900681901519234,
  "ff_dim": 512,
  "l2_reg": 2.3203805235819417e-05,
  "learning_rate": 1.0703786158346334e-06,
  "num_heads": 2,
  "num_layers": 3
}