{
  "batch_size": 64,
  "buffer_size": 100000,
  "ent_coef": 0.01229976274795841,
  "gamma": 0.9766090731297732,
  "learning_rate": 0.0008924238855608057,
  "tau": 0.051362981291157045
}