{
  "batch_size": 16,
  "dropout_rate": 0.26699518327513877,
  "ff_dim": 256,
  "l2_reg": 0.0075999260624736225,
  "learning_rate": 0.00010847869339707928,
  "num_heads": 8,
  "num_layers": 3
}