{
  "observation_covariance": 0.7527711741633779,
  "transition_covariance": 0.07616021562846345
}
