{
  "batch_size": 32,
  "dropout_rate": 0.45825588358694447,
  "ff_dim": 512,
  "l2_reg": 5.700032704592331e-05,
  "learning_rate": 0.00025285571522905856,
  "lookback": 30,
  "num_heads": 4,
  "num_layers": 1,
  "sequence_length": 30
}