{
  "batch_size": 64,
  "dropout_rate": 0.46678562142454094,
  "ff_dim": 256,
  "l2_reg": 0.0004712190383422065,
  "learning_rate": 4.7247701529107575e-05,
  "lookback": 30,
  "num_heads": 2,
  "num_layers": 2,
  "sequence_length": 30
}