{
  "batch_size": 64,
  "dropout_rate": 0.2231626885528919,
  "ff_dim": 128,
  "l2_reg": 0.0004601230560860067,
  "learning_rate": 0.00042546689516103324,
  "lookback": 90,
  "num_heads": 8,
  "num_layers": 3,
  "sequence_length": 30
}