{
  "batch_size": 32,
  "dropout_rate": 0.18640260803957195,
  "ff_dim": 512,
  "l2_reg": 1.942217167070226e-05,
  "learning_rate": 9.242594378881551e-06,
  "num_heads": 2,
  "num_layers": 2
}