{
  "batch_size": 64,
  "dropout_rate": 0.38194629985070566,
  "ff_dim": 256,
  "l2_reg": 0.00011048856690040714,
  "learning_rate": 1.439484853044144e-05,
  "lookback": 30,
  "num_heads": 2,
  "num_layers": 2,
  "sequence_length": 30
}