{
  "batch_size": 16,
  "dropout_rate": 0.15068831461922533,
  "ff_dim": 512,
  "l2_reg": 0.0004938173943099836,
  "learning_rate": 0.00019142043927808174,
  "num_heads": 4,
  "num_layers": 3
}