{
  "batch_size": 16,
  "dropout_rate": 0.1512417659624246,
  "ff_dim": 256,
  "l2_reg": 1.1865918050979364e-05,
  "learning_rate": 1.1646912893787388e-06,
  "num_heads": 8,
  "num_layers": 4
}