{
  "batch_size": 16,
  "dropout_rate": 0.10154151462835284,
  "ff_dim": 512,
  "l2_reg": 0.00028954908079961727,
  "learning_rate": 8.353348161866392e-05,
  "num_heads": 4,
  "num_layers": 4
}