{
  "batch_size": 64,
  "dropout_rate": 0.12376319649382479,
  "ff_dim": 128,
  "l2_reg": 0.001516626749535208,
  "learning_rate": 9.411962641522875e-05,
  "num_heads": 4,
  "num_layers": 4
}