{
  "batch_size": 32,
  "dropout_rate": 0.4641003151049864,
  "ff_dim": 256,
  "l2_reg": 2.3153232331486044e-05,
  "learning_rate": 4.5213081069368465e-05,
  "num_heads": 4,
  "num_layers": 3
}