{
  "batch_size": 32,
  "dropout_rate": 0.20854829681386503,
  "ff_dim": 512,
  "l2_reg": 0.0002695605897294296,
  "learning_rate": 1.5140863419532822e-06,
  "lookback": 30,
  "num_heads": 2,
  "num_layers": 1,
  "sequence_length": 30
}