{
  "batch_size": 32,
  "dropout_rate": 0.4350041908875445,
  "ff_dim": 128,
  "l2_reg": 0.007464500089799951,
  "learning_rate": 3.680217186937399e-05,
  "num_heads": 4,
  "num_layers": 4
}