{
  "batch_size": 32,
  "dropout_rate": 0.249816047538945,
  "ff_dim": 512,
  "l2_reg": 0.00951207163345817,
  "learning_rate": 0.0007322619478695938,
  "lookback": 30,
  "num_heads": 2,
  "num_layers": 1,
  "sequence_length": 30
}