{
  "batch_size": 32,
  "dropout_rate": 0.12488070590102651,
  "ff_dim": 512,
  "l2_reg": 0.0007208330180408744,
  "learning_rate": 2.92299218581785e-06,
  "lookback": 30,
  "num_heads": 2,
  "num_layers": 1,
  "sequence_length": 30
}