{
  "batch_size": 64,
  "dropout_rate": 0.3420604963344378,
  "ff_dim": 512,
  "l2_reg": 7.314354189194789e-05,
  "learning_rate": 3.7342071923929814e-06,
  "lookback": 30,
  "num_heads": 2,
  "num_layers": 2,
  "sequence_length": 30
}