{
  "batch_size": 128,
  "buffer_size": 10000,
  "ent_coef": 0.022344724088304915,
  "gamma": 0.9340118848728257,
  "learning_rate": 9.506655493889154e-05,
  "tau": 0.08163306736055195
}