{
  "batch_size": 32,
  "dropout_rate": 0.1748940727379284,
  "ff_dim": 512,
  "l2_reg": 0.00022319676841289017,
  "learning_rate": 2.3105881850186692e-06,
  "lookback": 30,
  "num_heads": 2,
  "num_layers": 1,
  "sequence_length": 30
}