{
  "batch_size": 16,
  "dropout_rate": 0.16828609683674634,
  "ff_dim": 512,
  "l2_reg": 4.147581090105721e-06,
  "learning_rate": 4.4171445012618314e-06,
  "num_heads": 2,
  "num_layers": 3
}