{
  "batch_size": 128,
  "dropout_rate": 0.46251688825836834,
  "ff_dim": 128,
  "l2_reg": 1.304372765715042e-05,
  "learning_rate": 0.00010498830440899365,
  "lookback": 30,
  "num_heads": 8,
  "num_layers": 3,
  "sequence_length": 30
}