{
  "batch_size": 256,
  "buffer_size": 100000,
  "ent_coef": 0.007033794718821307,
  "gamma": 0.9152629869622982,
  "learning_rate": 1.481507821903145e-05,
  "tau": 0.005852483305352887
}