{
  "batch_size": 16,
  "dropout_rate": 0.11909415262631314,
  "ff_dim": 512,
  "l2_reg": 1.9617293045270178e-06,
  "learning_rate": 0.00021654041669521686,
  "num_heads": 8,
  "num_layers": 4
}