{
  "batch_size": 32,
  "dropout_rate": 0.173542164397482,
  "ff_dim": 512,
  "l2_reg": 0.0003116915045781522,
  "learning_rate": 1.8131618686499606e-06,
  "lookback": 30,
  "num_heads": 2,
  "num_layers": 1,
  "sequence_length": 30
}