{
  "batch_size": 16,
  "dropout_rate": 0.3504088087181485,
  "ff_dim": 512,
  "l2_reg": 0.0004925748015892934,
  "learning_rate": 1.0964582308574881e-05,
  "num_heads": 4,
  "num_layers": 3
}