{
  "batch_size": 32,
  "dropout_rate": 0.19108333384611764,
  "ff_dim": 512,
  "l2_reg": 0.0002259566364491406,
  "learning_rate": 1.3914905451617224e-06,
  "lookback": 30,
  "num_heads": 2,
  "num_layers": 1,
  "sequence_length": 30
}