{
  "batch_size": 64,
  "dropout_rate": 0.41725580778939386,
  "ff_dim": 256,
  "l2_reg": 0.0001799160429857381,
  "learning_rate": 1.528009822233994e-05,
  "lookback": 30,
  "num_heads": 2,
  "num_layers": 2,
  "sequence_length": 30
}