{
  "batch_size": 32,
  "dropout_rate": 0.12744312833341015,
  "ff_dim": 128,
  "l2_reg": 0.00020819701193198982,
  "learning_rate": 1.2296305641435133e-05,
  "num_heads": 2,
  "num_layers": 2
}