{
  "batch_size": 128,
  "dropout_rate": 0.4988562136156708,
  "ff_dim": 256,
  "l2_reg": 0.0009736892309077906,
  "learning_rate": 0.0004433891372370907,
  "lookback": 30,
  "num_heads": 8,
  "num_layers": 2,
  "sequence_length": 30
}