{
  "batch_size": 32,
  "dropout_rate": 0.20597194134064664,
  "ff_dim": 512,
  "l2_reg": 0.0002931824379933089,
  "learning_rate": 1.7717877250626893e-06,
  "lookback": 30,
  "num_heads": 2,
  "num_layers": 1,
  "sequence_length": 30
}