{
  "batch_size": 32,
  "dropout_rate": 0.3338328471685582,
  "ff_dim": 128,
  "l2_reg": 3.6714601676237744e-05,
  "learning_rate": 8.220567641207414e-05,
  "lookback": 30,
  "num_heads": 2,
  "num_layers": 4,
  "sequence_length": 30
}