{
  "batch_size": 32,
  "dropout_rate": 0.39347619120711663,
  "ff_dim": 256,
  "l2_reg": 1.723197268474032e-05,
  "learning_rate": 9.8448338996437e-05,
  "num_heads": 4,
  "num_layers": 4
}