{
  "batch_size": 64,
  "dropout_rate": 0.3958044669010933,
  "ff_dim": 128,
  "l2_reg": 1.107171767433177e-05,
  "learning_rate": 0.0007258497900639767,
  "num_heads": 8,
  "num_layers": 3
}