{
  "batch_size": 64,
  "dropout_rate": 0.4210050880657603,
  "ff_dim": 256,
  "l2_reg": 0.00037815130676652886,
  "learning_rate": 2.1016037380154707e-05,
  "lookback": 30,
  "num_heads": 2,
  "num_layers": 2,
  "sequence_length": 30
}