{
  "observation_covariance": 0.05348706638490088,
  "transition_covariance": 0.0017498839364786592
}
