{
  "batch_size": 32,
  "dropout_rate": 0.20866546375624548,
  "ff_dim": 512,
  "l2_reg": 0.00021335731797888054,
  "learning_rate": 1.5599968820193888e-06,
  "lookback": 30,
  "num_heads": 2,
  "num_layers": 1,
  "sequence_length": 30
}