{
  "batch_size": 32,
  "dropout_rate": 0.4668735193618706,
  "ff_dim": 128,
  "l2_reg": 0.0006801922351259976,
  "learning_rate": 0.0004964766384079241,
  "lookback": 30,
  "num_heads": 8,
  "num_layers": 1,
  "sequence_length": 30
}