{
  "batch_size": 32,
  "dropout_rate": 0.13915023999269396,
  "ff_dim": 512,
  "l2_reg": 8.021288608942858e-05,
  "learning_rate": 7.84564427403857e-05,
  "num_heads": 4,
  "num_layers": 2
}