{
  "batch_size": 64,
  "dropout_rate": 0.35555669873926,
  "ff_dim": 512,
  "l2_reg": 0.000927636996635975,
  "learning_rate": 5.184563005536554e-06,
  "num_heads": 4,
  "num_layers": 3
}