{
  "batch_size": 32,
  "dropout_rate": 0.19721167831221176,
  "ff_dim": 512,
  "l2_reg": 0.0002065489984996921,
  "learning_rate": 1.172211406852603e-06,
  "lookback": 30,
  "num_heads": 2,
  "num_layers": 1,
  "sequence_length": 30
}