{
  "batch_size": 64,
  "dropout_rate": 0.16971607751360407,
  "ff_dim": 128,
  "l2_reg": 2.4992905910002552e-05,
  "learning_rate": 6.761264195927391e-05,
  "num_heads": 2,
  "num_layers": 3
}