{
  "batch_size": 32,
  "dropout_rate": 0.10565559981385145,
  "ff_dim": 512,
  "l2_reg": 0.0005143114708945415,
  "learning_rate": 4.399340786964053e-06,
  "lookback": 30,
  "num_heads": 2,
  "num_layers": 1,
  "sequence_length": 30
}