{
  "batch_size": 32,
  "dropout_rate": 0.20138293093878065,
  "ff_dim": 512,
  "l2_reg": 0.00023999612881901394,
  "learning_rate": 1.3395294047865025e-06,
  "lookback": 30,
  "num_heads": 2,
  "num_layers": 1,
  "sequence_length": 30
}