{
  "batch_size": 256,
  "buffer_size": 100000,
  "ent_coef": 0.01931270517738063,
  "gamma": 0.9052652107965276,
  "learning_rate": 0.00013854669679921636,
  "tau": 0.02597756862277931
}