{
  "batch_size": 32,
  "dropout_rate": 0.41657859437311356,
  "ff_dim": 256,
  "l2_reg": 0.0007624901042416153,
  "learning_rate": 8.43518100511073e-05,
  "lookback": 30,
  "num_heads": 2,
  "num_layers": 2,
  "sequence_length": 30
}