{
  "batch_size": 64,
  "dropout_rate": 0.20987973505463892,
  "ff_dim": 256,
  "l2_reg": 1.707570647287035e-06,
  "learning_rate": 6.959100548949319e-06,
  "lookback": 30,
  "num_heads": 8,
  "num_layers": 3,
  "sequence_length": 30
}