{
  "batch_size": 64,
  "dropout_rate": 0.365871974886661,
  "ff_dim": 256,
  "l2_reg": 0.0001236525664476052,
  "learning_rate": 1.0564170238157187e-05,
  "lookback": 30,
  "num_heads": 2,
  "num_layers": 2,
  "sequence_length": 30
}