{
  "batch_size": 16,
  "dropout_rate": 0.49093894927256654,
  "ff_dim": 128,
  "l2_reg": 6.084357274034568e-06,
  "learning_rate": 0.0003425611066433018,
  "num_heads": 8,
  "num_layers": 4
}