{
  "batch_size": 64,
  "dropout_rate": 0.31274926333553554,
  "ff_dim": 512,
  "l2_reg": 0.0009055877395753667,
  "learning_rate": 3.908461724327276e-05,
  "lookback": 30,
  "num_heads": 4,
  "num_layers": 1,
  "sequence_length": 30
}