{
  "batch_size": 32,
  "dropout_rate": 0.25323136587058986,
  "ff_dim": 128,
  "l2_reg": 1.3993637825617573e-05,
  "learning_rate": 1.311131626423099e-06,
  "num_heads": 2,
  "num_layers": 3
}