{
  "batch_size": 16,
  "dropout_rate": 0.29031590366209403,
  "ff_dim": 512,
  "l2_reg": 0.000539954085339587,
  "learning_rate": 0.00013001814500521766,
  "num_heads": 2,
  "num_layers": 2
}