{
  "batch_size": 32,
  "dropout_rate": 0.19475169167808876,
  "ff_dim": 512,
  "l2_reg": 0.00022897460687990392,
  "learning_rate": 1.5423498606850253e-06,
  "lookback": 30,
  "num_heads": 2,
  "num_layers": 1,
  "sequence_length": 30
}