{
  "batch_size": 512,
  "buffer_size": 50000,
  "ent_coef": 0.008792038767478453,
  "gamma": 0.9839265478565833,
  "learning_rate": 2.4375172697491076e-05,
  "tau": 0.03173776796151461
}