{
  "batch_size": 32,
  "dropout_rate": 0.3139789447568134,
  "ff_dim": 512,
  "l2_reg": 0.0005359732082836895,
  "learning_rate": 5.8683724197401246e-05,
  "lookback": 30,
  "num_heads": 8,
  "num_layers": 1,
  "sequence_length": 30
}