{
  "batch_size": 64,
  "dropout_rate": 0.29092061705736083,
  "ff_dim": 256,
  "l2_reg": 4.809345956343786e-05,
  "learning_rate": 0.0005979204944214771,
  "lookback": 30,
  "num_heads": 4,
  "num_layers": 1,
  "sequence_length": 30
}