{
  "batch_size": 128,
  "dropout_rate": 0.4850650111950441,
  "ff_dim": 256,
  "l2_reg": 0.0001884863538659369,
  "learning_rate": 2.5072695579229272e-06,
  "lookback": 30,
  "num_heads": 2,
  "num_layers": 2,
  "sequence_length": 30
}