{
  "batch_size": 512,
  "buffer_size": 50000,
  "ent_coef": 0.0071362299293517804,
  "gamma": 0.9260348803859146,
  "learning_rate": 8.255396513757868e-05,
  "tau": 0.08868735500194014
}