{
  "batch_size": 16,
  "dropout_rate": 0.43896944487292455,
  "ff_dim": 128,
  "l2_reg": 7.635326817045754e-05,
  "learning_rate": 0.00013467870434699734,
  "num_heads": 8,
  "num_layers": 4
}