{
  "batch_size": 64,
  "dropout_rate": 0.4761654305996383,
  "ff_dim": 256,
  "l2_reg": 0.00013764303035837031,
  "learning_rate": 3.164163605374964e-06,
  "lookback": 30,
  "num_heads": 2,
  "num_layers": 2,
  "sequence_length": 30
}