{
  "batch_size": 64,
  "dropout_rate": 0.3792913680161544,
  "ff_dim": 256,
  "l2_reg": 0.0011266944630898036,
  "learning_rate": 1.0026336522008404e-05,
  "num_heads": 2,
  "num_layers": 2
}