{
  "batch_size": 64,
  "dropout_rate": 0.4905664202181465,
  "ff_dim": 256,
  "l2_reg": 5.18483028691253e-05,
  "learning_rate": 1.5883667387282137e-05,
  "lookback": 30,
  "num_heads": 2,
  "num_layers": 2,
  "sequence_length": 30
}