{
  "batch_size": 32,
  "dropout_rate": 0.19601864969281352,
  "ff_dim": 512,
  "l2_reg": 0.00027892662629595453,
  "learning_rate": 1.930681405824671e-06,
  "lookback": 30,
  "num_heads": 2,
  "num_layers": 1,
  "sequence_length": 30
}