{
  "batch_size": 64,
  "dropout_rate": 0.3421582327067359,
  "ff_dim": 512,
  "l2_reg": 0.0006527772518268553,
  "learning_rate": 7.621071644862912e-05,
  "num_heads": 8,
  "num_layers": 2
}