{
  "batch_size": 64,
  "dropout_rate": 0.4380054729494861,
  "ff_dim": 256,
  "l2_reg": 0.0008391402636248814,
  "learning_rate": 1.9423251032683153e-05,
  "lookback": 30,
  "num_heads": 2,
  "num_layers": 2,
  "sequence_length": 30
}