{
  "batch_size": 32,
  "dropout_rate": 0.4875551802961403,
  "ff_dim": 128,
  "l2_reg": 0.0002323927116395004,
  "learning_rate": 1.1081547221457109e-05,
  "lookback": 30,
  "num_heads": 8,
  "num_layers": 2,
  "sequence_length": 30
}