{
  "batch_size": 128,
  "dropout_rate": 0.4168084962327531,
  "ff_dim": 256,
  "l2_reg": 0.0008848158997394874,
  "learning_rate": 2.323871466397885e-06,
  "lookback": 30,
  "num_heads": 2,
  "num_layers": 2,
  "sequence_length": 30
}