{
  "batch_size": 32,
  "dropout_rate": 0.4901571369510802,
  "ff_dim": 128,
  "l2_reg": 1.3184528537726389e-05,
  "learning_rate": 0.0009553774793469752,
  "num_heads": 2,
  "num_layers": 4
}