{
  "batch_size": 64,
  "dropout_rate": 0.42072432624145095,
  "ff_dim": 256,
  "l2_reg": 0.0006411519031556695,
  "learning_rate": 1.3313639393364629e-05,
  "lookback": 30,
  "num_heads": 2,
  "num_layers": 2,
  "sequence_length": 30
}