{
  "batch_size": 32,
  "dropout_rate": 0.17317420444269116,
  "ff_dim": 512,
  "l2_reg": 0.0003667144939128648,
  "learning_rate": 4.713003705823212e-06,
  "lookback": 30,
  "num_heads": 2,
  "num_layers": 1,
  "sequence_length": 30
}