{
  "batch_size": 32,
  "dropout_rate": 0.19795050677857595,
  "ff_dim": 512,
  "l2_reg": 0.00023725929679308802,
  "learning_rate": 1.033366938227108e-06,
  "lookback": 30,
  "num_heads": 2,
  "num_layers": 1,
  "sequence_length": 30
}