{
  "batch_size": 32,
  "dropout_rate": 0.20663166668336874,
  "ff_dim": 512,
  "l2_reg": 0.00024144021872637283,
  "learning_rate": 1.6803147729780592e-06,
  "lookback": 30,
  "num_heads": 2,
  "num_layers": 1,
  "sequence_length": 30
}