{
  "batch_size": 16,
  "dropout_rate": 0.3877190452502678,
  "ff_dim": 128,
  "l2_reg": 3.7039107436664437e-06,
  "learning_rate": 3.546904234492065e-05,
  "num_heads": 4,
  "num_layers": 2
}