{
  "batch_size": 64,
  "dropout_rate": 0.31731687752918736,
  "ff_dim": 256,
  "l2_reg": 9.054873647042021e-05,
  "learning_rate": 2.572287045298039e-05,
  "num_heads": 2,
  "num_layers": 2
}