{
  "batch_size": 32,
  "dropout_rate": 0.20085334744905542,
  "ff_dim": 512,
  "l2_reg": 0.0002841659811763369,
  "learning_rate": 1.115992186109684e-06,
  "lookback": 30,
  "num_heads": 2,
  "num_layers": 1,
  "sequence_length": 30
}