{
  "batch_size": 32,
  "dropout_rate": 0.2070270954952798,
  "ff_dim": 512,
  "l2_reg": 0.00020462112742906753,
  "learning_rate": 1.623615002682383e-06,
  "lookback": 30,
  "num_heads": 2,
  "num_layers": 1,
  "sequence_length": 30
}