{
  "batch_size": 32,
  "dropout_rate": 0.4963099241155742,
  "ff_dim": 128,
  "l2_reg": 0.006933572261656198,
  "learning_rate": 2.704328387644732e-05,
  "num_heads": 4,
  "num_layers": 2
}