{
  "batch_size": 32,
  "dropout_rate": 0.19144978157094864,
  "ff_dim": 512,
  "l2_reg": 0.0002487552197868649,
  "learning_rate": 1.6368329301324613e-06,
  "lookback": 30,
  "num_heads": 2,
  "num_layers": 1,
  "sequence_length": 30
}