{
  "batch_size": 32,
  "dropout_rate": 0.32970915020164654,
  "ff_dim": 128,
  "l2_reg": 0.0006081640066861261,
  "learning_rate": 3.1542552222679684e-05,
  "num_heads": 8,
  "num_layers": 3
}