{
  "batch_size": 32,
  "dropout_rate": 0.3830411032136216,
  "ff_dim": 256,
  "l2_reg": 2.4338784876248643e-05,
  "learning_rate": 1.017518222452649e-05,
  "num_heads": 2,
  "num_layers": 3
}