{
  "observation_covariance": 0.3717205295004409,
  "transition_covariance": 0.0014591334826089997
}
