{
  "batch_size": 32,
  "dropout_rate": 0.19494016395156397,
  "ff_dim": 512,
  "l2_reg": 0.00021638647227044614,
  "learning_rate": 1.600616190966764e-06,
  "lookback": 30,
  "num_heads": 2,
  "num_layers": 1,
  "sequence_length": 30
}