{
  "batch_size": 64,
  "buffer_size": 10000,
  "ent_coef": 0.0014339997575543043,
  "gamma": 0.9091840494660695,
  "learning_rate": 0.00045478609384421803,
  "tau": 0.014457875662116065
}