{
  "batch_size": 64,
  "dropout_rate": 0.3583505048240346,
  "ff_dim": 256,
  "l2_reg": 0.00025868560367390506,
  "learning_rate": 1.160492084691447e-05,
  "lookback": 30,
  "num_heads": 2,
  "num_layers": 2,
  "sequence_length": 30
}