{
  "observation_covariance": 0.5522907923569497,
  "transition_covariance": 0.02127258913978413
}
