{
  "batch_size": 32,
  "dropout_rate": 0.19876784126927016,
  "ff_dim": 512,
  "l2_reg": 0.0002412049206885313,
  "learning_rate": 1.0534523683712609e-06,
  "lookback": 30,
  "num_heads": 2,
  "num_layers": 1,
  "sequence_length": 30
}