{
  "batch_size": 32,
  "dropout_rate": 0.4130120401596626,
  "ff_dim": 256,
  "l2_reg": 2.097770777563321e-05,
  "learning_rate": 5.983209287824031e-06,
  "lookback": 30,
  "num_heads": 2,
  "num_layers": 2,
  "sequence_length": 30
}