{
  "batch_size": 64,
  "dropout_rate": 0.40827898421993547,
  "ff_dim": 256,
  "l2_reg": 1.8860547755525859e-06,
  "learning_rate": 1.6992965061735892e-06,
  "num_heads": 8,
  "num_layers": 3
}