{
  "batch_size": 16,
  "dropout_rate": 0.4969153069658777,
  "ff_dim": 128,
  "l2_reg": 0.005932609056351176,
  "learning_rate": 1.3391475134430534e-05,
  "num_heads": 2,
  "num_layers": 2
}