{
  "batch_size": 256,
  "buffer_size": 10000,
  "ent_coef": 0.04647651041862144,
  "gamma": 0.9442437989880579,
  "learning_rate": 0.0002868172203168961,
  "tau": 0.08908749889537716
}