{
  "batch_size": 32,
  "dropout_rate": 0.1196441418340941,
  "ff_dim": 512,
  "l2_reg": 0.0007758461985738421,
  "learning_rate": 1.6939053451350645e-06,
  "lookback": 30,
  "num_heads": 2,
  "num_layers": 1,
  "sequence_length": 30
}