{
  "batch_size": 32,
  "dropout_rate": 0.19114814624925927,
  "ff_dim": 512,
  "l2_reg": 0.0002359665892705816,
  "learning_rate": 1.6655747776453606e-06,
  "lookback": 30,
  "num_heads": 2,
  "num_layers": 1,
  "sequence_length": 30
}