{
  "batch_size": 64,
  "dropout_rate": 0.13922761568257327,
  "ff_dim": 128,
  "l2_reg": 0.0037397450447720416,
  "learning_rate": 6.808103562321141e-05,
  "num_heads": 4,
  "num_layers": 3
}