{
  "batch_size": 32,
  "dropout_rate": 0.28353808425094457,
  "ff_dim": 128,
  "l2_reg": 0.0002567789550603197,
  "learning_rate": 3.753834514931661e-05,
  "num_heads": 2,
  "num_layers": 3
}