{
  "batch_size": 128,
  "buffer_size": 100000,
  "ent_coef": 0.0342499868199441,
  "gamma": 0.9798368000547326,
  "learning_rate": 1.0280721184768266e-05,
  "tau": 0.023425557490854898
}