{
  "batch_size": 64,
  "dropout_rate": 0.23443207883560377,
  "ff_dim": 512,
  "l2_reg": 9.174848646513013e-06,
  "learning_rate": 0.00022735143119503967,
  "num_heads": 2,
  "num_layers": 3
}