{
  "batch_size": 512,
  "buffer_size": 50000,
  "ent_coef": 0.04909284486985055,
  "gamma": 0.9000903603114924,
  "learning_rate": 1.6940686712848414e-05,
  "tau": 0.016347699873724142
}