{
  "batch_size": 32,
  "dropout_rate": 0.20694961660225997,
  "ff_dim": 512,
  "l2_reg": 0.0002703760540358855,
  "learning_rate": 1.8318645903168082e-06,
  "lookback": 30,
  "num_heads": 2,
  "num_layers": 1,
  "sequence_length": 30
}