{
  "batch_size": 32,
  "dropout_rate": 0.1940705029016542,
  "ff_dim": 512,
  "l2_reg": 0.00020480989695252364,
  "learning_rate": 1.592902343826317e-06,
  "lookback": 30,
  "num_heads": 2,
  "num_layers": 1,
  "sequence_length": 30
}