{
  "batch_size": 32,
  "dropout_rate": 0.19690341859878394,
  "ff_dim": 512,
  "l2_reg": 0.0002908830058829363,
  "learning_rate": 1.2597918618219824e-06,
  "lookback": 30,
  "num_heads": 2,
  "num_layers": 1,
  "sequence_length": 30
}