{
  "batch_size": 128,
  "buffer_size": 10000,
  "ent_coef": 0.01214971073139954,
  "gamma": 0.9525632468591336,
  "learning_rate": 5.292818332418538e-05,
  "tau": 0.04457323891444952
}