{
  "batch_size": 32,
  "dropout_rate": 0.19145874791372836,
  "ff_dim": 512,
  "l2_reg": 0.0002521948599910846,
  "learning_rate": 1.8010120451375122e-06,
  "lookback": 30,
  "num_heads": 2,
  "num_layers": 1,
  "sequence_length": 30
}