{
  "batch_size": 32,
  "dropout_rate": 0.15788179942314762,
  "ff_dim": 512,
  "l2_reg": 0.00020907208276956709,
  "learning_rate": 2.3761108309922403e-06,
  "lookback": 30,
  "num_heads": 2,
  "num_layers": 1,
  "sequence_length": 30
}