{
  "batch_size": 64,
  "dropout_rate": 0.40807897687700395,
  "ff_dim": 256,
  "l2_reg": 0.0007429832952935993,
  "learning_rate": 3.093547143362917e-05,
  "lookback": 30,
  "num_heads": 2,
  "num_layers": 2,
  "sequence_length": 30
}