{
  "batch_size": 32,
  "dropout_rate": 0.19723019507108586,
  "ff_dim": 512,
  "l2_reg": 0.0002970459205308476,
  "learning_rate": 1.5051941399900121e-06,
  "lookback": 30,
  "num_heads": 2,
  "num_layers": 1,
  "sequence_length": 30
}