{
  "batch_size": 32,
  "dropout_rate": 0.4338131249990146,
  "ff_dim": 256,
  "l2_reg": 0.0007789373232434699,
  "learning_rate": 0.0008007575477476189,
  "num_heads": 8,
  "num_layers": 2
}