{
  "batch_size": 64,
  "dropout_rate": 0.37995793476286827,
  "ff_dim": 256,
  "l2_reg": 0.0008874357490484322,
  "learning_rate": 1.7176748454650988e-05,
  "lookback": 30,
  "num_heads": 2,
  "num_layers": 2,
  "sequence_length": 30
}