{
  "batch_size": 128,
  "dropout_rate": 0.1568900182897157,
  "ff_dim": 256,
  "l2_reg": 1.6865937158551932e-05,
  "learning_rate": 0.0006769717975477366,
  "lookback": 30,
  "num_heads": 4,
  "num_layers": 1,
  "sequence_length": 30
}