{
  "batch_size": 32,
  "dropout_rate": 0.14688666503555192,
  "ff_dim": 512,
  "l2_reg": 0.00032635929294330473,
  "learning_rate": 5.086547085058122e-06,
  "lookback": 30,
  "num_heads": 2,
  "num_layers": 1,
  "sequence_length": 30
}