{
  "batch_size": 32,
  "dropout_rate": 0.1684365786674695,
  "ff_dim": 512,
  "l2_reg": 0.00035208481328940307,
  "learning_rate": 6.062943635276808e-06,
  "lookback": 30,
  "num_heads": 2,
  "num_layers": 1,
  "sequence_length": 30
}