{
  "batch_size": 512,
  "buffer_size": 100000,
  "ent_coef": 0.004850229875034631,
  "gamma": 0.9343567932708665,
  "learning_rate": 5.1486016050707504e-05,
  "tau": 0.015165169098118481
}