{
  "batch_size": 64,
  "dropout_rate": 0.35719849004851206,
  "ff_dim": 256,
  "l2_reg": 0.00011051277636113514,
  "learning_rate": 9.629451390678068e-06,
  "lookback": 30,
  "num_heads": 2,
  "num_layers": 2,
  "sequence_length": 30
}