{
  "batch_size": 256,
  "buffer_size": 50000,
  "ent_coef": 0.0018880322461484777,
  "gamma": 0.9071792907794411,
  "learning_rate": 1.4782123567887209e-05,
  "tau": 0.01866273614411734
}