{
  "batch_size": 32,
  "dropout_rate": 0.1501523178218936,
  "ff_dim": 512,
  "l2_reg": 0.00027292952767666293,
  "learning_rate": 2.9368436164801663e-06,
  "lookback": 30,
  "num_heads": 2,
  "num_layers": 1,
  "sequence_length": 30
}