{
  "batch_size": 64,
  "buffer_size": 10000,
  "ent_coef": 0.07044711117649212,
  "gamma": 0.9300525791586494,
  "learning_rate": 0.0003587276623969554,
  "tau": 0.08060431141570913
}