{
  "batch_size": 16,
  "dropout_rate": 0.4065396157876817,
  "ff_dim": 256,
  "l2_reg": 1.6581597036270918e-06,
  "learning_rate": 2.3059491682688813e-05,
  "num_heads": 8,
  "num_layers": 3
}