{
  "batch_size": 32,
  "dropout_rate": 0.20793929607857764,
  "ff_dim": 512,
  "l2_reg": 0.00022694671370142918,
  "learning_rate": 1.0745827769261567e-06,
  "lookback": 30,
  "num_heads": 2,
  "num_layers": 1,
  "sequence_length": 30
}