{
  "batch_size": 64,
  "dropout_rate": 0.3890907803267624,
  "ff_dim": 256,
  "l2_reg": 0.00015666506749517907,
  "learning_rate": 1.0979439782337482e-05,
  "lookback": 30,
  "num_heads": 2,
  "num_layers": 2,
  "sequence_length": 30
}