{
  "batch_size": 64,
  "dropout_rate": 0.4254072684812723,
  "ff_dim": 256,
  "l2_reg": 0.0007607175575786851,
  "learning_rate": 9.567495599985235e-05,
  "num_heads": 2,
  "num_layers": 2
}