{
  "batch_size": 32,
  "dropout_rate": 0.4461193470540722,
  "ff_dim": 512,
  "l2_reg": 2.259005835593298e-05,
  "learning_rate": 1.476487425906678e-05,
  "num_heads": 4,
  "num_layers": 2
}