{
  "batch_size": 32,
  "dropout_rate": 0.2658147139110756,
  "ff_dim": 512,
  "l2_reg": 0.00010404586752355614,
  "learning_rate": 1.1340293362232047e-05,
  "num_heads": 2,
  "num_layers": 4
}