{
  "batch_size": 32,
  "dropout_rate": 0.35353642975027555,
  "ff_dim": 128,
  "l2_reg": 1.5340942491225884e-05,
  "learning_rate": 1.2450252477378801e-05,
  "lookback": 30,
  "num_heads": 4,
  "num_layers": 2,
  "sequence_length": 30
}