{
  "batch_size": 16,
  "dropout_rate": 0.3310394248054871,
  "ff_dim": 128,
  "l2_reg": 2.5556482583583077e-06,
  "learning_rate": 0.0008657175152044893,
  "num_heads": 4,
  "num_layers": 3
}