{
  "batch_size": 128,
  "buffer_size": 100000,
  "ent_coef": 0.001342712852642292,
  "gamma": 0.957532189193555,
  "learning_rate": 1.6850977660364903e-05,
  "tau": 0.04000774756835191
}