{
  "batch_size": 16,
  "dropout_rate": 0.43756658447868413,
  "ff_dim": 512,
  "l2_reg": 4.5659142593297255e-05,
  "learning_rate": 4.2488652777054427e-05,
  "num_heads": 8,
  "num_layers": 2
}