{
  "batch_size": 64,
  "buffer_size": 50000,
  "ent_coef": 0.007984225910236245,
  "gamma": 0.9297664376260343,
  "learning_rate": 0.00018092508970219244,
  "tau": 0.0062143355372161905
}