{
  "batch_size": 32,
  "dropout_rate": 0.3127252994589558,
  "ff_dim": 512,
  "l2_reg": 0.0003072431659623791,
  "learning_rate": 3.09877063226436e-05,
  "lookback": 30,
  "num_heads": 8,
  "num_layers": 1,
  "sequence_length": 30
}