{
  "batch_size": 32,
  "dropout_rate": 0.19129888163739212,
  "ff_dim": 512,
  "l2_reg": 0.00028666758324691447,
  "learning_rate": 1.4962196979230776e-06,
  "lookback": 30,
  "num_heads": 2,
  "num_layers": 1,
  "sequence_length": 30
}