{
  "batch_size": 32,
  "dropout_rate": 0.4768834320438601,
  "ff_dim": 128,
  "l2_reg": 0.00015535033887423543,
  "learning_rate": 0.00013588452737709928,
  "num_heads": 2,
  "num_layers": 3
}