{
  "batch_size": 64,
  "dropout_rate": 0.36907097408774664,
  "ff_dim": 256,
  "l2_reg": 0.00020950057149094175,
  "learning_rate": 1.0469672164777701e-05,
  "lookback": 30,
  "num_heads": 2,
  "num_layers": 2,
  "sequence_length": 30
}