{
  "batch_size": 512,
  "buffer_size": 50000,
  "ent_coef": 0.0027922647784463382,
  "gamma": 0.9762859453507733,
  "learning_rate": 0.00028060117260357673,
  "tau": 0.039768847809912335
}