{
  "batch_size": 512,
  "buffer_size": 10000,
  "ent_coef": 0.003911153178651319,
  "gamma": 0.9005444840381406,
  "learning_rate": 0.00026374192143930697,
  "tau": 0.04806713134034903
}