{
  "batch_size": 64,
  "dropout_rate": 0.35885216824027427,
  "ff_dim": 256,
  "l2_reg": 0.000640117289395672,
  "learning_rate": 1.321724024659862e-05,
  "lookback": 30,
  "num_heads": 2,
  "num_layers": 2,
  "sequence_length": 30
}