{
  "batch_size": 32,
  "dropout_rate": 0.19175839117455637,
  "ff_dim": 512,
  "l2_reg": 0.00027269429868450023,
  "learning_rate": 1.114609659256563e-06,
  "lookback": 30,
  "num_heads": 2,
  "num_layers": 1,
  "sequence_length": 30
}