{
  "batch_size": 32,
  "dropout_rate": 0.144460326961244,
  "ff_dim": 512,
  "l2_reg": 1.1060263539381613e-05,
  "learning_rate": 7.225013915714794e-05,
  "num_heads": 8,
  "num_layers": 2
}