{
  "batch_size": 64,
  "dropout_rate": 0.25297587815863337,
  "ff_dim": 512,
  "l2_reg": 0.00022322599925250498,
  "learning_rate": 3.4916781694583956e-05,
  "num_heads": 8,
  "num_layers": 4
}