{
  "batch_size": 32,
  "dropout_rate": 0.1641671260987848,
  "ff_dim": 512,
  "l2_reg": 0.00040726849131242663,
  "learning_rate": 1.7500935960526594e-06,
  "lookback": 30,
  "num_heads": 2,
  "num_layers": 1,
  "sequence_length": 30
}