{
  "batch_size": 64,
  "dropout_rate": 0.23260187951943534,
  "ff_dim": 128,
  "l2_reg": 0.0001308073247504731,
  "learning_rate": 0.00010791433591165553,
  "lookback": 30,
  "num_heads": 8,
  "num_layers": 1,
  "sequence_length": 30
}