{
  "batch_size": 32,
  "dropout_rate": 0.2058957939819422,
  "ff_dim": 512,
  "l2_reg": 0.0002787071734127677,
  "learning_rate": 1.0643701989282378e-06,
  "lookback": 30,
  "num_heads": 2,
  "num_layers": 1,
  "sequence_length": 30
}