{
  "batch_size": 16,
  "dropout_rate": 0.48036116748177626,
  "ff_dim": 256,
  "l2_reg": 5.028273073763467e-06,
  "learning_rate": 3.827847958416742e-06,
  "num_heads": 2,
  "num_layers": 4
}