{
  "batch_size": 128,
  "buffer_size": 100000,
  "ent_coef": 0.010502389076060775,
  "gamma": 0.9291475978341015,
  "learning_rate": 0.0005354126174055627,
  "tau": 0.07591201115566801
}