{
  "batch_size": 64,
  "dropout_rate": 0.2821010840374295,
  "ff_dim": 512,
  "l2_reg": 0.00016425884941182142,
  "learning_rate": 1.3280436143460101e-05,
  "num_heads": 8,
  "num_layers": 3
}