{
  "batch_size": 512,
  "buffer_size": 50000,
  "ent_coef": 0.002569338781104759,
  "gamma": 0.9755178977005611,
  "learning_rate": 8.394176850852502e-05,
  "tau": 0.031765264790162395
}