{
  "batch_size": 64,
  "dropout_rate": 0.25801607469114685,
  "ff_dim": 512,
  "l2_reg": 0.0009366679622969551,
  "learning_rate": 0.00011716795146128743,
  "num_heads": 2,
  "num_layers": 4
}