{
  "batch_size": 32,
  "dropout_rate": 0.19340663390440058,
  "ff_dim": 512,
  "l2_reg": 0.00023014616038356998,
  "learning_rate": 1.0710426311455232e-06,
  "lookback": 30,
  "num_heads": 2,
  "num_layers": 1,
  "sequence_length": 30
}