{
  "batch_size": 64,
  "buffer_size": 10000,
  "ent_coef": 0.09162646764226125,
  "gamma": 0.9272243148052517,
  "learning_rate": 1.0424020155797655e-05,
  "tau": 0.08469924436983207
}