{
  "batch_size": 32,
  "dropout_rate": 0.19452045560741993,
  "ff_dim": 512,
  "l2_reg": 0.00021815000722337827,
  "learning_rate": 1.3689807888904359e-06,
  "lookback": 30,
  "num_heads": 2,
  "num_layers": 1,
  "sequence_length": 30
}