{
  "batch_size": 32,
  "dropout_rate": 0.20924958481099712,
  "ff_dim": 512,
  "l2_reg": 0.00024431050501213934,
  "learning_rate": 1.0437664757110138e-06,
  "lookback": 30,
  "num_heads": 2,
  "num_layers": 1,
  "sequence_length": 30
}