{
  "batch_size": 128,
  "buffer_size": 10000,
  "ent_coef": 0.03022639457623101,
  "gamma": 0.9383082614515145,
  "learning_rate": 4.390870319260357e-05,
  "tau": 0.03216089062269929
}