{
  "batch_size": 64,
  "dropout_rate": 0.2491899884528419,
  "ff_dim": 256,
  "l2_reg": 0.0007701870280423843,
  "learning_rate": 0.00016403771759935338,
  "num_heads": 8,
  "num_layers": 4
}