{
  "batch_size": 32,
  "dropout_rate": 0.43671174437093996,
  "ff_dim": 512,
  "l2_reg": 1.6414786386089038e-05,
  "learning_rate": 2.704138726633123e-05,
  "num_heads": 4,
  "num_layers": 2
}