{
  "batch_size": 512,
  "buffer_size": 100000,
  "ent_coef": 0.08472064807342518,
  "gamma": 0.9374722989656129,
  "learning_rate": 1.628903953244137e-05,
  "tau": 0.050388158511929695
}