{
  "batch_size": 64,
  "dropout_rate": 0.210665574113854,
  "ff_dim": 256,
  "l2_reg": 0.007360805677262722,
  "learning_rate": 0.0003549036022928318,
  "num_heads": 4,
  "num_layers": 4
}