{
  "batch_size": 64,
  "dropout_rate": 0.4030034545630649,
  "ff_dim": 256,
  "l2_reg": 0.0005552021699470759,
  "learning_rate": 1.6372511385316155e-05,
  "lookback": 30,
  "num_heads": 2,
  "num_layers": 2,
  "sequence_length": 30
}