{
  "batch_size": 512,
  "buffer_size": 10000,
  "ent_coef": 0.01687009004993565,
  "gamma": 0.9769481880402471,
  "learning_rate": 2.1691695348134638e-05,
  "tau": 0.042915382966727485
}