{
  "batch_size": 64,
  "dropout_rate": 0.32448668790146906,
  "ff_dim": 512,
  "l2_reg": 1.2104036780910533e-05,
  "learning_rate": 7.209657782034928e-05,
  "num_heads": 4,
  "num_layers": 3
}