{
  "batch_size": 64,
  "buffer_size": 50000,
  "ent_coef": 0.007235817644190744,
  "gamma": 0.9363037459973386,
  "learning_rate": 0.00012954328630443744,
  "tau": 0.0309706068784546
}