{
  "batch_size": 32,
  "dropout_rate": 0.2692983064954929,
  "ff_dim": 256,
  "l2_reg": 1.3176879136972302e-05,
  "learning_rate": 2.946788442425543e-05,
  "num_heads": 4,
  "num_layers": 4
}