{
  "observation_covariance": 0.7795786160870379,
  "transition_covariance": 0.06048250349699664
}
