{
  "batch_size": 32,
  "dropout_rate": 0.19783213603734148,
  "ff_dim": 512,
  "l2_reg": 0.00020081835023497797,
  "learning_rate": 1.685731895798799e-06,
  "lookback": 30,
  "num_heads": 2,
  "num_layers": 1,
  "sequence_length": 30
}