{
  "batch_size": 16,
  "dropout_rate": 0.44761574766100765,
  "ff_dim": 256,
  "l2_reg": 5.615593374933959e-05,
  "learning_rate": 3.5731129086299044e-05,
  "num_heads": 4,
  "num_layers": 4
}