{
  "batch_size": 32,
  "dropout_rate": 0.4396362127150464,
  "ff_dim": 256,
  "l2_reg": 3.152509169090924e-06,
  "learning_rate": 1.2657981122541427e-05,
  "lookback": 30,
  "num_heads": 4,
  "num_layers": 2,
  "sequence_length": 30
}