{
  "batch_size": 64,
  "dropout_rate": 0.4960280775810665,
  "ff_dim": 512,
  "l2_reg": 2.9542162375379448e-05,
  "learning_rate": 1.3617769133814787e-05,
  "num_heads": 8,
  "num_layers": 3
}