{
  "batch_size": 64,
  "dropout_rate": 0.4231160688191003,
  "ff_dim": 128,
  "l2_reg": 0.0008745387988730064,
  "learning_rate": 9.519001759932242e-05,
  "lookback": 30,
  "num_heads": 2,
  "num_layers": 2,
  "sequence_length": 30
}