{
  "batch_size": 64,
  "dropout_rate": 0.34972743776589643,
  "ff_dim": 128,
  "l2_reg": 3.977394507539428e-05,
  "learning_rate": 0.0005202174603009725,
  "lookback": 30,
  "num_heads": 4,
  "num_layers": 3,
  "sequence_length": 30
}