{
  "observation_covariance": 0.0921936744824859,
  "transition_covariance": 0.0033099945047802824
}
