{
  "batch_size": 64,
  "dropout_rate": 0.49186317605055907,
  "ff_dim": 512,
  "l2_reg": 5.8530505664488726e-05,
  "learning_rate": 0.00018396337525534035,
  "lookback": 90,
  "num_heads": 4,
  "num_layers": 4,
  "sequence_length": 90
}