{
  "batch_size": 32,
  "dropout_rate": 0.19877578413189578,
  "ff_dim": 512,
  "l2_reg": 0.0002215531987765626,
  "learning_rate": 1.7880298089717655e-06,
  "lookback": 30,
  "num_heads": 2,
  "num_layers": 1,
  "sequence_length": 30
}