{
  "batch_size": 64,
  "dropout_rate": 0.2612965323502603,
  "ff_dim": 128,
  "l2_reg": 3.683545883323281e-06,
  "learning_rate": 6.246945215591409e-06,
  "num_heads": 8,
  "num_layers": 4
}