{
  "batch_size": 32,
  "dropout_rate": 0.1942092256671929,
  "ff_dim": 512,
  "l2_reg": 0.0002275557470729723,
  "learning_rate": 1.4549313547449537e-06,
  "lookback": 30,
  "num_heads": 2,
  "num_layers": 1,
  "sequence_length": 30
}