{
  "batch_size": 16,
  "dropout_rate": 0.1682127548397943,
  "ff_dim": 128,
  "l2_reg": 1.4624801807295439e-05,
  "learning_rate": 2.5166829024802585e-05,
  "num_heads": 8,
  "num_layers": 2
}