{
  "batch_size": 32,
  "dropout_rate": 0.19168472272748388,
  "ff_dim": 512,
  "l2_reg": 0.00024486036581044797,
  "learning_rate": 1.4360570423411024e-06,
  "lookback": 30,
  "num_heads": 2,
  "num_layers": 1,
  "sequence_length": 30
}