{
  "batch_size": 64,
  "dropout_rate": 0.10064361014910755,
  "ff_dim": 256,
  "l2_reg": 0.0009218412329934178,
  "learning_rate": 4.115716618646942e-05,
  "num_heads": 2,
  "num_layers": 4
}