{
  "batch_size": 64,
  "dropout_rate": 0.45376382377122226,
  "ff_dim": 256,
  "l2_reg": 0.0005654475770424765,
  "learning_rate": 8.7988246047493e-05,
  "lookback": 30,
  "num_heads": 2,
  "num_layers": 2,
  "sequence_length": 30
}