{
  "batch_size": 128,
  "dropout_rate": 0.1736750933480195,
  "ff_dim": 256,
  "l2_reg": 0.0009691275877949829,
  "learning_rate": 0.0005912031847729493,
  "lookback": 30,
  "num_heads": 2,
  "num_layers": 2,
  "sequence_length": 30
}