{
  "batch_size": 64,
  "dropout_rate": 0.10176200118887953,
  "ff_dim": 128,
  "l2_reg": 0.000209450493514657,
  "learning_rate": 2.1552330118471716e-05,
  "num_heads": 2,
  "num_layers": 3
}