{
  "batch_size": 32,
  "dropout_rate": 0.19622278456190703,
  "ff_dim": 512,
  "l2_reg": 0.00023875391095745926,
  "learning_rate": 1.6949880159948753e-06,
  "lookback": 30,
  "num_heads": 2,
  "num_layers": 1,
  "sequence_length": 30
}