{
  "batch_size": 32,
  "dropout_rate": 0.1575293206436128,
  "ff_dim": 512,
  "l2_reg": 0.00043765595330416126,
  "learning_rate": 4.050747899999773e-06,
  "lookback": 30,
  "num_heads": 2,
  "num_layers": 1,
  "sequence_length": 30
}