{
  "batch_size": 16,
  "dropout_rate": 0.24744371253420017,
  "ff_dim": 128,
  "l2_reg": 0.00016377652971918347,
  "learning_rate": 6.730320374795285e-05,
  "num_heads": 8,
  "num_layers": 4
}