{
  "batch_size": 32,
  "dropout_rate": 0.23674870946950746,
  "ff_dim": 256,
  "l2_reg": 1.0448694095562625e-05,
  "learning_rate": 1.0087860306145723e-06,
  "lookback": 30,
  "num_heads": 4,
  "num_layers": 3,
  "sequence_length": 30
}