{
  "batch_size": 64,
  "dropout_rate": 0.12814168213869928,
  "ff_dim": 128,
  "l2_reg": 1.5542368393882878e-05,
  "learning_rate": 7.421615007497478e-06,
  "lookback": 90,
  "num_heads": 2,
  "num_layers": 3,
  "sequence_length": 30
}