{
  "batch_size": 32,
  "dropout_rate": 0.17778134863531958,
  "ff_dim": 512,
  "l2_reg": 0.000720735811137416,
  "learning_rate": 1.705294129732285e-06,
  "lookback": 30,
  "num_heads": 2,
  "num_layers": 1,
  "sequence_length": 30
}