{
  "batch_size": 256,
  "buffer_size": 10000,
  "ent_coef": 0.03636166457631977,
  "gamma": 0.9381479408680073,
  "learning_rate": 0.0009617874332161833,
  "tau": 0.007424822862855453
}