{
  "batch_size": 32,
  "dropout_rate": 0.10426085042551697,
  "ff_dim": 512,
  "l2_reg": 0.0005108327248730636,
  "learning_rate": 1.1260830293390805e-06,
  "lookback": 30,
  "num_heads": 2,
  "num_layers": 1,
  "sequence_length": 30
}