{
  "batch_size": 32,
  "dropout_rate": 0.15299879007156192,
  "ff_dim": 512,
  "l2_reg": 0.00030393326843482384,
  "learning_rate": 3.885337617047227e-06,
  "lookback": 30,
  "num_heads": 2,
  "num_layers": 1,
  "sequence_length": 30
}