{
  "batch_size": 64,
  "dropout_rate": 0.43656012907665454,
  "ff_dim": 128,
  "l2_reg": 4.4593636789405404e-05,
  "learning_rate": 2.657154828297306e-06,
  "num_heads": 8,
  "num_layers": 2
}