{
  "batch_size": 32,
  "dropout_rate": 0.20686452224645072,
  "ff_dim": 512,
  "l2_reg": 0.0002283565351946065,
  "learning_rate": 1.8739908321294804e-06,
  "lookback": 30,
  "num_heads": 2,
  "num_layers": 1,
  "sequence_length": 30
}