{
  "batch_size": 32,
  "dropout_rate": 0.1974312947479476,
  "ff_dim": 512,
  "l2_reg": 0.00025579459642315354,
  "learning_rate": 1.3710373401497233e-06,
  "lookback": 30,
  "num_heads": 2,
  "num_layers": 1,
  "sequence_length": 30
}