{
  "batch_size": 32,
  "dropout_rate": 0.46081844472389344,
  "ff_dim": 512,
  "l2_reg": 1.1921111769942905e-05,
  "learning_rate": 1.2257081849893599e-05,
  "num_heads": 8,
  "num_layers": 2
}