{
  "batch_size": 64,
  "dropout_rate": 0.2738823399084216,
  "ff_dim": 512,
  "l2_reg": 8.11719591435508e-05,
  "learning_rate": 2.6999016141165685e-05,
  "lookback": 90,
  "num_heads": 8,
  "num_layers": 3,
  "sequence_length": 30
}