{
  "batch_size": 32,
  "dropout_rate": 0.2016611274457981,
  "ff_dim": 512,
  "l2_reg": 0.00022698855961303198,
  "learning_rate": 1.8548450881910458e-06,
  "lookback": 30,
  "num_heads": 2,
  "num_layers": 1,
  "sequence_length": 30
}