{
  "batch_size": 32,
  "dropout_rate": 0.20223917776025863,
  "ff_dim": 512,
  "l2_reg": 0.00025569491163042143,
  "learning_rate": 1.0727238647472271e-06,
  "lookback": 30,
  "num_heads": 2,
  "num_layers": 1,
  "sequence_length": 30
}