{
  "batch_size": 64,
  "dropout_rate": 0.15429914868150107,
  "ff_dim": 256,
  "l2_reg": 2.2633492991228102e-06,
  "learning_rate": 1.1472492997699428e-06,
  "num_heads": 2,
  "num_layers": 4
}