{
  "batch_size": 32,
  "dropout_rate": 0.4603031773736671,
  "ff_dim": 256,
  "l2_reg": 0.0004378821090254611,
  "learning_rate": 4.1073435863933634e-05,
  "num_heads": 2,
  "num_layers": 4
}