{
  "batch_size": 16,
  "dropout_rate": 0.3896551016137729,
  "ff_dim": 512,
  "l2_reg": 0.00024538021328031725,
  "learning_rate": 1.291224821758245e-05,
  "num_heads": 2,
  "num_layers": 3
}