{
  "batch_size": 64,
  "dropout_rate": 0.29912831467370826,
  "ff_dim": 512,
  "l2_reg": 7.054736829013171e-05,
  "learning_rate": 5.425739248365341e-05,
  "lookback": 30,
  "num_heads": 2,
  "num_layers": 1,
  "sequence_length": 30
}