{
  "batch_size": 16,
  "dropout_rate": 0.39049432617724456,
  "ff_dim": 256,
  "l2_reg": 0.00011165116979972978,
  "learning_rate": 1.2317393489456316e-05,
  "num_heads": 2,
  "num_layers": 2
}