{
  "batch_size": 64,
  "dropout_rate": 0.49954085853869357,
  "ff_dim": 256,
  "l2_reg": 0.0006415925099157446,
  "learning_rate": 2.7094851133378697e-06,
  "lookback": 30,
  "num_heads": 2,
  "num_layers": 2,
  "sequence_length": 30
}