{
  "batch_size": 64,
  "dropout_rate": 0.359843575253752,
  "ff_dim": 256,
  "l2_reg": 0.00019665949754543672,
  "learning_rate": 1.1830983797134207e-05,
  "lookback": 30,
  "num_heads": 2,
  "num_layers": 2,
  "sequence_length": 30
}