{
  "batch_size": 32,
  "dropout_rate": 0.20931996372728806,
  "ff_dim": 512,
  "l2_reg": 0.0002310616164952401,
  "learning_rate": 1.424705051261589e-06,
  "lookback": 30,
  "num_heads": 2,
  "num_layers": 1,
  "sequence_length": 30
}