{
  "batch_size": 32,
  "dropout_rate": 0.19925269189322767,
  "ff_dim": 512,
  "l2_reg": 0.00026289825919140897,
  "learning_rate": 1.2049183777082864e-06,
  "lookback": 30,
  "num_heads": 2,
  "num_layers": 1,
  "sequence_length": 30
}