{
  "batch_size": 64,
  "dropout_rate": 0.47289322518187893,
  "ff_dim": 256,
  "l2_reg": 0.00044636305923671094,
  "learning_rate": 1.4582266289228439e-05,
  "lookback": 30,
  "num_heads": 2,
  "num_layers": 2,
  "sequence_length": 30
}