{
  "batch_size": 256,
  "buffer_size": 100000,
  "ent_coef": 0.008516531358455452,
  "gamma": 0.9139443417962567,
  "learning_rate": 0.0006175397143114241,
  "tau": 0.02209919193907349
}