{
  "batch_size": 32,
  "dropout_rate": 0.1917285519712055,
  "ff_dim": 512,
  "l2_reg": 0.00023355476829775107,
  "learning_rate": 1.3918091542103533e-06,
  "lookback": 30,
  "num_heads": 2,
  "num_layers": 1,
  "sequence_length": 30
}