{
  "batch_size": 64,
  "dropout_rate": 0.29068821444228454,
  "ff_dim": 256,
  "l2_reg": 3.0353291608429633e-05,
  "learning_rate": 5.15153470535264e-05,
  "lookback": 60,
  "num_heads": 2,
  "num_layers": 1,
  "sequence_length": 60
}