{
  "batch_size": 32,
  "dropout_rate": 0.20208064042927715,
  "ff_dim": 512,
  "l2_reg": 0.00022802038099845254,
  "learning_rate": 1.6761284289158088e-06,
  "lookback": 30,
  "num_heads": 2,
  "num_layers": 1,
  "sequence_length": 30
}