{
  "batch_size": 64,
  "dropout_rate": 0.4031410983052755,
  "ff_dim": 256,
  "l2_reg": 0.0002978897740824597,
  "learning_rate": 1.106377470934147e-05,
  "lookback": 30,
  "num_heads": 2,
  "num_layers": 2,
  "sequence_length": 30
}