{
  "batch_size": 32,
  "dropout_rate": 0.49764804241672256,
  "ff_dim": 256,
  "l2_reg": 0.0002071174962221497,
  "learning_rate": 2.3293892430057183e-05,
  "num_heads": 4,
  "num_layers": 4
}