{
  "batch_size": 64,
  "dropout_rate": 0.2014714838619001,
  "ff_dim": 256,
  "l2_reg": 2.0949833570599364e-06,
  "learning_rate": 0.00015634993144047872,
  "num_heads": 8,
  "num_layers": 4
}