{
  "batch_size": 16,
  "dropout_rate": 0.1131695826677524,
  "ff_dim": 256,
  "l2_reg": 0.0037454502398387773,
  "learning_rate": 0.00018833461433925825,
  "num_heads": 2,
  "num_layers": 3
}