{
  "batch_size": 64,
  "dropout_rate": 0.4677156157604111,
  "ff_dim": 256,
  "l2_reg": 0.0002813521141623877,
  "learning_rate": 0.0006512554534361598,
  "num_heads": 2,
  "num_layers": 3
}