{
  "batch_size": 256,
  "buffer_size": 100000,
  "ent_coef": 0.014539409739058878,
  "gamma": 0.9455506111761142,
  "learning_rate": 6.212970217928663e-05,
  "tau": 0.02097760305491794
}