{
  "batch_size": 32,
  "dropout_rate": 0.2041142355065283,
  "ff_dim": 512,
  "l2_reg": 0.00022192299340257197,
  "learning_rate": 1.7650085385717069e-06,
  "lookback": 30,
  "num_heads": 2,
  "num_layers": 1,
  "sequence_length": 30
}