{
  "batch_size": 64,
  "dropout_rate": 0.43006745130917934,
  "ff_dim": 128,
  "l2_reg": 0.0006282883009833586,
  "learning_rate": 6.164217504368018e-05,
  "lookback": 30,
  "num_heads": 8,
  "num_layers": 1,
  "sequence_length": 30
}