{
  "batch_size": 32,
  "dropout_rate": 0.10835450234756996,
  "ff_dim": 512,
  "l2_reg": 0.0008577109195649581,
  "learning_rate": 5.587059964192116e-06,
  "lookback": 30,
  "num_heads": 2,
  "num_layers": 1,
  "sequence_length": 30
}