{
  "batch_size": 16,
  "dropout_rate": 0.3394633936788146,
  "ff_dim": 256,
  "l2_reg": 0.0016445845403801217,
  "learning_rate": 0.00015683852581586645,
  "lookback": 90,
  "num_heads": 4,
  "num_layers": 3,
  "sequence_length": 30
}