{
  "batch_size": 32,
  "dropout_rate": 0.13477265887532416,
  "ff_dim": 512,
  "l2_reg": 0.00019619472048963422,
  "learning_rate": 0.00011830510789133816,
  "num_heads": 8,
  "num_layers": 4
}