{
  "batch_size": 64,
  "buffer_size": 50000,
  "ent_coef": 0.012143992893214222,
  "gamma": 0.9913975724132192,
  "learning_rate": 7.862189055846709e-05,
  "tau": 0.0935514528569732
}