{
  "batch_size": 32,
  "dropout_rate": 0.38588533643066814,
  "ff_dim": 256,
  "l2_reg": 0.004285903124801899,
  "learning_rate": 2.7985482764659744e-05,
  "num_heads": 2,
  "num_layers": 3
}