{
  "batch_size": 64,
  "buffer_size": 100000,
  "ent_coef": 0.0016748497982833942,
  "gamma": 0.9414120597351104,
  "learning_rate": 0.00010089771345083349,
  "tau": 0.08762933169439695
}