{
  "batch_size": 64,
  "dropout_rate": 0.35291590044366244,
  "ff_dim": 256,
  "l2_reg": 0.00010864633400794817,
  "learning_rate": 9.651807809802136e-06,
  "lookback": 30,
  "num_heads": 2,
  "num_layers": 2,
  "sequence_length": 30
}