{
  "batch_size": 32,
  "dropout_rate": 0.15740549126553077,
  "ff_dim": 512,
  "l2_reg": 0.0002086982218638846,
  "learning_rate": 2.6151049055617087e-06,
  "lookback": 30,
  "num_heads": 2,
  "num_layers": 1,
  "sequence_length": 30
}