{
  "batch_size": 16,
  "dropout_rate": 0.25174033199985146,
  "ff_dim": 512,
  "l2_reg": 2.3388327065675796e-06,
  "learning_rate": 2.152340844439423e-06,
  "lookback": 90,
  "num_heads": 8,
  "num_layers": 3,
  "sequence_length": 30
}