{
  "batch_size": 256,
  "buffer_size": 50000,
  "ent_coef": 0.007646098617835571,
  "gamma": 0.907992202551895,
  "learning_rate": 0.00015861201022400971,
  "tau": 0.010634876170664227
}