{
  "batch_size": 64,
  "buffer_size": 10000,
  "ent_coef": 0.004995251109480777,
  "gamma": 0.9867748733858952,
  "learning_rate": 1.7791256441740553e-05,
  "tau": 0.01389665318815925
}