{
  "batch_size": 128,
  "dropout_rate": 0.32951030894676636,
  "ff_dim": 128,
  "l2_reg": 4.161721668994918e-05,
  "learning_rate": 3.0341196069379072e-05,
  "lookback": 30,
  "num_heads": 4,
  "num_layers": 3,
  "sequence_length": 30
}