{
  "batch_size": 64,
  "dropout_rate": 0.4557655427857591,
  "ff_dim": 256,
  "l2_reg": 0.0062670584620119095,
  "learning_rate": 8.99748933740448e-05,
  "num_heads": 2,
  "num_layers": 2
}