{
  "batch_size": 32,
  "dropout_rate": 0.2060174587961212,
  "ff_dim": 256,
  "l2_reg": 0.007830783262754026,
  "learning_rate": 3.930522758018532e-05,
  "num_heads": 8,
  "num_layers": 4
}