{
  "batch_size": 32,
  "dropout_rate": 0.45179823458874424,
  "ff_dim": 256,
  "l2_reg": 3.637041772728603e-05,
  "learning_rate": 0.0003199619995700757,
  "num_heads": 8,
  "num_layers": 4
}