{
  "batch_size": 32,
  "dropout_rate": 0.19201912882307265,
  "ff_dim": 512,
  "l2_reg": 0.0003730730271784611,
  "learning_rate": 1.0762017094820398e-06,
  "lookback": 30,
  "num_heads": 2,
  "num_layers": 1,
  "sequence_length": 30
}