{
  "batch_size": 64,
  "dropout_rate": 0.23433681301222636,
  "ff_dim": 128,
  "l2_reg": 0.0008658481143602207,
  "learning_rate": 0.0001610140382513017,
  "num_heads": 8,
  "num_layers": 4
}