{
  "batch_size": 256,
  "buffer_size": 10000,
  "ent_coef": 0.06464000154355432,
  "gamma": 0.9192155049059839,
  "learning_rate": 0.0004290791784898047,
  "tau": 0.07331721534590223
}