{
  "batch_size": 32,
  "dropout_rate": 0.19247686480064036,
  "ff_dim": 512,
  "l2_reg": 0.00022096631668034252,
  "learning_rate": 1.4794394672538438e-06,
  "lookback": 30,
  "num_heads": 2,
  "num_layers": 1,
  "sequence_length": 30
}