{
  "batch_size": 512,
  "buffer_size": 100000,
  "ent_coef": 0.02217523048926098,
  "gamma": 0.9923139461253692,
  "learning_rate": 4.8770122557145275e-05,
  "tau": 0.022861299082442794
}