{
  "batch_size": 32,
  "dropout_rate": 0.20117104475561023,
  "ff_dim": 512,
  "l2_reg": 0.00026867523093104204,
  "learning_rate": 1.953733349923354e-06,
  "lookback": 30,
  "num_heads": 2,
  "num_layers": 1,
  "sequence_length": 30
}