{
  "batch_size": 64,
  "dropout_rate": 0.40894346327022857,
  "ff_dim": 256,
  "l2_reg": 0.0005751114790181867,
  "learning_rate": 3.0635987641400657e-06,
  "num_heads": 4,
  "num_layers": 3
}