{
  "batch_size": 256,
  "buffer_size": 100000,
  "ent_coef": 0.0017284983326876099,
  "gamma": 0.9071564625867002,
  "learning_rate": 0.00011039608832722206,
  "tau": 0.07763619684784412
}