{
  "batch_size": 16,
  "dropout_rate": 0.14034089673566674,
  "ff_dim": 128,
  "l2_reg": 4.42866332165398e-05,
  "learning_rate": 3.0772708442984396e-06,
  "num_heads": 2,
  "num_layers": 4
}