{
  "observation_covariance": 0.08483351865488169,
  "transition_covariance": 0.008070530134804932
}
