{
  "batch_size": 64,
  "dropout_rate": 0.41832271493005807,
  "ff_dim": 256,
  "l2_reg": 0.0002978815153580772,
  "learning_rate": 1.789076908553884e-05,
  "lookback": 30,
  "num_heads": 2,
  "num_layers": 2,
  "sequence_length": 30
}