{
  "observation_covariance": 0.08077364599598141,
  "transition_covariance": 0.011575061426370332
}
