{
  "batch_size": 32,
  "dropout_rate": 0.19078220199509144,
  "ff_dim": 512,
  "l2_reg": 0.00020271899143054056,
  "learning_rate": 1.19594931594412e-06,
  "lookback": 30,
  "num_heads": 2,
  "num_layers": 1,
  "sequence_length": 30
}