{
  "batch_size": 32,
  "dropout_rate": 0.18437948114577402,
  "ff_dim": 512,
  "l2_reg": 0.0004641770151017585,
  "learning_rate": 1.0948714818072144e-06,
  "lookback": 30,
  "num_heads": 2,
  "num_layers": 1,
  "sequence_length": 30
}