{
  "batch_size": 64,
  "dropout_rate": 0.4413443464453737,
  "ff_dim": 256,
  "l2_reg": 0.00015778240557762465,
  "learning_rate": 9.582104669418006e-06,
  "lookback": 30,
  "num_heads": 2,
  "num_layers": 2,
  "sequence_length": 30
}