{
  "batch_size": 64,
  "dropout_rate": 0.4314778245901203,
  "ff_dim": 256,
  "l2_reg": 0.0002853773624548925,
  "learning_rate": 6.598990776798508e-05,
  "lookback": 30,
  "num_heads": 2,
  "num_layers": 2,
  "sequence_length": 30
}