{
  "batch_size": 64,
  "dropout_rate": 0.40727433611616104,
  "ff_dim": 256,
  "l2_reg": 0.0003424774543269941,
  "learning_rate": 1.3080315934499418e-05,
  "lookback": 30,
  "num_heads": 2,
  "num_layers": 2,
  "sequence_length": 30
}