{
  "batch_size": 32,
  "dropout_rate": 0.20485215193990325,
  "ff_dim": 512,
  "l2_reg": 0.0002631733898929482,
  "learning_rate": 1.3209886482338038e-06,
  "lookback": 30,
  "num_heads": 2,
  "num_layers": 1,
  "sequence_length": 30
}