{
  "batch_size": 64,
  "dropout_rate": 0.23876210723454705,
  "ff_dim": 256,
  "l2_reg": 1.472939606144282e-05,
  "learning_rate": 7.947294489363164e-06,
  "num_heads": 8,
  "num_layers": 2
}