{
  "observation_covariance": 0.02063212851787789,
  "transition_covariance": 0.025561865348174045
}
