{
  "batch_size": 32,
  "dropout_rate": 0.47727603926789575,
  "ff_dim": 128,
  "l2_reg": 0.00013796334949259717,
  "learning_rate": 2.0203498917911707e-05,
  "num_heads": 8,
  "num_layers": 4
}