{
  "observation_covariance": 0.14305272332959942,
  "transition_covariance": 0.06694618449212447
}