{
  "batch_size": 64,
  "dropout_rate": 0.1145609815218318,
  "ff_dim": 128,
  "l2_reg": 0.0011600600080439926,
  "learning_rate": 2.2037959376898876e-05,
  "num_heads": 4,
  "num_layers": 3
}