{
  "batch_size": 32,
  "dropout_rate": 0.4596632750424875,
  "ff_dim": 256,
  "l2_reg": 6.293769490329158e-06,
  "learning_rate": 0.00030215224392907646,
  "num_heads": 8,
  "num_layers": 4
}