{
  "batch_size": 32,
  "dropout_rate": 0.20009438643011634,
  "ff_dim": 512,
  "l2_reg": 0.00025534153288883036,
  "learning_rate": 1.2974277780405748e-06,
  "lookback": 30,
  "num_heads": 2,
  "num_layers": 1,
  "sequence_length": 30
}