{
  "batch_size": 16,
  "dropout_rate": 0.19240649501312146,
  "ff_dim": 256,
  "l2_reg": 7.961625424857481e-05,
  "learning_rate": 9.068879208605088e-05,
  "num_heads": 2,
  "num_layers": 4
}