{
  "batch_size": 16,
  "dropout_rate": 0.37858226076184165,
  "ff_dim": 512,
  "l2_reg": 0.00022025544813362636,
  "learning_rate": 1.5874652717303435e-05,
  "num_heads": 4,
  "num_layers": 2
}