{
  "batch_size": 16,
  "dropout_rate": 0.490177548975549,
  "ff_dim": 256,
  "l2_reg": 2.067028469954518e-05,
  "learning_rate": 2.4900793795909726e-05,
  "num_heads": 8,
  "num_layers": 4
}