{
  "batch_size": 32,
  "dropout_rate": 0.191890321335516,
  "ff_dim": 512,
  "l2_reg": 0.00023976655093533247,
  "learning_rate": 1.010798530679796e-06,
  "lookback": 30,
  "num_heads": 2,
  "num_layers": 1,
  "sequence_length": 30
}