{
  "batch_size": 32,
  "dropout_rate": 0.19840909983613908,
  "ff_dim": 512,
  "l2_reg": 0.0002966427341162299,
  "learning_rate": 1.5601696218042624e-06,
  "lookback": 30,
  "num_heads": 2,
  "num_layers": 1,
  "sequence_length": 30
}