{
  "batch_size": 512,
  "buffer_size": 50000,
  "ent_coef": 0.018636459685315857,
  "gamma": 0.9534362236268408,
  "learning_rate": 3.377667235177745e-05,
  "tau": 0.0825753911147148
}