{
  "batch_size": 32,
  "dropout_rate": 0.40596484572405345,
  "ff_dim": 256,
  "l2_reg": 0.0005442690587163347,
  "learning_rate": 1.0345563706787614e-05,
  "lookback": 30,
  "num_heads": 2,
  "num_layers": 2,
  "sequence_length": 30
}