{
  "batch_size": 64,
  "dropout_rate": 0.18098857559279177,
  "ff_dim": 128,
  "l2_reg": 0.00014815994943170437,
  "learning_rate": 0.0004115290666454657,
  "lookback": 30,
  "num_heads": 8,
  "num_layers": 3,
  "sequence_length": 30
}