{
  "batch_size": 32,
  "dropout_rate": 0.13756316817034825,
  "ff_dim": 512,
  "l2_reg": 0.0009495501228430471,
  "learning_rate": 9.80969421573906e-06,
  "lookback": 30,
  "num_heads": 2,
  "num_layers": 1,
  "sequence_length": 30
}