{
  "batch_size": 32,
  "dropout_rate": 0.3361812165197574,
  "ff_dim": 256,
  "l2_reg": 9.502915746731026e-05,
  "learning_rate": 0.0003997273961637958,
  "lookback": 30,
  "num_heads": 4,
  "num_layers": 1,
  "sequence_length": 30
}