{
  "batch_size": 64,
  "dropout_rate": 0.21165706084366978,
  "ff_dim": 256,
  "l2_reg": 0.00041297419257693637,
  "learning_rate": 6.89299809740382e-05,
  "num_heads": 4,
  "num_layers": 3
}