{
  "batch_size": 64,
  "dropout_rate": 0.413712994108128,
  "ff_dim": 256,
  "l2_reg": 0.00011364508153214352,
  "learning_rate": 1.8123110723993338e-05,
  "lookback": 30,
  "num_heads": 2,
  "num_layers": 2,
  "sequence_length": 30
}