{
  "batch_size": 64,
  "buffer_size": 100000,
  "ent_coef": 0.02011345608682847,
  "gamma": 0.9888150071744113,
  "learning_rate": 0.00011127883714584986,
  "tau": 0.032302577989617956
}