{
  "batch_size": 128,
  "dropout_rate": 0.16194332724245497,
  "ff_dim": 256,
  "l2_reg": 7.459357500935908e-05,
  "learning_rate": 1.1624555192594929e-05,
  "lookback": 60,
  "num_heads": 2,
  "num_layers": 3,
  "sequence_length": 60
}