{
  "batch_size": 64,
  "dropout_rate": 0.44445030517186324,
  "ff_dim": 256,
  "l2_reg": 0.0008730422234647915,
  "learning_rate": 1.7256175905137948e-05,
  "lookback": 30,
  "num_heads": 2,
  "num_layers": 2,
  "sequence_length": 30
}