{
  "batch_size": 32,
  "dropout_rate": 0.4550522259680798,
  "ff_dim": 512,
  "l2_reg": 0.0047447919668168245,
  "learning_rate": 1.8865619571598907e-05,
  "num_heads": 8,
  "num_layers": 3
}