{
  "batch_size": 512,
  "buffer_size": 100000,
  "ent_coef": 0.03720419716770343,
  "gamma": 0.9782193971557253,
  "learning_rate": 2.750901021532439e-05,
  "tau": 0.02946288508976447
}