{
  "batch_size": 16,
  "dropout_rate": 0.4058699409253669,
  "ff_dim": 128,
  "l2_reg": 0.0035630039235635597,
  "learning_rate": 0.000684165549625229,
  "num_heads": 8,
  "num_layers": 2
}