{
  "batch_size": 64,
  "dropout_rate": 0.4405444272885616,
  "ff_dim": 512,
  "l2_reg": 5.372131686770393e-06,
  "learning_rate": 3.9054031257922216e-06,
  "num_heads": 8,
  "num_layers": 4
}