{
  "batch_size": 64,
  "dropout_rate": 0.3977006914879174,
  "ff_dim": 256,
  "l2_reg": 0.00024776996398161036,
  "learning_rate": 1.3598846710328206e-05,
  "lookback": 30,
  "num_heads": 2,
  "num_layers": 2,
  "sequence_length": 30
}