{
  "batch_size": 64,
  "dropout_rate": 0.41287207511926016,
  "ff_dim": 256,
  "l2_reg": 1.7435696985529294e-05,
  "learning_rate": 0.0001377353888672456,
  "num_heads": 2,
  "num_layers": 4
}