{
  "batch_size": 32,
  "dropout_rate": 0.1739737629519912,
  "ff_dim": 512,
  "l2_reg": 0.0003842775126724134,
  "learning_rate": 4.787483571081939e-06,
  "lookback": 30,
  "num_heads": 2,
  "num_layers": 1,
  "sequence_length": 30
}