{
  "batch_size": 64,
  "dropout_rate": 0.3927097724436909,
  "ff_dim": 128,
  "l2_reg": 1.0527280944610262e-05,
  "learning_rate": 6.361972664536807e-06,
  "lookback": 30,
  "num_heads": 4,
  "num_layers": 2,
  "sequence_length": 30
}