{
  "batch_size": 16,
  "dropout_rate": 0.2844322947481036,
  "ff_dim": 128,
  "l2_reg": 0.00033109055064384565,
  "learning_rate": 2.531356953666691e-05,
  "num_heads": 4,
  "num_layers": 4
}