{
  "batch_size": 64,
  "dropout_rate": 0.4060943345855159,
  "ff_dim": 256,
  "l2_reg": 0.0004831536537226482,
  "learning_rate": 2.204079171935525e-06,
  "lookback": 30,
  "num_heads": 2,
  "num_layers": 2,
  "sequence_length": 30
}