{
  "batch_size": 32,
  "dropout_rate": 0.1981769592728394,
  "ff_dim": 512,
  "l2_reg": 0.00020071727976040188,
  "learning_rate": 1.1078254304526916e-06,
  "lookback": 30,
  "num_heads": 2,
  "num_layers": 1,
  "sequence_length": 30
}