{
  "batch_size": 32,
  "dropout_rate": 0.1982386202826658,
  "ff_dim": 512,
  "l2_reg": 0.00023921854052275668,
  "learning_rate": 1.0645931458819237e-06,
  "lookback": 30,
  "num_heads": 2,
  "num_layers": 1,
  "sequence_length": 30
}