{
  "batch_size": 64,
  "dropout_rate": 0.40553442340307827,
  "ff_dim": 256,
  "l2_reg": 0.00020652145833983875,
  "learning_rate": 3.1438490558355737e-05,
  "lookback": 30,
  "num_heads": 2,
  "num_layers": 2,
  "sequence_length": 30
}