{
  "batch_size": 64,
  "buffer_size": 10000,
  "ent_coef": 0.0033404072405778746,
  "gamma": 0.9309231938692146,
  "learning_rate": 1.2565091201358774e-05,
  "tau": 0.04388079993666119
}