{
  "observation_covariance": 0.46533332093881835,
  "transition_covariance": 0.01855467688125158
}