{
  "batch_size": 64,
  "dropout_rate": 0.47208527467582145,
  "ff_dim": 256,
  "l2_reg": 0.00012419767271436402,
  "learning_rate": 1.2322847449843755e-06,
  "lookback": 30,
  "num_heads": 2,
  "num_layers": 2,
  "sequence_length": 30
}