{
  "batch_size": 32,
  "dropout_rate": 0.1992467510583305,
  "ff_dim": 512,
  "l2_reg": 0.00017094107098276519,
  "learning_rate": 1.4025241241514003e-06,
  "lookback": 30,
  "num_heads": 2,
  "num_layers": 1,
  "sequence_length": 30
}