{
  "batch_size": 64,
  "dropout_rate": 0.49394372806493414,
  "ff_dim": 256,
  "l2_reg": 0.0007865389644792317,
  "learning_rate": 1.9253050500344373e-06,
  "lookback": 30,
  "num_heads": 2,
  "num_layers": 2,
  "sequence_length": 30
}