{
  "batch_size": 64,
  "dropout_rate": 0.39999634048686455,
  "ff_dim": 256,
  "l2_reg": 0.0002456425674372267,
  "learning_rate": 1.3014812691799205e-05,
  "lookback": 30,
  "num_heads": 2,
  "num_layers": 2,
  "sequence_length": 30
}