{
  "batch_size": 64,
  "dropout_rate": 0.38352057976596754,
  "ff_dim": 256,
  "l2_reg": 4.435768471454949e-06,
  "learning_rate": 1.6704179848510658e-05,
  "lookback": 30,
  "num_heads": 2,
  "num_layers": 3,
  "sequence_length": 30
}