{
  "observation_covariance": 0.0453327503322403,
  "transition_covariance": 0.016054289352243633
}