{
  "batch_size": 32,
  "dropout_rate": 0.20655217382929003,
  "ff_dim": 512,
  "l2_reg": 0.00024907113194175555,
  "learning_rate": 1.9317722063080596e-06,
  "lookback": 30,
  "num_heads": 2,
  "num_layers": 1,
  "sequence_length": 30
}