{
  "batch_size": 64,
  "dropout_rate": 0.4728477505583692,
  "ff_dim": 256,
  "l2_reg": 0.00020970767012644596,
  "learning_rate": 9.982233117493149e-06,
  "lookback": 30,
  "num_heads": 2,
  "num_layers": 2,
  "sequence_length": 30
}