{
  "batch_size": 256,
  "buffer_size": 50000,
  "ent_coef": 0.005842390530178589,
  "gamma": 0.9950807217608825,
  "learning_rate": 0.0002518508394256653,
  "tau": 0.04667791132540677
}