{
  "batch_size": 32,
  "dropout_rate": 0.19315673307451128,
  "ff_dim": 512,
  "l2_reg": 0.00023499215400216172,
  "learning_rate": 1.271297139737243e-06,
  "lookback": 30,
  "num_heads": 2,
  "num_layers": 1,
  "sequence_length": 30
}