{
  "batch_size": 32,
  "dropout_rate": 0.14539700855921245,
  "ff_dim": 512,
  "l2_reg": 0.004714458382711881,
  "learning_rate": 3.653445701285737e-05,
  "num_heads": 2,
  "num_layers": 4
}