{
  "batch_size": 32,
  "dropout_rate": 0.17838626134782612,
  "ff_dim": 512,
  "l2_reg": 0.0008495931733056208,
  "learning_rate": 1.5616602016632081e-06,
  "lookback": 30,
  "num_heads": 2,
  "num_layers": 1,
  "sequence_length": 30
}