{
  "batch_size": 512,
  "buffer_size": 100000,
  "ent_coef": 0.006278206430258058,
  "gamma": 0.9690808368899024,
  "learning_rate": 1.0219846357152519e-05,
  "tau": 0.011705618982936344
}