{
  "batch_size": 32,
  "dropout_rate": 0.19875795644868505,
  "ff_dim": 512,
  "l2_reg": 0.0002656461614772878,
  "learning_rate": 1.192175215552448e-06,
  "lookback": 30,
  "num_heads": 2,
  "num_layers": 1,
  "sequence_length": 30
}