{
  "batch_size": 64,
  "buffer_size": 10000,
  "ent_coef": 0.003068141360010143,
  "gamma": 0.9209709777334462,
  "learning_rate": 0.0003300532528501102,
  "tau": 0.08372104032075252
}