{
  "batch_size": 512,
  "buffer_size": 50000,
  "ent_coef": 0.003777793188514387,
  "gamma": 0.9424904345703458,
  "learning_rate": 9.980251232671032e-05,
  "tau": 0.012696778472661114
}