{
  "batch_size": 64,
  "dropout_rate": 0.4157802704548354,
  "ff_dim": 256,
  "l2_reg": 0.00022691112288518905,
  "learning_rate": 1.75161289639102e-05,
  "lookback": 30,
  "num_heads": 2,
  "num_layers": 2,
  "sequence_length": 30
}