{
  "batch_size": 16,
  "dropout_rate": 0.3020016726877587,
  "ff_dim": 128,
  "l2_reg": 9.624688442940179e-05,
  "learning_rate": 4.105199443352819e-06,
  "num_heads": 2,
  "num_layers": 2
}