{
  "batch_size": 32,
  "dropout_rate": 0.252706116374003,
  "ff_dim": 256,
  "l2_reg": 3.22078947585229e-05,
  "learning_rate": 0.0009132412811481811,
  "num_heads": 2,
  "num_layers": 3
}