{
  "batch_size": 16,
  "dropout_rate": 0.278970282160825,
  "ff_dim": 128,
  "l2_reg": 5.532831691489399e-06,
  "learning_rate": 3.929034920896395e-06,
  "num_heads": 2,
  "num_layers": 4
}