{
  "batch_size": 64,
  "dropout_rate": 0.10890651269356946,
  "ff_dim": 256,
  "l2_reg": 0.0003347683892649828,
  "learning_rate": 4.3635526063790977e-05,
  "num_heads": 8,
  "num_layers": 2
}