{
  "batch_size": 32,
  "dropout_rate": 0.4668474201851005,
  "ff_dim": 256,
  "l2_reg": 1.243672766966426e-05,
  "learning_rate": 3.118627382461598e-05,
  "lookback": 30,
  "num_heads": 2,
  "num_layers": 2,
  "sequence_length": 30
}