{
  "batch_size": 256,
  "buffer_size": 10000,
  "ent_coef": 0.09694947453202633,
  "gamma": 0.9612418170177113,
  "learning_rate": 7.957475120988556e-05,
  "tau": 0.0029102859896641825
}