{
  "batch_size": 32,
  "dropout_rate": 0.17112342205128087,
  "ff_dim": 512,
  "l2_reg": 0.0003501472681116899,
  "learning_rate": 1.904569737226132e-06,
  "lookback": 30,
  "num_heads": 2,
  "num_layers": 1,
  "sequence_length": 30
}