{
  "batch_size": 32,
  "dropout_rate": 0.1969624948345682,
  "ff_dim": 512,
  "l2_reg": 0.0002802160699263545,
  "learning_rate": 1.0057845287559229e-06,
  "lookback": 30,
  "num_heads": 2,
  "num_layers": 1,
  "sequence_length": 30
}