{
  "batch_size": 16,
  "dropout_rate": 0.48734180067681454,
  "ff_dim": 512,
  "l2_reg": 0.00015303767889425032,
  "learning_rate": 0.00015843185471258053,
  "num_heads": 4,
  "num_layers": 3
}