{
  "batch_size": 32,
  "dropout_rate": 0.19485439107122254,
  "ff_dim": 512,
  "l2_reg": 0.00028844112495240743,
  "learning_rate": 1.049568756993265e-06,
  "lookback": 30,
  "num_heads": 2,
  "num_layers": 1,
  "sequence_length": 30
}