{
  "batch_size": 64,
  "dropout_rate": 0.36755809807316026,
  "ff_dim": 256,
  "l2_reg": 0.00021473371239339893,
  "learning_rate": 9.412311495599878e-06,
  "lookback": 30,
  "num_heads": 2,
  "num_layers": 2,
  "sequence_length": 30
}