{
  "batch_size": 64,
  "dropout_rate": 0.3778194943289697,
  "ff_dim": 256,
  "l2_reg": 0.00013422590216542095,
  "learning_rate": 1.2917437782059949e-05,
  "lookback": 30,
  "num_heads": 2,
  "num_layers": 2,
  "sequence_length": 30
}