{
  "batch_size": 32,
  "dropout_rate": 0.19704638085260998,
  "ff_dim": 512,
  "l2_reg": 0.0002698394722782431,
  "learning_rate": 1.872689553641333e-06,
  "lookback": 30,
  "num_heads": 2,
  "num_layers": 1,
  "sequence_length": 30
}