{
  "batch_size": 32,
  "dropout_rate": 0.1703600712752571,
  "ff_dim": 512,
  "l2_reg": 0.000511732063598885,
  "learning_rate": 4.544634696826915e-05,
  "lookback": 30,
  "num_heads": 8,
  "num_layers": 1,
  "sequence_length": 30
}