{
  "batch_size": 64,
  "dropout_rate": 0.4134537978655705,
  "ff_dim": 256,
  "l2_reg": 0.00022627538366471953,
  "learning_rate": 9.722150239058615e-06,
  "lookback": 30,
  "num_heads": 2,
  "num_layers": 2,
  "sequence_length": 30
}