{
  "batch_size": 32,
  "dropout_rate": 0.2089500202314598,
  "ff_dim": 512,
  "l2_reg": 0.00021585118503295668,
  "learning_rate": 1.0929746790573885e-06,
  "lookback": 30,
  "num_heads": 2,
  "num_layers": 1,
  "sequence_length": 30
}