{
  "batch_size": 64,
  "dropout_rate": 0.45065029430931924,
  "ff_dim": 128,
  "l2_reg": 2.4736017577279518e-05,
  "learning_rate": 4.767820001015672e-06,
  "num_heads": 4,
  "num_layers": 3
}