{
  "batch_size": 32,
  "dropout_rate": 0.10700084624859621,
  "ff_dim": 512,
  "l2_reg": 1.8645158737708957e-06,
  "learning_rate": 3.951202548333556e-05,
  "num_heads": 8,
  "num_layers": 2
}