{
  "batch_size": 32,
  "dropout_rate": 0.20715437307358153,
  "ff_dim": 512,
  "l2_reg": 0.00020436129053891995,
  "learning_rate": 1.756165000018134e-06,
  "lookback": 30,
  "num_heads": 2,
  "num_layers": 1,
  "sequence_length": 30
}