{
  "batch_size": 32,
  "dropout_rate": 0.20021289387295882,
  "ff_dim": 512,
  "l2_reg": 0.00029538802354116066,
  "learning_rate": 1.4883031514405026e-06,
  "lookback": 30,
  "num_heads": 2,
  "num_layers": 1,
  "sequence_length": 30
}