{
  "batch_size": 32,
  "dropout_rate": 0.19763268332983916,
  "ff_dim": 512,
  "l2_reg": 0.00022689527321050908,
  "learning_rate": 1.5240127983137766e-06,
  "lookback": 30,
  "num_heads": 2,
  "num_layers": 1,
  "sequence_length": 30
}