{
  "batch_size": 64,
  "dropout_rate": 0.35410371210747854,
  "ff_dim": 256,
  "l2_reg": 0.00013441514908200063,
  "learning_rate": 1.7847716484124716e-05,
  "lookback": 30,
  "num_heads": 2,
  "num_layers": 2,
  "sequence_length": 30
}