{
  "batch_size": 64,
  "dropout_rate": 0.45714790131644023,
  "ff_dim": 512,
  "l2_reg": 2.516865129591582e-05,
  "learning_rate": 2.8162113814709955e-05,
  "num_heads": 4,
  "num_layers": 2
}