{
  "batch_size": 64,
  "dropout_rate": 0.3492881808501448,
  "ff_dim": 256,
  "l2_reg": 9.558204270224169e-05,
  "learning_rate": 5.421212580474968e-06,
  "lookback": 30,
  "num_heads": 4,
  "num_layers": 4,
  "sequence_length": 60
}