{
  "batch_size": 64,
  "dropout_rate": 0.3394633936788146,
  "ff_dim": 256,
  "l2_reg": 0.0016445845403801217,
  "learning_rate": 0.00015683852581586645,
  "lookback": 30,
  "num_heads": 8,
  "num_layers": 1,
  "sequence_length": 60
}