{
  "batch_size": 64,
  "dropout_rate": 0.12058260635231509,
  "ff_dim": 512,
  "l2_reg": 0.0006967039803418447,
  "learning_rate": 1.7017667121369008e-05,
  "num_heads": 4,
  "num_layers": 2
}