{
  "batch_size": 64,
  "dropout_rate": 0.1842549991169339,
  "ff_dim": 256,
  "l2_reg": 6.60771750476691e-05,
  "learning_rate": 0.0001070626267649489,
  "lookback": 30,
  "num_heads": 2,
  "num_layers": 2,
  "sequence_length": 30
}