{
  "batch_size": 32,
  "dropout_rate": 0.1998630083690284,
  "ff_dim": 512,
  "l2_reg": 0.0002762566265322552,
  "learning_rate": 1.4344880936816065e-06,
  "lookback": 30,
  "num_heads": 2,
  "num_layers": 1,
  "sequence_length": 30
}