{
  "batch_size": 64,
  "dropout_rate": 0.38567248018417055,
  "ff_dim": 256,
  "l2_reg": 0.0007861219677813651,
  "learning_rate": 1.5357446726730358e-05,
  "lookback": 30,
  "num_heads": 2,
  "num_layers": 2,
  "sequence_length": 30
}