{
  "batch_size": 64,
  "dropout_rate": 0.4292695056970518,
  "ff_dim": 256,
  "l2_reg": 0.00010510831302101704,
  "learning_rate": 1.044452045252272e-05,
  "lookback": 30,
  "num_heads": 2,
  "num_layers": 2,
  "sequence_length": 30
}