{
  "batch_size": 16,
  "dropout_rate": 0.3467521137386006,
  "ff_dim": 128,
  "l2_reg": 1.1458365720740847e-06,
  "learning_rate": 1.400705133467927e-06,
  "num_heads": 2,
  "num_layers": 3
}