{
  "batch_size": 32,
  "dropout_rate": 0.2049923990458908,
  "ff_dim": 512,
  "l2_reg": 0.0002513222974882757,
  "learning_rate": 1.8489223470306559e-06,
  "lookback": 30,
  "num_heads": 2,
  "num_layers": 1,
  "sequence_length": 30
}