{
  "batch_size": 256,
  "buffer_size": 50000,
  "ent_coef": 0.0028155837268673545,
  "gamma": 0.9779794492587893,
  "learning_rate": 0.0008787084335448454,
  "tau": 0.007348471912964158
}