{
  "batch_size": 256,
  "buffer_size": 50000,
  "ent_coef": 0.013749521298805325,
  "gamma": 0.9930254982621759,
  "learning_rate": 0.00018653694112844566,
  "tau": 0.08961868526409497
}