{
  "batch_size": 32,
  "dropout_rate": 0.19178896706892593,
  "ff_dim": 512,
  "l2_reg": 0.00026392758332489973,
  "learning_rate": 1.6190978676192566e-06,
  "lookback": 30,
  "num_heads": 2,
  "num_layers": 1,
  "sequence_length": 30
}