{
  "batch_size": 32,
  "dropout_rate": 0.11831606911382814,
  "ff_dim": 512,
  "l2_reg": 0.000474597133825717,
  "learning_rate": 1.5023536582371115e-06,
  "lookback": 30,
  "num_heads": 2,
  "num_layers": 1,
  "sequence_length": 30
}