{
  "batch_size": 32,
  "dropout_rate": 0.20007383123585493,
  "ff_dim": 512,
  "l2_reg": 0.0002435172901546579,
  "learning_rate": 1.1464486512836905e-06,
  "lookback": 30,
  "num_heads": 2,
  "num_layers": 1,
  "sequence_length": 30
}