{
  "batch_size": 64,
  "dropout_rate": 0.3558108646543352,
  "ff_dim": 256,
  "l2_reg": 0.0002105631017051015,
  "learning_rate": 1.3107218491021806e-05,
  "lookback": 30,
  "num_heads": 2,
  "num_layers": 2,
  "sequence_length": 30
}