{
  "batch_size": 512,
  "buffer_size": 100000,
  "ent_coef": 0.0063281691348280825,
  "gamma": 0.9149367996402775,
  "learning_rate": 1.9397523996509758e-05,
  "tau": 0.03888409746876114
}