{
  "observation_covariance": 0.045635864804828195,
  "transition_covariance": 0.09677010602248864
}
