{
  "batch_size": 128,
  "buffer_size": 100000,
  "ent_coef": 0.001062375953210862,
  "gamma": 0.9058562851324767,
  "learning_rate": 5.931626354259941e-05,
  "tau": 0.04521004592698395
}