{
  "batch_size": 32,
  "dropout_rate": 0.1961663019814753,
  "ff_dim": 512,
  "l2_reg": 0.00020895250837099037,
  "learning_rate": 1.4862572615531152e-06,
  "lookback": 30,
  "num_heads": 2,
  "num_layers": 1,
  "sequence_length": 30
}