{
  "batch_size": 16,
  "dropout_rate": 0.28471429195361575,
  "ff_dim": 256,
  "l2_reg": 1.6150881955832008e-05,
  "learning_rate": 1.0694151764698844e-05,
  "num_heads": 8,
  "num_layers": 3
}