{
  "batch_size": 64,
  "dropout_rate": 0.30285638754495947,
  "ff_dim": 256,
  "l2_reg": 0.0002553531822389242,
  "learning_rate": 3.363318955519408e-05,
  "lookback": 30,
  "num_heads": 2,
  "num_layers": 2,
  "sequence_length": 30
}