{
  "batch_size": 256,
  "buffer_size": 10000,
  "ent_coef": 0.0011516554320975957,
  "gamma": 0.9813665403119812,
  "learning_rate": 0.00022704165281378755,
  "tau": 0.06435466648875607
}