{
  "batch_size": 64,
  "buffer_size": 10000,
  "ent_coef": 0.0018633754299070767,
  "gamma": 0.956787874585022,
  "learning_rate": 1.9409014952268858e-05,
  "tau": 0.032710471634615094
}