{
  "batch_size": 32,
  "dropout_rate": 0.19085090197336213,
  "ff_dim": 512,
  "l2_reg": 0.0002773050711288145,
  "learning_rate": 1.0684712540634363e-06,
  "lookback": 30,
  "num_heads": 2,
  "num_layers": 1,
  "sequence_length": 30
}