{
  "batch_size": 64,
  "dropout_rate": 0.2306020474591248,
  "ff_dim": 512,
  "l2_reg": 3.4758700309445717e-06,
  "learning_rate": 6.633275645376222e-06,
  "num_heads": 4,
  "num_layers": 2
}