{
  "batch_size": 64,
  "buffer_size": 10000,
  "ent_coef": 0.014285466202569676,
  "gamma": 0.9531085632651368,
  "learning_rate": 0.00019269398860838525,
  "tau": 0.02430441604728577
}