{
  "batch_size": 32,
  "dropout_rate": 0.24628409816917007,
  "ff_dim": 256,
  "l2_reg": 1.7341968632628275e-05,
  "learning_rate": 0.00012058993020833105,
  "num_heads": 4,
  "num_layers": 3
}