{
  "batch_size": 128,
  "dropout_rate": 0.41108117463943233,
  "ff_dim": 256,
  "l2_reg": 0.00014527566697397789,
  "learning_rate": 4.8616508677439975e-06,
  "lookback": 30,
  "num_heads": 2,
  "num_layers": 2,
  "sequence_length": 30
}