{
  "batch_size": 32,
  "dropout_rate": 0.16376315437539823,
  "ff_dim": 128,
  "l2_reg": 3.4392673970032946e-05,
  "learning_rate": 0.0002062946922088108,
  "num_heads": 8,
  "num_layers": 3
}