{
  "batch_size": 32,
  "dropout_rate": 0.1910310789029767,
  "ff_dim": 512,
  "l2_reg": 0.00026329999765079156,
  "learning_rate": 1.340477114513904e-06,
  "lookback": 30,
  "num_heads": 2,
  "num_layers": 1,
  "sequence_length": 30
}