{
  "batch_size": 64,
  "dropout_rate": 0.26015849940427566,
  "ff_dim": 256,
  "l2_reg": 5.5811023390352865e-05,
  "learning_rate": 4.418940587689666e-05,
  "lookback": 30,
  "num_heads": 2,
  "num_layers": 1,
  "sequence_length": 30
}