{
  "batch_size": 16,
  "dropout_rate": 0.44516949415873197,
  "ff_dim": 256,
  "l2_reg": 1.7126855907435962e-06,
  "learning_rate": 1.2618056705691077e-05,
  "num_heads": 4,
  "num_layers": 4
}