{
  "batch_size": 32,
  "dropout_rate": 0.20663453887328384,
  "ff_dim": 512,
  "l2_reg": 0.0002567384548468017,
  "learning_rate": 1.3602621421185433e-06,
  "lookback": 30,
  "num_heads": 2,
  "num_layers": 1,
  "sequence_length": 30
}