{
  "batch_size": 32,
  "dropout_rate": 0.20286642653284712,
  "ff_dim": 512,
  "l2_reg": 0.00020014292777368613,
  "learning_rate": 1.8219593507044074e-06,
  "lookback": 30,
  "num_heads": 2,
  "num_layers": 1,
  "sequence_length": 30
}