{
  "batch_size": 32,
  "dropout_rate": 0.19807961017273715,
  "ff_dim": 512,
  "l2_reg": 0.00024314377285239528,
  "learning_rate": 1.594500661470336e-06,
  "lookback": 30,
  "num_heads": 2,
  "num_layers": 1,
  "sequence_length": 30
}