{
  "batch_size": 32,
  "dropout_rate": 0.1979732062167557,
  "ff_dim": 512,
  "l2_reg": 0.00022157441714918996,
  "learning_rate": 1.5925941246574137e-06,
  "lookback": 30,
  "num_heads": 2,
  "num_layers": 1,
  "sequence_length": 30
}