{
  "batch_size": 32,
  "dropout_rate": 0.19934666467353337,
  "ff_dim": 512,
  "l2_reg": 0.0002470216203869566,
  "learning_rate": 1.1655452048424846e-06,
  "lookback": 30,
  "num_heads": 2,
  "num_layers": 1,
  "sequence_length": 30
}