{
  "batch_size": 32,
  "dropout_rate": 0.19588051836300124,
  "ff_dim": 512,
  "l2_reg": 0.0002732823861027557,
  "learning_rate": 1.9585037469726397e-06,
  "lookback": 30,
  "num_heads": 2,
  "num_layers": 1,
  "sequence_length": 30
}