{
  "batch_size": 128,
  "buffer_size": 10000,
  "ent_coef": 0.010187471212165464,
  "gamma": 0.9066633845013532,
  "learning_rate": 0.0008652112987086771,
  "tau": 0.06984739347466808
}