{
  "batch_size": 64,
  "dropout_rate": 0.18873339067123507,
  "ff_dim": 512,
  "l2_reg": 5.163876066175738e-05,
  "learning_rate": 2.85633004665439e-06,
  "lookback": 30,
  "num_heads": 8,
  "num_layers": 2,
  "sequence_length": 30
}