{
  "batch_size": 32,
  "dropout_rate": 0.3438516336431035,
  "ff_dim": 256,
  "l2_reg": 4.492113227695203e-06,
  "learning_rate": 4.665855985223596e-06,
  "num_heads": 4,
  "num_layers": 2
}