{
  "batch_size": 64,
  "dropout_rate": 0.3428106454850559,
  "ff_dim": 256,
  "l2_reg": 0.001916065223571492,
  "learning_rate": 5.861857090030904e-05,
  "num_heads": 4,
  "num_layers": 3
}