{
  "batch_size": 16,
  "dropout_rate": 0.14764714515451388,
  "ff_dim": 512,
  "l2_reg": 5.369337050626247e-06,
  "learning_rate": 0.0009014338503572149,
  "num_heads": 8,
  "num_layers": 3
}