{
  "batch_size": 64,
  "dropout_rate": 0.3789691524925518,
  "ff_dim": 256,
  "l2_reg": 0.00010967553918900328,
  "learning_rate": 1.667432448341892e-05,
  "lookback": 30,
  "num_heads": 2,
  "num_layers": 2,
  "sequence_length": 30
}