{
  "batch_size": 16,
  "dropout_rate": 0.49644288023454675,
  "ff_dim": 256,
  "l2_reg": 0.00017844699602462459,
  "learning_rate": 6.234942830048185e-06,
  "num_heads": 4,
  "num_layers": 4
}