{
  "batch_size": 32,
  "dropout_rate": 0.1972625266512577,
  "ff_dim": 512,
  "l2_reg": 0.0004494806823796902,
  "learning_rate": 1.4317455669103905e-06,
  "lookback": 30,
  "num_heads": 2,
  "num_layers": 1,
  "sequence_length": 30
}