{
  "batch_size": 32,
  "dropout_rate": 0.20436417173283258,
  "ff_dim": 512,
  "l2_reg": 0.00021360770387790132,
  "learning_rate": 1.8844878093766165e-06,
  "lookback": 30,
  "num_heads": 2,
  "num_layers": 1,
  "sequence_length": 30
}