{
  "batch_size": 16,
  "dropout_rate": 0.18350440053872755,
  "ff_dim": 512,
  "l2_reg": 1.4299118352200434e-06,
  "learning_rate": 1.0021294838681355e-05,
  "num_heads": 4,
  "num_layers": 3
}