{
  "batch_size": 64,
  "dropout_rate": 0.4348766756992076,
  "ff_dim": 256,
  "l2_reg": 5.002237789610278e-06,
  "learning_rate": 6.129655419689209e-06,
  "num_heads": 2,
  "num_layers": 2
}