{
  "batch_size": 64,
  "dropout_rate": 0.3413322348409651,
  "ff_dim": 128,
  "l2_reg": 0.00047450505570755295,
  "learning_rate": 8.718790752862685e-05,
  "num_heads": 8,
  "num_layers": 3
}