{
  "batch_size": 32,
  "dropout_rate": 0.1963094744024423,
  "ff_dim": 512,
  "l2_reg": 0.0002032775692016723,
  "learning_rate": 1.4326099001441925e-06,
  "lookback": 30,
  "num_heads": 2,
  "num_layers": 1,
  "sequence_length": 30
}