{
  "batch_size": 128,
  "dropout_rate": 0.47592716935165447,
  "ff_dim": 512,
  "l2_reg": 9.608207850187509e-05,
  "learning_rate": 1.7970511621672892e-06,
  "lookback": 30,
  "num_heads": 2,
  "num_layers": 1,
  "sequence_length": 30
}