{
  "batch_size": 16,
  "dropout_rate": 0.4246580385781046,
  "ff_dim": 256,
  "l2_reg": 1.4355919542246263e-06,
  "learning_rate": 0.00017573433436016465,
  "num_heads": 8,
  "num_layers": 2
}