{
  "batch_size": 64,
  "dropout_rate": 0.422740207560713,
  "ff_dim": 128,
  "l2_reg": 0.0001470360774049535,
  "learning_rate": 1.3317704189961545e-06,
  "lookback": 30,
  "num_heads": 2,
  "num_layers": 2,
  "sequence_length": 30
}