{
  "batch_size": 64,
  "dropout_rate": 0.44219715459032133,
  "ff_dim": 128,
  "l2_reg": 1.233587668365025e-05,
  "learning_rate": 1.0034563457282928e-06,
  "lookback": 30,
  "num_heads": 2,
  "num_layers": 2,
  "sequence_length": 30
}