{
  "batch_size": 64,
  "dropout_rate": 0.3713441317351632,
  "ff_dim": 256,
  "l2_reg": 0.00019846154279774066,
  "learning_rate": 1.0558293552397445e-05,
  "lookback": 30,
  "num_heads": 2,
  "num_layers": 2,
  "sequence_length": 30
}