{
  "batch_size": 16,
  "dropout_rate": 0.4795696050324163,
  "ff_dim": 128,
  "l2_reg": 1.3199465303060967e-05,
  "learning_rate": 1.4052058773117345e-05,
  "num_heads": 8,
  "num_layers": 4
}