{
  "batch_size": 32,
  "dropout_rate": 0.4934511723280609,
  "ff_dim": 256,
  "l2_reg": 0.0002954445745370824,
  "learning_rate": 1.2478816753560892e-05,
  "num_heads": 8,
  "num_layers": 2
}