{
  "batch_size": 32,
  "dropout_rate": 0.25149484329083527,
  "ff_dim": 128,
  "l2_reg": 1.2672133929403681e-05,
  "learning_rate": 1.4238520302124995e-06,
  "num_heads": 8,
  "num_layers": 3
}