{
  "batch_size": 32,
  "dropout_rate": 0.19488719433649052,
  "ff_dim": 512,
  "l2_reg": 0.00020623676498237765,
  "learning_rate": 1.5630315793100327e-06,
  "lookback": 30,
  "num_heads": 2,
  "num_layers": 1,
  "sequence_length": 30
}