{
  "batch_size": 64,
  "buffer_size": 10000,
  "ent_coef": 0.016616444207330973,
  "gamma": 0.919037515234183,
  "learning_rate": 3.469334151014934e-05,
  "tau": 0.033274267674222514
}