{
  "batch_size": 32,
  "dropout_rate": 0.19456941654872179,
  "ff_dim": 512,
  "l2_reg": 0.00024026637502034965,
  "learning_rate": 6.689489710575127e-06,
  "lookback": 30,
  "num_heads": 2,
  "num_layers": 1,
  "sequence_length": 30
}