{
  "batch_size": 32,
  "dropout_rate": 0.30426312788515286,
  "ff_dim": 128,
  "l2_reg": 0.0006015347337121689,
  "learning_rate": 3.998956929861303e-06,
  "num_heads": 2,
  "num_layers": 3
}