{
  "batch_size": 32,
  "dropout_rate": 0.1969144361044821,
  "ff_dim": 512,
  "l2_reg": 0.00023570532382407788,
  "learning_rate": 1.1239572480860982e-06,
  "lookback": 30,
  "num_heads": 2,
  "num_layers": 1,
  "sequence_length": 30
}