{
  "batch_size": 512,
  "buffer_size": 10000,
  "ent_coef": 0.03994443952818421,
  "gamma": 0.9275321032346435,
  "learning_rate": 0.0005632605882851302,
  "tau": 0.014937605439821148
}