{
  "batch_size": 32,
  "dropout_rate": 0.2933214414817271,
  "ff_dim": 512,
  "l2_reg": 7.973790944872203e-05,
  "learning_rate": 4.364217115952871e-06,
  "lookback": 30,
  "num_heads": 8,
  "num_layers": 2,
  "sequence_length": 30
}