{
  "batch_size": 32,
  "dropout_rate": 0.20048153875082278,
  "ff_dim": 512,
  "l2_reg": 0.0002076619775873513,
  "learning_rate": 1.907527793962138e-06,
  "lookback": 30,
  "num_heads": 2,
  "num_layers": 1,
  "sequence_length": 30
}