{
  "batch_size": 32,
  "dropout_rate": 0.26832798264995167,
  "ff_dim": 128,
  "l2_reg": 1.4982439655446797e-05,
  "learning_rate": 0.0004438142837610111,
  "num_heads": 4,
  "num_layers": 2
}