{
  "batch_size": 32,
  "dropout_rate": 0.2097055560039867,
  "ff_dim": 512,
  "l2_reg": 0.00027424581873223164,
  "learning_rate": 1.3597059991559772e-06,
  "lookback": 30,
  "num_heads": 2,
  "num_layers": 1,
  "sequence_length": 30
}