{
  "batch_size": 32,
  "dropout_rate": 0.12401349795184032,
  "ff_dim": 512,
  "l2_reg": 0.0017241065108914227,
  "learning_rate": 6.48076448463007e-05,
  "num_heads": 8,
  "num_layers": 2
}