{
  "batch_size": 32,
  "dropout_rate": 0.42459952002749746,
  "ff_dim": 256,
  "l2_reg": 6.173583790194648e-05,
  "learning_rate": 2.0472713805843556e-06,
  "num_heads": 8,
  "num_layers": 3
}