{
  "batch_size": 16,
  "dropout_rate": 0.41916231975207763,
  "ff_dim": 512,
  "l2_reg": 7.916505891927748e-06,
  "learning_rate": 2.6346236720907492e-05,
  "num_heads": 8,
  "num_layers": 4
}