{
  "batch_size": 16,
  "dropout_rate": 0.1018384284468486,
  "ff_dim": 128,
  "l2_reg": 5.021818671681432e-06,
  "learning_rate": 3.3266989137643765e-06,
  "num_heads": 2,
  "num_layers": 2
}