{
  "batch_size": 32,
  "dropout_rate": 0.19655179594086347,
  "ff_dim": 512,
  "l2_reg": 0.00022459338919782098,
  "learning_rate": 1.9086273446718813e-06,
  "lookback": 30,
  "num_heads": 2,
  "num_layers": 1,
  "sequence_length": 30
}