{
  "batch_size": 64,
  "dropout_rate": 0.39225330115277435,
  "ff_dim": 256,
  "l2_reg": 0.00020610284621178966,
  "learning_rate": 1.1566781775461535e-05,
  "lookback": 30,
  "num_heads": 2,
  "num_layers": 2,
  "sequence_length": 30
}