{
  "batch_size": 32,
  "dropout_rate": 0.40294778965204314,
  "ff_dim": 512,
  "l2_reg": 6.125488612139424e-05,
  "learning_rate": 8.534886550410234e-06,
  "num_heads": 4,
  "num_layers": 3
}