{
  "batch_size": 64,
  "dropout_rate": 0.18321459758348624,
  "ff_dim": 256,
  "l2_reg": 0.0003589660590211236,
  "learning_rate": 3.015726553068071e-05,
  "num_heads": 8,
  "num_layers": 2
}