{
  "batch_size": 16,
  "dropout_rate": 0.38362643227636417,
  "ff_dim": 256,
  "l2_reg": 0.0007377285789909368,
  "learning_rate": 0.00014636023488123816,
  "lookback": 30,
  "num_heads": 8,
  "num_layers": 2,
  "sequence_length": 30
}