{
  "batch_size": 32,
  "dropout_rate": 0.19961738781842975,
  "ff_dim": 512,
  "l2_reg": 0.0002205468395486116,
  "learning_rate": 1.5403998080339678e-06,
  "lookback": 30,
  "num_heads": 2,
  "num_layers": 1,
  "sequence_length": 30
}