{
  "batch_size": 64,
  "dropout_rate": 0.4444102308827933,
  "ff_dim": 256,
  "l2_reg": 0.0009542199210787316,
  "learning_rate": 6.906267066454373e-06,
  "lookback": 30,
  "num_heads": 2,
  "num_layers": 2,
  "sequence_length": 30
}