{
  "batch_size": 32,
  "dropout_rate": 0.2009438843430113,
  "ff_dim": 512,
  "l2_reg": 0.0002494504049032695,
  "learning_rate": 1.0279646661301734e-06,
  "lookback": 30,
  "num_heads": 2,
  "num_layers": 1,
  "sequence_length": 30
}