{
  "batch_size": 32,
  "dropout_rate": 0.19655498168948093,
  "ff_dim": 512,
  "l2_reg": 0.0002305217075095505,
  "learning_rate": 1.0606022241589543e-06,
  "lookback": 30,
  "num_heads": 2,
  "num_layers": 1,
  "sequence_length": 30
}