{
  "batch_size": 32,
  "dropout_rate": 0.47737551294434416,
  "ff_dim": 256,
  "l2_reg": 0.00034960694663782523,
  "learning_rate": 5.733561211792066e-06,
  "lookback": 30,
  "num_heads": 2,
  "num_layers": 2,
  "sequence_length": 30
}