{
  "batch_size": 32,
  "dropout_rate": 0.1912845277017583,
  "ff_dim": 512,
  "l2_reg": 0.0002474216239283948,
  "learning_rate": 1.6884291979170639e-06,
  "lookback": 30,
  "num_heads": 2,
  "num_layers": 1,
  "sequence_length": 30
}