{
  "batch_size": 64,
  "dropout_rate": 0.2908458091889836,
  "ff_dim": 128,
  "l2_reg": 1.4232612275752492e-05,
  "learning_rate": 2.7620729976890833e-06,
  "num_heads": 4,
  "num_layers": 4
}