{
  "batch_size": 32,
  "dropout_rate": 0.21242461835908144,
  "ff_dim": 256,
  "l2_reg": 0.002548490462314026,
  "learning_rate": 2.6092840768528675e-05,
  "num_heads": 4,
  "num_layers": 2
}