{
  "batch_size": 32,
  "dropout_rate": 0.19906548641360833,
  "ff_dim": 512,
  "l2_reg": 0.00027772346331279775,
  "learning_rate": 1.500996011065177e-06,
  "lookback": 30,
  "num_heads": 2,
  "num_layers": 1,
  "sequence_length": 30
}