{
  "batch_size": 32,
  "dropout_rate": 0.18136623555860218,
  "ff_dim": 512,
  "l2_reg": 0.00020461927676526965,
  "learning_rate": 4.2900216516157365e-06,
  "lookback": 30,
  "num_heads": 2,
  "num_layers": 1,
  "sequence_length": 30
}