{
  "batch_size": 64,
  "dropout_rate": 0.2558476092975133,
  "ff_dim": 512,
  "l2_reg": 0.002669063057302051,
  "learning_rate": 2.598661515149167e-05,
  "num_heads": 8,
  "num_layers": 2
}