{
  "batch_size": 256,
  "buffer_size": 50000,
  "ent_coef": 0.00245477121734654,
  "gamma": 0.9208891902714307,
  "learning_rate": 0.0009283561508586116,
  "tau": 0.0749066440926016
}