{
  "batch_size": 128,
  "buffer_size": 10000,
  "ent_coef": 0.011595156022701015,
  "gamma": 0.9586678422359803,
  "learning_rate": 6.644603496587538e-05,
  "tau": 0.094886323397829
}