{
  "batch_size": 16,
  "dropout_rate": 0.39152835024287225,
  "ff_dim": 512,
  "l2_reg": 0.002433661947153047,
  "learning_rate": 7.93922481419398e-05,
  "num_heads": 8,
  "num_layers": 2
}