{
  "batch_size": 64,
  "dropout_rate": 0.4060653098547795,
  "ff_dim": 512,
  "l2_reg": 3.301073543957975e-05,
  "learning_rate": 0.0002253998062009335,
  "num_heads": 2,
  "num_layers": 4
}