{
  "batch_size": 16,
  "dropout_rate": 0.13866775418177682,
  "ff_dim": 128,
  "l2_reg": 0.00026300135056163187,
  "learning_rate": 1.6712328400125605e-06,
  "num_heads": 4,
  "num_layers": 2
}