{
  "batch_size": 64,
  "dropout_rate": 0.41259746494105987,
  "ff_dim": 256,
  "l2_reg": 0.00038548607239498485,
  "learning_rate": 2.2068384285934404e-06,
  "lookback": 30,
  "num_heads": 2,
  "num_layers": 2,
  "sequence_length": 30
}