{
  "batch_size": 32,
  "dropout_rate": 0.19622860530124606,
  "ff_dim": 512,
  "l2_reg": 0.00022397552514887193,
  "learning_rate": 1.5130978030999155e-06,
  "lookback": 30,
  "num_heads": 2,
  "num_layers": 1,
  "sequence_length": 30
}