{
  "batch_size": 64,
  "dropout_rate": 0.1456684650481128,
  "ff_dim": 256,
  "l2_reg": 1.4181086440355611e-05,
  "learning_rate": 1.0298544552909545e-05,
  "num_heads": 2,
  "num_layers": 3
}