{
  "batch_size": 128,
  "dropout_rate": 0.4229271905518425,
  "ff_dim": 256,
  "l2_reg": 2.838663058153315e-05,
  "learning_rate": 2.464107091122934e-05,
  "lookback": 30,
  "num_heads": 2,
  "num_layers": 2,
  "sequence_length": 30
}