{
  "observation_covariance": 0.12049570146229067,
  "transition_covariance": 0.005768768648796626
}