{
  "batch_size": 64,
  "dropout_rate": 0.27398766547845754,
  "epochs": 50,
  "ff_dim": 512,
  "l2_reg": 1.5945850879501342e-05,
  "learning_rate": 0.00041194758118669146,
  "num_heads": 4,
  "num_layers": 3
}