{
  "batch_size": 64,
  "dropout_rate": 0.40134662074025623,
  "ff_dim": 256,
  "l2_reg": 0.00010839245365314806,
  "learning_rate": 1.49892836372164e-05,
  "lookback": 30,
  "num_heads": 2,
  "num_layers": 2,
  "sequence_length": 30
}