{
  "batch_size": 64,
  "dropout_rate": 0.3899092458654745,
  "ff_dim": 256,
  "l2_reg": 0.00010278074336366816,
  "learning_rate": 1.4549068994603258e-05,
  "lookback": 30,
  "num_heads": 2,
  "num_layers": 2,
  "sequence_length": 30
}