{
  "batch_size": 32,
  "dropout_rate": 0.3141481008192072,
  "ff_dim": 128,
  "l2_reg": 0.0002856323778697357,
  "learning_rate": 5.288602387406669e-06,
  "lookback": 30,
  "num_heads": 2,
  "num_layers": 1,
  "sequence_length": 30
}