{
  "batch_size": 32,
  "dropout_rate": 0.44066730376174146,
  "ff_dim": 128,
  "l2_reg": 0.0005026751869245752,
  "learning_rate": 0.0003283945657703661,
  "num_heads": 4,
  "num_layers": 4
}