{
  "batch_size": 32,
  "dropout_rate": 0.19093441226816674,
  "ff_dim": 512,
  "l2_reg": 0.0002560720594807006,
  "learning_rate": 1.510627772900153e-06,
  "lookback": 30,
  "num_heads": 2,
  "num_layers": 1,
  "sequence_length": 30
}