{
  "batch_size": 64,
  "dropout_rate": 0.37325520285052843,
  "ff_dim": 256,
  "l2_reg": 0.00016449216782357903,
  "learning_rate": 1.0917534586684126e-05,
  "lookback": 30,
  "num_heads": 2,
  "num_layers": 2,
  "sequence_length": 30
}