{
  "batch_size": 32,
  "dropout_rate": 0.1935996532022189,
  "ff_dim": 512,
  "l2_reg": 0.0002787265501386304,
  "learning_rate": 1.7280704480609734e-06,
  "lookback": 30,
  "num_heads": 2,
  "num_layers": 1,
  "sequence_length": 30
}