{
  "batch_size": 64,
  "dropout_rate": 0.37719731782144433,
  "ff_dim": 256,
  "l2_reg": 0.0001353964148877938,
  "learning_rate": 1.4474447289576194e-05,
  "lookback": 30,
  "num_heads": 2,
  "num_layers": 2,
  "sequence_length": 30
}