{
  "batch_size": 32,
  "dropout_rate": 0.19942668498968968,
  "ff_dim": 512,
  "l2_reg": 0.00021408361867163817,
  "learning_rate": 1.1474254612346636e-06,
  "lookback": 30,
  "num_heads": 2,
  "num_layers": 1,
  "sequence_length": 30
}