{
  "batch_size": 32,
  "dropout_rate": 0.19761794628278692,
  "ff_dim": 512,
  "l2_reg": 0.00022934390476600185,
  "learning_rate": 1.0632244847242597e-06,
  "lookback": 30,
  "num_heads": 2,
  "num_layers": 1,
  "sequence_length": 30
}