{
  "batch_size": 32,
  "dropout_rate": 0.2086504635709443,
  "ff_dim": 512,
  "l2_reg": 0.00021108626658178316,
  "learning_rate": 1.2285335355928131e-06,
  "lookback": 30,
  "num_heads": 2,
  "num_layers": 1,
  "sequence_length": 30
}