{
  "batch_size": 32,
  "dropout_rate": 0.20064594178578796,
  "ff_dim": 512,
  "l2_reg": 0.00028632971683641855,
  "learning_rate": 1.5497378565869316e-06,
  "lookback": 30,
  "num_heads": 2,
  "num_layers": 1,
  "sequence_length": 30
}