{
  "batch_size": 32,
  "dropout_rate": 0.19357919861653983,
  "ff_dim": 512,
  "l2_reg": 0.00020701804334880442,
  "learning_rate": 1.1097684205420792e-06,
  "lookback": 30,
  "num_heads": 2,
  "num_layers": 1,
  "sequence_length": 30
}