{
  "batch_size": 16,
  "dropout_rate": 0.49525056575072024,
  "ff_dim": 128,
  "l2_reg": 1.460577500115795e-05,
  "learning_rate": 0.0004660968006169,
  "num_heads": 2,
  "num_layers": 3
}