{
  "batch_size": 64,
  "buffer_size": 100000,
  "ent_coef": 0.0024933376624700103,
  "gamma": 0.9325999729541066,
  "learning_rate": 0.00034558373995561116,
  "tau": 0.01742422545338218
}