{
  "batch_size": 32,
  "dropout_rate": 0.22677393759859266,
  "ff_dim": 512,
  "l2_reg": 3.279058000567498e-05,
  "learning_rate": 0.0003848248209729149,
  "num_heads": 8,
  "num_layers": 2
}