{
  "batch_size": 64,
  "dropout_rate": 0.46315427060926895,
  "ff_dim": 256,
  "l2_reg": 0.00029571920081176533,
  "learning_rate": 1.6212266629405163e-05,
  "lookback": 30,
  "num_heads": 2,
  "num_layers": 2,
  "sequence_length": 30
}