{
  "batch_size": 32,
  "dropout_rate": 0.19167597547764365,
  "ff_dim": 512,
  "l2_reg": 0.000295194517108821,
  "learning_rate": 1.7569888786644376e-06,
  "lookback": 30,
  "num_heads": 2,
  "num_layers": 1,
  "sequence_length": 30
}