{
  "batch_size": 64,
  "dropout_rate": 0.3793402861626743,
  "ff_dim": 256,
  "l2_reg": 0.00015697884618980597,
  "learning_rate": 1.3699355802671338e-05,
  "lookback": 30,
  "num_heads": 2,
  "num_layers": 2,
  "sequence_length": 30
}