{
  "batch_size": 64,
  "buffer_size": 100000,
  "ent_coef": 0.026203374954478928,
  "gamma": 0.9990219136768472,
  "learning_rate": 0.000151255348630195,
  "tau": 0.06269172466513884
}