{
  "batch_size": 64,
  "dropout_rate": 0.31088884503265446,
  "ff_dim": 512,
  "l2_reg": 0.0016361676756632129,
  "learning_rate": 1.7669957468755278e-05,
  "num_heads": 2,
  "num_layers": 3
}