{
  "batch_size": 128,
  "buffer_size": 50000,
  "ent_coef": 0.030917997876672862,
  "gamma": 0.9730471667826857,
  "learning_rate": 1.504237695010826e-05,
  "tau": 0.04873955457986131
}