{
  "batch_size": 32,
  "dropout_rate": 0.20607967577181002,
  "ff_dim": 512,
  "l2_reg": 0.0002402452349304943,
  "learning_rate": 1.0482105965160754e-06,
  "lookback": 30,
  "num_heads": 2,
  "num_layers": 1,
  "sequence_length": 30
}