{
  "batch_size": 16,
  "dropout_rate": 0.12206777738886224,
  "ff_dim": 256,
  "l2_reg": 0.0004868330316896191,
  "learning_rate": 1.5054589998945287e-06,
  "lookback": 30,
  "num_heads": 4,
  "num_layers": 2,
  "sequence_length": 30
}