{
  "batch_size": 64,
  "dropout_rate": 0.4335764943134147,
  "ff_dim": 512,
  "l2_reg": 0.0019430971576611447,
  "learning_rate": 2.8985233832593446e-05,
  "num_heads": 8,
  "num_layers": 2
}