{
  "batch_size": 512,
  "buffer_size": 10000,
  "ent_coef": 0.007289657289796643,
  "gamma": 0.9064882031144851,
  "learning_rate": 2.5045713402686695e-05,
  "tau": 0.010332214929934087
}