{
  "batch_size": 64,
  "dropout_rate": 0.48155781758474353,
  "ff_dim": 256,
  "l2_reg": 0.0003622693402124676,
  "learning_rate": 5.601662157248962e-06,
  "lookback": 30,
  "num_heads": 2,
  "num_layers": 2,
  "sequence_length": 30
}