{
  "batch_size": 128,
  "buffer_size": 100000,
  "ent_coef": 0.010620052620220807,
  "gamma": 0.9874006809558259,
  "learning_rate": 0.000179035928986223,
  "tau": 0.05041838380608191
}