{
  "batch_size": 256,
  "buffer_size": 50000,
  "ent_coef": 0.08744143966485766,
  "gamma": 0.9248482440445412,
  "learning_rate": 1.0070804542885965e-05,
  "tau": 0.007766003145393263
}