{
  "batch_size": 64,
  "dropout_rate": 0.41011494449607167,
  "ff_dim": 512,
  "l2_reg": 4.208771322165646e-05,
  "learning_rate": 2.9948575697228266e-06,
  "num_heads": 8,
  "num_layers": 3
}