{
  "batch_size": 64,
  "dropout_rate": 0.4107307671284828,
  "ff_dim": 512,
  "l2_reg": 0.00035376739904595584,
  "learning_rate": 3.455748437603852e-05,
  "num_heads": 8,
  "num_layers": 4
}