{
  "batch_size": 32,
  "dropout_rate": 0.1951335551077821,
  "ff_dim": 512,
  "l2_reg": 0.0002994336800313647,
  "learning_rate": 1.578545541829936e-06,
  "lookback": 30,
  "num_heads": 2,
  "num_layers": 1,
  "sequence_length": 30
}