{
  "batch_size": 64,
  "dropout_rate": 0.3711596742213727,
  "ff_dim": 256,
  "l2_reg": 0.0007801111359740481,
  "learning_rate": 1.0050667780906037e-05,
  "lookback": 30,
  "num_heads": 2,
  "num_layers": 2,
  "sequence_length": 30
}