{
  "observation_covariance": 0.09544771367393676,
  "transition_covariance": 0.005853455107224348
}
