{
  "batch_size": 32,
  "dropout_rate": 0.1300107220138642,
  "ff_dim": 512,
  "l2_reg": 0.00011439988192790057,
  "learning_rate": 1.5595086523519622e-06,
  "lookback": 30,
  "num_heads": 2,
  "num_layers": 1,
  "sequence_length": 30
}