{
  "batch_size": 16,
  "dropout_rate": 0.1788465658376951,
  "ff_dim": 256,
  "l2_reg": 7.381186558374495e-06,
  "learning_rate": 0.00021653470592053456,
  "num_heads": 2,
  "num_layers": 4
}