{
  "batch_size": 64,
  "buffer_size": 100000,
  "ent_coef": 0.039701949074376935,
  "gamma": 0.9297773993726566,
  "learning_rate": 4.033463521293114e-05,
  "tau": 0.03980143264320355
}