{
  "batch_size": 128,
  "buffer_size": 50000,
  "ent_coef": 0.0013615447591788237,
  "gamma": 0.9022329950124988,
  "learning_rate": 1.9023870683669183e-05,
  "tau": 0.09315600646246283
}