{
  "batch_size": 32,
  "dropout_rate": 0.186035286048096,
  "ff_dim": 512,
  "l2_reg": 0.0004324066981759918,
  "learning_rate": 4.689617076041327e-06,
  "lookback": 30,
  "num_heads": 2,
  "num_layers": 1,
  "sequence_length": 30
}