{
  "batch_size": 32,
  "dropout_rate": 0.4348005565210594,
  "ff_dim": 256,
  "l2_reg": 0.00045907457466760464,
  "learning_rate": 0.0008749055477265009,
  "num_heads": 4,
  "num_layers": 2
}