{
  "batch_size": 128,
  "buffer_size": 10000,
  "ent_coef": 0.04695916703724954,
  "gamma": 0.9514721585131727,
  "learning_rate": 0.00017088082555281897,
  "tau": 0.0027439965562914663
}