{
  "batch_size": 16,
  "dropout_rate": 0.30147840382110735,
  "epochs": 10,
  "ff_dim": 512,
  "l2_reg": 2.81286953982087e-06,
  "learning_rate": 1.296746741049237e-06,
  "num_heads": 2,
  "num_layers": 2
}