{
  "batch_size": 64,
  "dropout_rate": 0.4571636600282275,
  "ff_dim": 256,
  "l2_reg": 3.470438495333624e-05,
  "learning_rate": 1.8337275940789977e-05,
  "num_heads": 8,
  "num_layers": 4
}