{
  "batch_size": 16,
  "dropout_rate": 0.49261561194387093,
  "ff_dim": 512,
  "l2_reg": 0.0009390446253988604,
  "learning_rate": 1.064287736040854e-06,
  "num_heads": 4,
  "num_layers": 3
}