{
  "batch_size": 128,
  "dropout_rate": 0.4256444658297044,
  "ff_dim": 256,
  "l2_reg": 2.2623254793654867e-05,
  "learning_rate": 1.091077197846277e-06,
  "lookback": 30,
  "num_heads": 2,
  "num_layers": 2,
  "sequence_length": 30
}