{
  "batch_size": 128,
  "dropout_rate": 0.48693989463349774,
  "ff_dim": 128,
  "l2_reg": 0.00046235826981047686,
  "learning_rate": 2.8257701247643884e-05,
  "lookback": 30,
  "num_heads": 2,
  "num_layers": 2,
  "sequence_length": 30
}