{
  "batch_size": 32,
  "dropout_rate": 0.170000592889527,
  "ff_dim": 512,
  "l2_reg": 0.0006485716553658963,
  "learning_rate": 2.3795526629280284e-06,
  "lookback": 30,
  "num_heads": 2,
  "num_layers": 1,
  "sequence_length": 30
}