{
  "batch_size": 32,
  "dropout_rate": 0.20697079984085828,
  "ff_dim": 512,
  "l2_reg": 0.00028517840774143027,
  "learning_rate": 1.3896769504298305e-06,
  "lookback": 30,
  "num_heads": 2,
  "num_layers": 1,
  "sequence_length": 30
}