{
  "batch_size": 16,
  "dropout_rate": 0.20969493809413373,
  "ff_dim": 128,
  "l2_reg": 0.00010844829495309625,
  "learning_rate": 1.636396331499384e-05,
  "num_heads": 8,
  "num_layers": 2
}