{
  "batch_size": 64,
  "dropout_rate": 0.23640894974312904,
  "ff_dim": 256,
  "l2_reg": 0.00014644582511903485,
  "learning_rate": 5.9039647392903766e-05,
  "num_heads": 4,
  "num_layers": 4
}