{
  "batch_size": 64,
  "dropout_rate": 0.18037562991192316,
  "ff_dim": 256,
  "l2_reg": 3.162512986883312e-06,
  "learning_rate": 0.00016435565541016603,
  "num_heads": 4,
  "num_layers": 3
}