{
  "batch_size": 32,
  "dropout_rate": 0.20811025502575903,
  "ff_dim": 512,
  "l2_reg": 0.0002709248749858357,
  "learning_rate": 1.247929794024355e-06,
  "lookback": 30,
  "num_heads": 2,
  "num_layers": 1,
  "sequence_length": 30
}