{
  "batch_size": 512,
  "buffer_size": 50000,
  "ent_coef": 0.039527165572147985,
  "gamma": 0.9594071279951805,
  "learning_rate": 3.220237040076305e-05,
  "tau": 0.0104133415812071
}