{
  "batch_size": 64,
  "dropout_rate": 0.11068132944709426,
  "ff_dim": 256,
  "l2_reg": 9.067519221825362e-06,
  "learning_rate": 0.0001117241996845479,
  "num_heads": 4,
  "num_layers": 2
}