{
  "batch_size": 32,
  "dropout_rate": 0.20050909140334583,
  "ff_dim": 512,
  "l2_reg": 0.0002679080133929793,
  "learning_rate": 1.7202700700915693e-06,
  "lookback": 30,
  "num_heads": 2,
  "num_layers": 1,
  "sequence_length": 30
}