{
  "batch_size": 32,
  "dropout_rate": 0.1935052735241212,
  "ff_dim": 512,
  "l2_reg": 0.00023211194286095664,
  "learning_rate": 1.9476894955243093e-06,
  "lookback": 30,
  "num_heads": 2,
  "num_layers": 1,
  "sequence_length": 30
}