{
  "batch_size": 512,
  "buffer_size": 100000,
  "ent_coef": 0.03633475373423014,
  "gamma": 0.9702851397435773,
  "learning_rate": 5.150112878831168e-05,
  "tau": 0.007810204211300379
}