{
  "batch_size": 32,
  "dropout_rate": 0.12217985286262956,
  "ff_dim": 512,
  "l2_reg": 0.0005166734727500542,
  "learning_rate": 2.4905373796885703e-06,
  "lookback": 30,
  "num_heads": 2,
  "num_layers": 1,
  "sequence_length": 30
}