{
  "batch_size": 64,
  "dropout_rate": 0.4005208313481458,
  "ff_dim": 256,
  "l2_reg": 0.00013291426132015145,
  "learning_rate": 1.3581418364573976e-05,
  "lookback": 30,
  "num_heads": 2,
  "num_layers": 2,
  "sequence_length": 30
}