{
  "batch_size": 128,
  "buffer_size": 10000,
  "ent_coef": 0.010549669994556993,
  "gamma": 0.9065184104815407,
  "learning_rate": 0.00029428272970134404,
  "tau": 0.08524901442693078
}