{
  "batch_size": 32,
  "dropout_rate": 0.2069120481549106,
  "ff_dim": 512,
  "l2_reg": 0.000221214345795485,
  "learning_rate": 1.669612299154775e-06,
  "lookback": 30,
  "num_heads": 2,
  "num_layers": 1,
  "sequence_length": 30
}