{
  "batch_size": 32,
  "dropout_rate": 0.1916246488810517,
  "ff_dim": 512,
  "l2_reg": 0.00025891025244743654,
  "learning_rate": 1.4554294974415907e-06,
  "lookback": 30,
  "num_heads": 2,
  "num_layers": 1,
  "sequence_length": 30
}