{
  "batch_size": 512,
  "buffer_size": 100000,
  "ent_coef": 0.0032598170430470155,
  "gamma": 0.946954127037287,
  "learning_rate": 2.181377490075123e-05,
  "tau": 0.0918744843081706
}