{
  "batch_size": 32,
  "dropout_rate": 0.16949339771712646,
  "ff_dim": 128,
  "l2_reg": 8.776900369583519e-05,
  "learning_rate": 3.9938303713147e-05,
  "lookback": 30,
  "num_heads": 2,
  "num_layers": 4,
  "sequence_length": 30
}