{
  "batch_size": 64,
  "dropout_rate": 0.47067659245457405,
  "ff_dim": 256,
  "l2_reg": 0.0005981973041017295,
  "learning_rate": 8.71059388287783e-05,
  "lookback": 30,
  "num_heads": 2,
  "num_layers": 2,
  "sequence_length": 30
}