{
  "batch_size": 16,
  "dropout_rate": 0.16615195118162313,
  "ff_dim": 512,
  "l2_reg": 1.7795011144738166e-06,
  "learning_rate": 3.591806766565442e-05,
  "num_heads": 4,
  "num_layers": 3
}