{
  "batch_size": 16,
  "dropout_rate": 0.15377133091788986,
  "ff_dim": 128,
  "l2_reg": 0.0007357074934765134,
  "learning_rate": 1.7032125553414555e-06,
  "num_heads": 2,
  "num_layers": 4
}