{
  "batch_size": 16,
  "dropout_rate": 0.4152857339796434,
  "ff_dim": 128,
  "l2_reg": 5.781997229706728e-06,
  "learning_rate": 0.0005038856558460897,
  "num_heads": 2,
  "num_layers": 4
}