{
  "batch_size": 64,
  "buffer_size": 100000,
  "ent_coef": 0.001150347887867398,
  "gamma": 0.9966033541179458,
  "learning_rate": 0.00032381767328971435,
  "tau": 0.06856265605167017
}