{
  "batch_size": 32,
  "dropout_rate": 0.15533561271224988,
  "ff_dim": 512,
  "l2_reg": 0.00010487574522792737,
  "learning_rate": 4.795618907391979e-06,
  "lookback": 30,
  "num_heads": 2,
  "num_layers": 1,
  "sequence_length": 30
}