{
  "batch_size": 16,
  "dropout_rate": 0.15185426748910588,
  "ff_dim": 512,
  "l2_reg": 0.0006394978409050726,
  "learning_rate": 1.360749340003362e-05,
  "num_heads": 8,
  "num_layers": 3
}