{
  "batch_size": 128,
  "dropout_rate": 0.31479289966663737,
  "ff_dim": 128,
  "l2_reg": 3.839207125512362e-05,
  "learning_rate": 5.122388291969834e-05,
  "lookback": 30,
  "num_heads": 4,
  "num_layers": 2,
  "sequence_length": 30
}