{
  "batch_size": 64,
  "dropout_rate": 0.41045266369013816,
  "ff_dim": 256,
  "l2_reg": 0.0001930362488698862,
  "learning_rate": 1.4448990301238383e-05,
  "lookback": 30,
  "num_heads": 2,
  "num_layers": 2,
  "sequence_length": 30
}