{
  "batch_size": 32,
  "dropout_rate": 0.34583169476662073,
  "ff_dim": 512,
  "l2_reg": 1.969526648919682e-05,
  "learning_rate": 0.00010013469824156645,
  "num_heads": 2,
  "num_layers": 2
}