{
  "batch_size": 32,
  "dropout_rate": 0.20937262817357008,
  "ff_dim": 512,
  "l2_reg": 0.00020599806146037828,
  "learning_rate": 1.038692838987177e-06,
  "lookback": 30,
  "num_heads": 2,
  "num_layers": 1,
  "sequence_length": 30
}