{
  "batch_size": 512,
  "buffer_size": 100000,
  "ent_coef": 0.003530183288825094,
  "gamma": 0.9788212520200502,
  "learning_rate": 1.5104621288467643e-05,
  "tau": 0.012771094931707846
}