{
  "batch_size": 32,
  "dropout_rate": 0.3513314997682545,
  "ff_dim": 256,
  "l2_reg": 0.0031435000461234484,
  "learning_rate": 6.356126473206573e-05,
  "num_heads": 8,
  "num_layers": 2
}