{
  "batch_size": 32,
  "dropout_rate": 0.1642292457121545,
  "ff_dim": 512,
  "l2_reg": 8.95641581956292e-05,
  "learning_rate": 7.906972172254036e-05,
  "lookback": 30,
  "num_heads": 4,
  "num_layers": 3,
  "sequence_length": 30
}