{
  "batch_size": 32,
  "dropout_rate": 0.17366011872956055,
  "ff_dim": 128,
  "l2_reg": 0.00041380434023707407,
  "learning_rate": 4.235227434494987e-06,
  "num_heads": 4,
  "num_layers": 2
}