{
  "batch_size": 64,
  "dropout_rate": 0.4456954780947763,
  "ff_dim": 128,
  "l2_reg": 0.00039431718485188026,
  "learning_rate": 6.304273857284775e-05,
  "num_heads": 2,
  "num_layers": 2
}