{
  "batch_size": 32,
  "dropout_rate": 0.2001708445446219,
  "ff_dim": 512,
  "l2_reg": 0.00028363695357217194,
  "learning_rate": 1.119920380706766e-06,
  "lookback": 30,
  "num_heads": 2,
  "num_layers": 1,
  "sequence_length": 30
}