{
  "batch_size": 64,
  "dropout_rate": 0.35666862946232614,
  "ff_dim": 256,
  "l2_reg": 1.450388053273031e-05,
  "learning_rate": 2.4272487503560606e-05,
  "num_heads": 4,
  "num_layers": 2
}