{
  "batch_size": 32,
  "dropout_rate": 0.17641030660856805,
  "ff_dim": 512,
  "l2_reg": 0.0009938024833145529,
  "learning_rate": 9.005234227267554e-06,
  "lookback": 30,
  "num_heads": 2,
  "num_layers": 1,
  "sequence_length": 30
}