{
  "batch_size": 512,
  "buffer_size": 10000,
  "ent_coef": 0.003241198923723746,
  "gamma": 0.9658321961690088,
  "learning_rate": 6.515593231988532e-05,
  "tau": 0.03518619770664717
}