{
  "batch_size": 32,
  "dropout_rate": 0.15302540746391308,
  "ff_dim": 128,
  "l2_reg": 1.3875263155285498e-05,
  "learning_rate": 4.786958666630839e-05,
  "num_heads": 8,
  "num_layers": 2
}