{
  "batch_size": 256,
  "buffer_size": 50000,
  "ent_coef": 0.019480444164155265,
  "gamma": 0.9525001745443354,
  "learning_rate": 0.00026850071291902586,
  "tau": 0.05652362519088212
}