{
  "batch_size": 32,
  "dropout_rate": 0.19478250509566575,
  "ff_dim": 512,
  "l2_reg": 0.0003527667463707364,
  "learning_rate": 3.162376451193453e-06,
  "lookback": 30,
  "num_heads": 2,
  "num_layers": 1,
  "sequence_length": 30
}