{
  "batch_size": 32,
  "dropout_rate": 0.1866252511379304,
  "ff_dim": 512,
  "l2_reg": 0.0006717798753307045,
  "learning_rate": 6.920426387936317e-06,
  "lookback": 30,
  "num_heads": 2,
  "num_layers": 1,
  "sequence_length": 30
}