{
  "batch_size": 32,
  "dropout_rate": 0.1915350953341118,
  "ff_dim": 512,
  "l2_reg": 0.00027343768972214107,
  "learning_rate": 1.2240862014597035e-06,
  "lookback": 30,
  "num_heads": 2,
  "num_layers": 1,
  "sequence_length": 30
}