{
  "batch_size": 32,
  "dropout_rate": 0.48508581666753803,
  "ff_dim": 128,
  "l2_reg": 9.224043150860082e-06,
  "learning_rate": 0.0007677896911698434,
  "num_heads": 4,
  "num_layers": 2
}