{
  "batch_size": 16,
  "dropout_rate": 0.3184961420732735,
  "ff_dim": 256,
  "l2_reg": 2.163232026881452e-05,
  "learning_rate": 5.502685572979794e-06,
  "num_heads": 4,
  "num_layers": 3
}