{
  "batch_size": 128,
  "buffer_size": 50000,
  "ent_coef": 0.0011883502558224616,
  "gamma": 0.924493860043454,
  "learning_rate": 0.00025338495885038293,
  "tau": 0.04658117431711051
}