{
  "batch_size": 32,
  "dropout_rate": 0.15562475221803518,
  "ff_dim": 512,
  "l2_reg": 0.0004075064697023679,
  "learning_rate": 1.7597690224690463e-06,
  "lookback": 30,
  "num_heads": 2,
  "num_layers": 1,
  "sequence_length": 30
}