{
  "batch_size": 64,
  "dropout_rate": 0.29096197729941525,
  "ff_dim": 256,
  "l2_reg": 8.946338595889182e-05,
  "learning_rate": 1.3590856693342765e-06,
  "lookback": 30,
  "num_heads": 8,
  "num_layers": 2,
  "sequence_length": 30
}