{
  "batch_size": 32,
  "dropout_rate": 0.4685006568121127,
  "ff_dim": 256,
  "l2_reg": 0.0006791276441150896,
  "learning_rate": 6.871468365294932e-05,
  "lookback": 30,
  "num_heads": 2,
  "num_layers": 2,
  "sequence_length": 30
}