{
  "batch_size": 32,
  "dropout_rate": 0.19772305350123096,
  "ff_dim": 512,
  "l2_reg": 0.00025440891409912573,
  "learning_rate": 1.335085974427206e-06,
  "lookback": 30,
  "num_heads": 2,
  "num_layers": 1,
  "sequence_length": 30
}