{
  "batch_size": 16,
  "dropout_rate": 0.4295151047303619,
  "ff_dim": 256,
  "l2_reg": 4.8630016586533356e-05,
  "learning_rate": 1.5665292341857685e-05,
  "num_heads": 8,
  "num_layers": 3
}