{
  "batch_size": 64,
  "dropout_rate": 0.40041941584619817,
  "ff_dim": 256,
  "l2_reg": 0.0001749289106635256,
  "learning_rate": 1.1246548489383258e-05,
  "lookback": 30,
  "num_heads": 2,
  "num_layers": 2,
  "sequence_length": 30
}