{
  "batch_size": 16,
  "dropout_rate": 0.10096735815487867,
  "ff_dim": 512,
  "l2_reg": 3.987926083664051e-06,
  "learning_rate": 2.0939970893282775e-06,
  "num_heads": 4,
  "num_layers": 2
}