{
  "batch_size": 32,
  "dropout_rate": 0.4175680111310016,
  "ff_dim": 256,
  "l2_reg": 3.813886143061761e-05,
  "learning_rate": 2.863693992573908e-06,
  "num_heads": 2,
  "num_layers": 3
}