{
  "batch_size": 32,
  "dropout_rate": 0.2013399319047877,
  "ff_dim": 512,
  "l2_reg": 0.00027853784702444443,
  "learning_rate": 1.4657809667231662e-06,
  "lookback": 30,
  "num_heads": 2,
  "num_layers": 1,
  "sequence_length": 30
}