{
  "batch_size": 32,
  "dropout_rate": 0.20389559121066417,
  "ff_dim": 512,
  "l2_reg": 0.0002621150298663817,
  "learning_rate": 1.3734544184167437e-06,
  "lookback": 30,
  "num_heads": 2,
  "num_layers": 1,
  "sequence_length": 30
}