{
  "batch_size": 32,
  "dropout_rate": 0.19130366599630855,
  "ff_dim": 512,
  "l2_reg": 0.00023008091863259433,
  "learning_rate": 1.6809099136404648e-06,
  "lookback": 30,
  "num_heads": 2,
  "num_layers": 1,
  "sequence_length": 30
}