{
  "batch_size": 16,
  "dropout_rate": 0.12610332312898487,
  "ff_dim": 128,
  "l2_reg": 0.0004893311689439596,
  "learning_rate": 3.500838855709347e-05,
  "num_heads": 2,
  "num_layers": 2
}