{
  "batch_size": 32,
  "dropout_rate": 0.4022466993277686,
  "ff_dim": 512,
  "l2_reg": 0.0005365890556485768,
  "learning_rate": 0.00012800808114667194,
  "lookback": 30,
  "num_heads": 2,
  "num_layers": 1,
  "sequence_length": 30
}