{
  "observation_covariance": 0.01383980040289868,
  "transition_covariance": 0.08690836760608993
}