{
  "batch_size": 32,
  "dropout_rate": 0.19831362796389168,
  "ff_dim": 512,
  "l2_reg": 0.00042365351591904947,
  "learning_rate": 2.8893523243199024e-06,
  "lookback": 30,
  "num_heads": 2,
  "num_layers": 1,
  "sequence_length": 30
}