{
  "batch_size": 64,
  "dropout_rate": 0.4845454288676584,
  "ff_dim": 256,
  "l2_reg": 0.001672637895827052,
  "learning_rate": 7.402752176043346e-05,
  "num_heads": 4,
  "num_layers": 2
}