{
  "batch_size": 16,
  "dropout_rate": 0.30236026008553424,
  "ff_dim": 512,
  "l2_reg": 4.1437412680732784e-05,
  "learning_rate": 4.499029995107211e-05,
  "num_heads": 8,
  "num_layers": 4
}