{
  "batch_size": 16,
  "dropout_rate": 0.1808179264557408,
  "ff_dim": 256,
  "l2_reg": 5.715666558305627e-06,
  "learning_rate": 3.842450337784703e-05,
  "num_heads": 2,
  "num_layers": 3
}