{
  "batch_size": 256,
  "buffer_size": 10000,
  "ent_coef": 0.028188015062227997,
  "gamma": 0.9225034804691985,
  "learning_rate": 2.6112300830281398e-05,
  "tau": 0.06882475027459597
}