{
  "batch_size": 32,
  "dropout_rate": 0.18714775799461125,
  "ff_dim": 512,
  "l2_reg": 0.0003669946699046399,
  "learning_rate": 3.526101157368509e-06,
  "lookback": 30,
  "num_heads": 2,
  "num_layers": 1,
  "sequence_length": 30
}