{
  "batch_size": 32,
  "dropout_rate": 0.19401919933586312,
  "ff_dim": 512,
  "l2_reg": 0.00020285589756244607,
  "learning_rate": 1.076272776532866e-06,
  "lookback": 30,
  "num_heads": 2,
  "num_layers": 1,
  "sequence_length": 30
}