{
  "batch_size": 128,
  "buffer_size": 10000,
  "ent_coef": 0.0013486143515578956,
  "gamma": 0.9598744531361351,
  "learning_rate": 3.354739182635815e-05,
  "tau": 0.04368242522717415
}