{
  "batch_size": 64,
  "dropout_rate": 0.39497186485358493,
  "ff_dim": 256,
  "l2_reg": 0.00015760165146221807,
  "learning_rate": 9.839665178283242e-06,
  "lookback": 30,
  "num_heads": 2,
  "num_layers": 2,
  "sequence_length": 30
}