{
  "batch_size": 64,
  "dropout_rate": 0.35294918423603383,
  "ff_dim": 256,
  "l2_reg": 0.0001605232216392764,
  "learning_rate": 1.082212500527438e-05,
  "lookback": 30,
  "num_heads": 2,
  "num_layers": 2,
  "sequence_length": 30
}