{
  "batch_size": 32,
  "dropout_rate": 0.15701036688230152,
  "ff_dim": 512,
  "l2_reg": 0.000554278013850018,
  "learning_rate": 1.2051440898851461e-06,
  "lookback": 30,
  "num_heads": 2,
  "num_layers": 1,
  "sequence_length": 30
}