{
  "batch_size": 32,
  "dropout_rate": 0.20437779347578547,
  "ff_dim": 512,
  "l2_reg": 0.0002091651449491995,
  "learning_rate": 1.968301988665155e-06,
  "lookback": 30,
  "num_heads": 2,
  "num_layers": 1,
  "sequence_length": 30
}