{
  "batch_size": 64,
  "dropout_rate": 0.35663907378454157,
  "ff_dim": 256,
  "l2_reg": 0.000291100218003669,
  "learning_rate": 8.674443398101295e-06,
  "lookback": 30,
  "num_heads": 2,
  "num_layers": 2,
  "sequence_length": 30
}