{
  "batch_size": 64,
  "dropout_rate": 0.2122873290462172,
  "ff_dim": 128,
  "l2_reg": 0.0002380833133186382,
  "learning_rate": 4.765980990990256e-05,
  "num_heads": 8,
  "num_layers": 3
}