{
  "batch_size": 64,
  "dropout_rate": 0.46256576318231113,
  "ff_dim": 256,
  "l2_reg": 8.850710157090171e-05,
  "learning_rate": 7.006511747874758e-05,
  "num_heads": 4,
  "num_layers": 4
}