{
  "batch_size": 64,
  "buffer_size": 50000,
  "ent_coef": 0.00712857228398127,
  "gamma": 0.9745284473100807,
  "learning_rate": 5.604225333042697e-05,
  "tau": 0.06381824705649815
}