{
  "batch_size": 64,
  "dropout_rate": 0.41164384705372714,
  "ff_dim": 256,
  "l2_reg": 0.0001449770580688796,
  "learning_rate": 1.3223904886474494e-05,
  "lookback": 30,
  "num_heads": 2,
  "num_layers": 2,
  "sequence_length": 30
}