{
  "batch_size": 32,
  "dropout_rate": 0.3306427898637856,
  "ff_dim": 256,
  "l2_reg": 1.0247471771490206e-05,
  "learning_rate": 5.327829542859598e-05,
  "num_heads": 8,
  "num_layers": 4
}