{
  "batch_size": 16,
  "dropout_rate": 0.4921696616005409,
  "ff_dim": 512,
  "l2_reg": 0.00014304755247651453,
  "learning_rate": 1.2602270026683617e-05,
  "num_heads": 8,
  "num_layers": 3
}