{
  "batch_size": 128,
  "dropout_rate": 0.27278832273906617,
  "ff_dim": 256,
  "l2_reg": 0.000560891472620692,
  "learning_rate": 1.0000055663916372e-05,
  "lookback": 30,
  "num_heads": 2,
  "num_layers": 2,
  "sequence_length": 30
}