{
  "batch_size": 32,
  "dropout_rate": 0.20513950201929654,
  "ff_dim": 512,
  "l2_reg": 0.00028909799656357465,
  "learning_rate": 1.2590498240690605e-06,
  "lookback": 30,
  "num_heads": 2,
  "num_layers": 1,
  "sequence_length": 30
}