{
  "batch_size": 64,
  "dropout_rate": 0.4253811355595192,
  "ff_dim": 256,
  "l2_reg": 0.0002611439051567745,
  "learning_rate": 1.5384930463441363e-05,
  "lookback": 30,
  "num_heads": 2,
  "num_layers": 2,
  "sequence_length": 30
}