{
  "batch_size": 32,
  "dropout_rate": 0.4799646239191554,
  "ff_dim": 256,
  "l2_reg": 0.0003280162321287499,
  "learning_rate": 3.179949916830781e-06,
  "num_heads": 4,
  "num_layers": 4
}