{
  "batch_size": 512,
  "buffer_size": 100000,
  "ent_coef": 0.0011030454381709038,
  "gamma": 0.9419780614178346,
  "learning_rate": 0.00021978060078013822,
  "tau": 0.08001258937587813
}