{
  "batch_size": 64,
  "dropout_rate": 0.31500978910039923,
  "ff_dim": 512,
  "l2_reg": 2.741738700350279e-05,
  "learning_rate": 8.211270370148765e-06,
  "lookback": 30,
  "num_heads": 2,
  "num_layers": 4,
  "sequence_length": 30
}