{
  "batch_size": 32,
  "dropout_rate": 0.14355216041522156,
  "ff_dim": 256,
  "l2_reg": 4.932237454251806e-06,
  "learning_rate": 1.2027908225244092e-06,
  "num_heads": 2,
  "num_layers": 3
}