{
  "batch_size": 32,
  "dropout_rate": 0.252984258050892,
  "ff_dim": 128,
  "l2_reg": 0.0008975292008399006,
  "learning_rate": 0.00015939357701061412,
  "num_heads": 2,
  "num_layers": 4
}