{
  "batch_size": 512,
  "buffer_size": 10000,
  "ent_coef": 0.01750872846507349,
  "gamma": 0.9916646759039282,
  "learning_rate": 0.00013050152479003675,
  "tau": 0.02947502805735482
}