{
  "batch_size": 64,
  "dropout_rate": 0.3694100275212453,
  "ff_dim": 256,
  "l2_reg": 0.00019029512151744768,
  "learning_rate": 1.2452513555202154e-05,
  "lookback": 30,
  "num_heads": 2,
  "num_layers": 2,
  "sequence_length": 30
}