{
  "batch_size": 64,
  "dropout_rate": 0.40436758456119326,
  "ff_dim": 256,
  "l2_reg": 1.4143574653120555e-05,
  "learning_rate": 0.00016694750948085613,
  "num_heads": 2,
  "num_layers": 2
}