{
  "batch_size": 128,
  "dropout_rate": 0.4853611988601474,
  "ff_dim": 256,
  "l2_reg": 6.0731202564590236e-05,
  "learning_rate": 2.0658298942268862e-06,
  "lookback": 30,
  "num_heads": 2,
  "num_layers": 2,
  "sequence_length": 30
}