{
  "batch_size": 32,
  "dropout_rate": 0.1982019914723235,
  "ff_dim": 512,
  "l2_reg": 0.0002481047849781501,
  "learning_rate": 1.3537898508333905e-06,
  "lookback": 30,
  "num_heads": 2,
  "num_layers": 1,
  "sequence_length": 30
}