{
  "batch_size": 128,
  "dropout_rate": 0.43756418043380474,
  "ff_dim": 256,
  "l2_reg": 6.029538176702177e-05,
  "learning_rate": 6.809665260689404e-05,
  "lookback": 30,
  "num_heads": 2,
  "num_layers": 2,
  "sequence_length": 30
}