{
  "batch_size": 64,
  "dropout_rate": 0.18832774454125542,
  "ff_dim": 128,
  "l2_reg": 0.00022618433439008183,
  "learning_rate": 8.430607362461125e-05,
  "num_heads": 8,
  "num_layers": 4
}