{
  "batch_size": 32,
  "dropout_rate": 0.20231526213284276,
  "ff_dim": 512,
  "l2_reg": 0.0002601053798649419,
  "learning_rate": 1.3003095884393167e-06,
  "lookback": 30,
  "num_heads": 2,
  "num_layers": 1,
  "sequence_length": 30
}