{
  "batch_size": 16,
  "dropout_rate": 0.2983574718873677,
  "ff_dim": 128,
  "l2_reg": 0.008956757332673709,
  "learning_rate": 0.0004246875105504236,
  "num_heads": 4,
  "num_layers": 2
}