{
  "batch_size": 16,
  "dropout_rate": 0.19343530825827515,
  "ff_dim": 512,
  "l2_reg": 0.0006760132492609834,
  "learning_rate": 5.850369392354112e-05,
  "num_heads": 4,
  "num_layers": 2
}