{
  "batch_size": 64,
  "dropout_rate": 0.4413591040033912,
  "ff_dim": 256,
  "l2_reg": 0.000413953065986804,
  "learning_rate": 1.0598837554812268e-05,
  "lookback": 30,
  "num_heads": 2,
  "num_layers": 2,
  "sequence_length": 30
}