{
  "batch_size": 64,
  "dropout_rate": 0.40097988408986507,
  "ff_dim": 512,
  "l2_reg": 0.005812351206930346,
  "learning_rate": 2.9611634794398773e-05,
  "num_heads": 8,
  "num_layers": 2
}