{
  "batch_size": 64,
  "dropout_rate": 0.1671574239501378,
  "ff_dim": 512,
  "l2_reg": 4.389991926400911e-06,
  "learning_rate": 4.019863976553409e-05,
  "num_heads": 8,
  "num_layers": 3
}