{
  "batch_size": 32,
  "dropout_rate": 0.19391384339718554,
  "ff_dim": 512,
  "l2_reg": 0.00021979345512888223,
  "learning_rate": 1.331617450716726e-06,
  "lookback": 30,
  "num_heads": 2,
  "num_layers": 1,
  "sequence_length": 30
}