{
  "batch_size": 16,
  "dropout_rate": 0.34111385113909304,
  "ff_dim": 128,
  "l2_reg": 2.4210173516272938e-05,
  "learning_rate": 0.00014788083824367144,
  "num_heads": 4,
  "num_layers": 4
}