{
  "batch_size": 32,
  "dropout_rate": 0.1560074293392216,
  "ff_dim": 512,
  "l2_reg": 0.00027671627322437903,
  "learning_rate": 2.4744714374012927e-06,
  "lookback": 30,
  "num_heads": 2,
  "num_layers": 1,
  "sequence_length": 30
}