{
  "batch_size": 256,
  "buffer_size": 10000,
  "ent_coef": 0.0034341815128907834,
  "gamma": 0.9298871119673237,
  "learning_rate": 9.100373074560489e-05,
  "tau": 0.0837635382639766
}