{
  "batch_size": 32,
  "dropout_rate": 0.4722594791755761,
  "ff_dim": 512,
  "l2_reg": 3.598761732205937e-06,
  "learning_rate": 0.00024951613674739696,
  "num_heads": 2,
  "num_layers": 2
}