{
  "batch_size": 16,
  "dropout_rate": 0.2044462872434576,
  "ff_dim": 256,
  "l2_reg": 0.00019091470733052933,
  "learning_rate": 0.0008609032194203669,
  "num_heads": 2,
  "num_layers": 2
}