{
  "batch_size": 256,
  "buffer_size": 10000,
  "ent_coef": 0.06093473945089677,
  "gamma": 0.9045747728409947,
  "learning_rate": 0.0001316233843103854,
  "tau": 0.04589457791232272
}