{
  "batch_size": 64,
  "dropout_rate": 0.46186491077643943,
  "ff_dim": 512,
  "l2_reg": 0.001123128046258503,
  "learning_rate": 1.8167573665829633e-05,
  "num_heads": 8,
  "num_layers": 3
}