{
  "batch_size": 16,
  "dropout_rate": 0.16428606685529695,
  "ff_dim": 512,
  "l2_reg": 0.0006163667943430795,
  "learning_rate": 0.0008295919256887392,
  "num_heads": 2,
  "num_layers": 2
}