{
  "batch_size": 64,
  "dropout_rate": 0.3710823313873546,
  "ff_dim": 256,
  "l2_reg": 0.00010784197126786178,
  "learning_rate": 1.9175865909294465e-05,
  "lookback": 30,
  "num_heads": 2,
  "num_layers": 2,
  "sequence_length": 30
}