{
  "batch_size": 32,
  "dropout_rate": 0.19986705052229067,
  "ff_dim": 512,
  "l2_reg": 0.0002240404568460994,
  "learning_rate": 1.3926700428384002e-06,
  "lookback": 30,
  "num_heads": 2,
  "num_layers": 1,
  "sequence_length": 30
}