{
  "batch_size": 64,
  "dropout_rate": 0.4469200584686868,
  "ff_dim": 256,
  "l2_reg": 0.0004005175048692483,
  "learning_rate": 2.937237105570037e-06,
  "lookback": 30,
  "num_heads": 2,
  "num_layers": 2,
  "sequence_length": 30
}