{
  "batch_size": 64,
  "dropout_rate": 0.412962696561878,
  "ff_dim": 256,
  "l2_reg": 0.0002685727140773274,
  "learning_rate": 9.579211702082091e-05,
  "lookback": 30,
  "num_heads": 2,
  "num_layers": 2,
  "sequence_length": 30
}