{
  "batch_size": 128,
  "dropout_rate": 0.43301357022329323,
  "ff_dim": 256,
  "l2_reg": 0.0004350702974454355,
  "learning_rate": 0.000812489091566297,
  "lookback": 30,
  "num_heads": 2,
  "num_layers": 2,
  "sequence_length": 30
}