{
  "batch_size": 64,
  "dropout_rate": 0.4169758722068413,
  "ff_dim": 256,
  "l2_reg": 0.00018426334034070502,
  "learning_rate": 1.2236995090316244e-05,
  "lookback": 30,
  "num_heads": 2,
  "num_layers": 2,
  "sequence_length": 30
}