{
  "batch_size": 64,
  "dropout_rate": 0.12130958270358594,
  "ff_dim": 512,
  "l2_reg": 1.1160378359589547e-05,
  "learning_rate": 0.0002542762381062419,
  "lookback": 90,
  "num_heads": 8,
  "num_layers": 3,
  "sequence_length": 30
}