{
  "batch_size": 32,
  "dropout_rate": 0.1777508150199136,
  "ff_dim": 512,
  "l2_reg": 0.000260297852971999,
  "learning_rate": 1.7376028046560909e-06,
  "lookback": 30,
  "num_heads": 2,
  "num_layers": 1,
  "sequence_length": 30
}