{
  "batch_size": 64,
  "dropout_rate": 0.47929009542798484,
  "ff_dim": 256,
  "l2_reg": 1.060911307772121e-05,
  "learning_rate": 2.944020796256743e-06,
  "num_heads": 2,
  "num_layers": 4
}