{
  "batch_size": 32,
  "dropout_rate": 0.15439076249375336,
  "ff_dim": 512,
  "l2_reg": 0.00035884409310099266,
  "learning_rate": 2.7198723077509324e-06,
  "lookback": 30,
  "num_heads": 2,
  "num_layers": 1,
  "sequence_length": 30
}