{
  "batch_size": 64,
  "dropout_rate": 0.20745605941402837,
  "ff_dim": 256,
  "l2_reg": 7.422677460433868e-05,
  "learning_rate": 8.834886119940258e-05,
  "num_heads": 8,
  "num_layers": 2
}