{
  "batch_size": 32,
  "dropout_rate": 0.3429004668855081,
  "ff_dim": 512,
  "l2_reg": 1.516962678933769e-06,
  "learning_rate": 2.2666099415005753e-06,
  "num_heads": 4,
  "num_layers": 4
}