{
  "batch_size": 32,
  "dropout_rate": 0.20420797606702654,
  "ff_dim": 512,
  "l2_reg": 8.522055990599459e-05,
  "learning_rate": 0.00027662419049960784,
  "num_heads": 8,
  "num_layers": 4
}