{
  "batch_size": 32,
  "dropout_rate": 0.3776845431303062,
  "ff_dim": 128,
  "l2_reg": 0.00012121995521411506,
  "learning_rate": 3.4234358517110935e-05,
  "num_heads": 8,
  "num_layers": 3
}