{
  "batch_size": 64,
  "buffer_size": 50000,
  "ent_coef": 0.007271731578425786,
  "gamma": 0.9077203189605126,
  "learning_rate": 5.720546272225191e-05,
  "tau": 0.08674686358002223
}