{
  "batch_size": 128,
  "buffer_size": 100000,
  "ent_coef": 0.0012335236012764566,
  "gamma": 0.9791678095360189,
  "learning_rate": 0.00026543719365293216,
  "tau": 0.0684981305041106
}