{
  "batch_size": 32,
  "dropout_rate": 0.19363358954219806,
  "ff_dim": 512,
  "l2_reg": 0.00022343459343552774,
  "learning_rate": 1.6685922171175695e-06,
  "lookback": 30,
  "num_heads": 2,
  "num_layers": 1,
  "sequence_length": 30
}