{
  "batch_size": 32,
  "dropout_rate": 0.34621631541916975,
  "ff_dim": 128,
  "l2_reg": 7.784384612494345e-06,
  "learning_rate": 4.288518745096314e-06,
  "num_heads": 4,
  "num_layers": 2
}