{
  "batch_size": 128,
  "buffer_size": 10000,
  "ent_coef": 0.005879930402009056,
  "gamma": 0.948801550739646,
  "learning_rate": 1.1527931313438252e-05,
  "tau": 0.07144510985680891
}