{
  "observation_covariance": 0.40510766678181853,
  "transition_covariance": 0.0054762849037245445
}
