{
  "batch_size": 16,
  "dropout_rate": 0.3125931738139077,
  "ff_dim": 256,
  "l2_reg": 5.770663762817562e-05,
  "learning_rate": 0.0004711582238326937,
  "num_heads": 4,
  "num_layers": 4
}