{
  "batch_size": 64,
  "dropout_rate": 0.36389335356881863,
  "ff_dim": 256,
  "l2_reg": 0.00019129648448498873,
  "learning_rate": 1.1574927431865681e-05,
  "lookback": 30,
  "num_heads": 2,
  "num_layers": 2,
  "sequence_length": 30
}