{
  "batch_size": 64,
  "dropout_rate": 0.30953634488059045,
  "ff_dim": 512,
  "l2_reg": 0.0003973639837902781,
  "learning_rate": 5.533773436998497e-06,
  "lookback": 30,
  "num_heads": 4,
  "num_layers": 2,
  "sequence_length": 30
}