{
  "observation_covariance": 0.024278148627723983,
  "transition_covariance": 0.0026186365246973664
}