{
  "batch_size": 64,
  "dropout_rate": 0.4920050948215007,
  "ff_dim": 256,
  "l2_reg": 0.0008533587432249973,
  "learning_rate": 2.9766163530839845e-06,
  "lookback": 30,
  "num_heads": 2,
  "num_layers": 2,
  "sequence_length": 30
}