{
  "batch_size": 32,
  "dropout_rate": 0.19559045028614458,
  "ff_dim": 512,
  "l2_reg": 0.00022055079595198785,
  "learning_rate": 1.3922788901674498e-06,
  "lookback": 30,
  "num_heads": 2,
  "num_layers": 1,
  "sequence_length": 30
}