{
  "batch_size": 256,
  "buffer_size": 50000,
  "ent_coef": 0.01836347611691568,
  "gamma": 0.9813780291669465,
  "learning_rate": 0.00019808753181991244,
  "tau": 0.06852155281127653
}