{
  "batch_size": 32,
  "dropout_rate": 0.1757276414675115,
  "ff_dim": 256,
  "l2_reg": 1.8173675689900706e-05,
  "learning_rate": 6.05911773464023e-06,
  "num_heads": 4,
  "num_layers": 3
}