{
  "batch_size": 32,
  "dropout_rate": 0.20761329264660305,
  "ff_dim": 512,
  "l2_reg": 0.00029059400880211553,
  "learning_rate": 1.3091243176296283e-06,
  "lookback": 30,
  "num_heads": 2,
  "num_layers": 1,
  "sequence_length": 30
}