{
  "batch_size": 32,
  "dropout_rate": 0.2041244301472534,
  "ff_dim": 512,
  "l2_reg": 0.0002387671441054916,
  "learning_rate": 1.3557441740387032e-06,
  "lookback": 30,
  "num_heads": 2,
  "num_layers": 1,
  "sequence_length": 30
}