{
  "batch_size": 64,
  "dropout_rate": 0.36224432830213416,
  "ff_dim": 256,
  "l2_reg": 0.00012358754020266554,
  "learning_rate": 1.1729598753367232e-05,
  "lookback": 30,
  "num_heads": 2,
  "num_layers": 2,
  "sequence_length": 30
}