{
  "batch_size": 32,
  "dropout_rate": 0.2894736708925978,
  "ff_dim": 512,
  "l2_reg": 0.00014840110562055415,
  "learning_rate": 4.812637707441801e-05,
  "num_heads": 8,
  "num_layers": 3
}