{
  "observation_covariance": 0.37666682415579683,
  "transition_covariance": 0.047894599553310505
}
