{
  "observation_covariance": 0.7025331800298412,
  "transition_covariance": 0.004334269502936141
}
