{
  "batch_size": 64,
  "dropout_rate": 0.48187473137285286,
  "ff_dim": 512,
  "l2_reg": 7.555049891768116e-05,
  "learning_rate": 1.0490185379983152e-05,
  "num_heads": 4,
  "num_layers": 2
}