{
  "batch_size": 64,
  "buffer_size": 100000,
  "ent_coef": 0.005890220240351718,
  "gamma": 0.9631924929234543,
  "learning_rate": 1.3481975548539228e-05,
  "tau": 0.04934039224443235
}