{
  "batch_size": 16,
  "dropout_rate": 0.1268954853199833,
  "ff_dim": 256,
  "l2_reg": 2.763294964456764e-05,
  "learning_rate": 1.8011118538625897e-05,
  "num_heads": 8,
  "num_layers": 4
}