{
  "observation_covariance": 0.6260872401798789,
  "transition_covariance": 0.00909099024993324
}
