{
  "batch_size": 32,
  "dropout_rate": 0.11196175069133699,
  "ff_dim": 512,
  "l2_reg": 0.00037272597597944973,
  "learning_rate": 1.4582708085557824e-06,
  "lookback": 30,
  "num_heads": 2,
  "num_layers": 1,
  "sequence_length": 30
}