{
  "batch_size": 32,
  "dropout_rate": 0.1222385989767666,
  "ff_dim": 512,
  "l2_reg": 0.0007475579973202676,
  "learning_rate": 7.224371458826938e-06,
  "lookback": 30,
  "num_heads": 2,
  "num_layers": 1,
  "sequence_length": 30
}