{
  "batch_size": 32,
  "dropout_rate": 0.20803774161572144,
  "ff_dim": 512,
  "l2_reg": 0.0002561618902232852,
  "learning_rate": 1.370129369846285e-06,
  "lookback": 30,
  "num_heads": 2,
  "num_layers": 1,
  "sequence_length": 30
}