{
  "batch_size": 64,
  "dropout_rate": 0.4583377256658281,
  "ff_dim": 256,
  "l2_reg": 0.0002020350281136306,
  "learning_rate": 0.00023262424916431336,
  "num_heads": 8,
  "num_layers": 3
}