{
  "batch_size": 64,
  "dropout_rate": 0.45736554949694863,
  "ff_dim": 256,
  "l2_reg": 7.937271955222063e-05,
  "learning_rate": 1.2264025589647612e-05,
  "lookback": 30,
  "num_heads": 2,
  "num_layers": 2,
  "sequence_length": 30
}