{
  "batch_size": 64,
  "buffer_size": 50000,
  "ent_coef": 0.0022571939975006756,
  "gamma": 0.9140907562465267,
  "learning_rate": 0.00012482329864597672,
  "tau": 0.07533544597015612
}