{
  "observation_covariance": 0.056635281460055295,
  "transition_covariance": 0.007140694401767299
}