{
  "batch_size": 64,
  "dropout_rate": 0.49076221648369667,
  "ff_dim": 256,
  "l2_reg": 2.1561870444573048e-05,
  "learning_rate": 1.1432537353344115e-06,
  "lookback": 30,
  "num_heads": 2,
  "num_layers": 2,
  "sequence_length": 30
}