{
  "batch_size": 16,
  "dropout_rate": 0.18992505097591936,
  "ff_dim": 256,
  "l2_reg": 1.0582753318302228e-06,
  "learning_rate": 5.3967327133850585e-06,
  "num_heads": 4,
  "num_layers": 2
}