{
  "batch_size": 32,
  "dropout_rate": 0.1933245619516798,
  "ff_dim": 512,
  "l2_reg": 0.00037034497427733106,
  "learning_rate": 4.903784641599495e-06,
  "lookback": 30,
  "num_heads": 2,
  "num_layers": 1,
  "sequence_length": 30
}