{
  "batch_size": 32,
  "dropout_rate": 0.20758276706483667,
  "ff_dim": 512,
  "l2_reg": 0.000284312512546617,
  "learning_rate": 1.965577276818316e-06,
  "lookback": 30,
  "num_heads": 2,
  "num_layers": 1,
  "sequence_length": 30
}