{
  "batch_size": 512,
  "buffer_size": 50000,
  "ent_coef": 0.00652718836903691,
  "gamma": 0.9428098209002026,
  "learning_rate": 0.0001353321141567836,
  "tau": 0.0017050473863920456
}