{
  "batch_size": 32,
  "dropout_rate": 0.184718704928017,
  "ff_dim": 512,
  "l2_reg": 0.00031079763079614603,
  "learning_rate": 1.7113065185564305e-06,
  "lookback": 30,
  "num_heads": 2,
  "num_layers": 1,
  "sequence_length": 30
}