{
  "batch_size": 256,
  "buffer_size": 50000,
  "ent_coef": 0.00677631068001847,
  "gamma": 0.9028862999966989,
  "learning_rate": 9.66815267196778e-05,
  "tau": 0.020345600152992287
}