{
  "observation_covariance": 0.07134630334305574,
  "transition_covariance": 0.06446732610119334
}