{
  "batch_size": 64,
  "dropout_rate": 0.37575918129995156,
  "ff_dim": 512,
  "l2_reg": 0.0008155727863378798,
  "learning_rate": 5.40089236913188e-05,
  "lookback": 30,
  "num_heads": 2,
  "num_layers": 2,
  "sequence_length": 30
}