{
  "batch_size": 32,
  "dropout_rate": 0.15194618234831359,
  "ff_dim": 512,
  "l2_reg": 0.00039933760081838467,
  "learning_rate": 1.8263764547049376e-06,
  "lookback": 30,
  "num_heads": 2,
  "num_layers": 1,
  "sequence_length": 30
}