{
  "batch_size": 32,
  "dropout_rate": 0.4711281726727331,
  "ff_dim": 128,
  "l2_reg": 0.00010174118121987976,
  "learning_rate": 1.0149682650694283e-06,
  "num_heads": 8,
  "num_layers": 3
}