{
  "batch_size": 64,
  "dropout_rate": 0.4362251096011247,
  "ff_dim": 256,
  "l2_reg": 4.646433782653759e-06,
  "learning_rate": 1.3153074353354104e-05,
  "num_heads": 4,
  "num_layers": 2
}