{
  "batch_size": 32,
  "dropout_rate": 0.20507091762031993,
  "ff_dim": 512,
  "l2_reg": 0.00021322366203006503,
  "learning_rate": 1.5036491159978447e-06,
  "lookback": 30,
  "num_heads": 2,
  "num_layers": 1,
  "sequence_length": 30
}