{
  "batch_size": 32,
  "dropout_rate": 0.2000418773714803,
  "ff_dim": 512,
  "l2_reg": 0.0002165796231853134,
  "learning_rate": 1.0324140149864741e-06,
  "lookback": 30,
  "num_heads": 2,
  "num_layers": 1,
  "sequence_length": 30
}