{
  "batch_size": 64,
  "dropout_rate": 0.48834913872578956,
  "ff_dim": 256,
  "l2_reg": 1.9727837907975e-05,
  "learning_rate": 1.0709621852526218e-06,
  "num_heads": 4,
  "num_layers": 2
}