{
  "batch_size": 64,
  "buffer_size": 10000,
  "ent_coef": 0.0010394247744239889,
  "gamma": 0.9158436432967422,
  "learning_rate": 0.00023607642432904949,
  "tau": 0.015315559416585925
}