{
  "batch_size": 32,
  "dropout_rate": 0.1908451263818168,
  "ff_dim": 512,
  "l2_reg": 0.00028249910786172505,
  "learning_rate": 1.5287116303500242e-06,
  "lookback": 30,
  "num_heads": 2,
  "num_layers": 1,
  "sequence_length": 30
}