{
  "batch_size": 32,
  "dropout_rate": 0.20945656697332382,
  "ff_dim": 256,
  "l2_reg": 1.2763201826037582e-06,
  "learning_rate": 1.4814052777826059e-05,
  "num_heads": 4,
  "num_layers": 2
}