{
  "batch_size": 32,
  "dropout_rate": 0.19612548207195585,
  "ff_dim": 512,
  "l2_reg": 0.0002335417957799034,
  "learning_rate": 1.0531756429369604e-06,
  "lookback": 30,
  "num_heads": 2,
  "num_layers": 1,
  "sequence_length": 30
}