{
  "batch_size": 16,
  "dropout_rate": 0.2795947024086128,
  "ff_dim": 256,
  "l2_reg": 3.0159413140383138e-05,
  "learning_rate": 8.787051333027252e-05,
  "num_heads": 4,
  "num_layers": 3
}