{
  "batch_size": 16,
  "dropout_rate": 0.3907848907410838,
  "ff_dim": 512,
  "l2_reg": 1.194352211427541e-06,
  "learning_rate": 0.00044615334320977676,
  "num_heads": 8,
  "num_layers": 4
}