{
  "batch_size": 128,
  "buffer_size": 50000,
  "ent_coef": 0.003957885781387437,
  "gamma": 0.9455294230344231,
  "learning_rate": 5.202766594060589e-05,
  "tau": 0.053683201940120266
}