{
  "batch_size": 64,
  "dropout_rate": 0.44855989849013533,
  "ff_dim": 256,
  "l2_reg": 0.0009955507097864499,
  "learning_rate": 1.562411480485832e-05,
  "lookback": 30,
  "num_heads": 2,
  "num_layers": 2,
  "sequence_length": 30
}