{
  "batch_size": 64,
  "dropout_rate": 0.46838596633421636,
  "ff_dim": 512,
  "l2_reg": 3.606475379252074e-05,
  "learning_rate": 1.263718431188732e-06,
  "num_heads": 2,
  "num_layers": 2
}