{
  "batch_size": 32,
  "dropout_rate": 0.19767595266993818,
  "ff_dim": 512,
  "l2_reg": 0.00029270936160235314,
  "learning_rate": 1.2917682356587093e-06,
  "lookback": 30,
  "num_heads": 2,
  "num_layers": 1,
  "sequence_length": 30
}