{
  "batch_size": 16,
  "dropout_rate": 0.10392756830910864,
  "ff_dim": 128,
  "l2_reg": 2.8624080471598835e-05,
  "learning_rate": 1.897969285828641e-05,
  "num_heads": 4,
  "num_layers": 4
}