{
  "batch_size": 512,
  "buffer_size": 50000,
  "ent_coef": 0.07482380340987488,
  "gamma": 0.9769504861245524,
  "learning_rate": 0.0003409963480182837,
  "tau": 0.033824518638333814
}