{
  "batch_size": 32,
  "dropout_rate": 0.3604163306964906,
  "ff_dim": 256,
  "l2_reg": 6.937436950670891e-05,
  "learning_rate": 0.00011321263060101647,
  "lookback": 30,
  "num_heads": 4,
  "num_layers": 1,
  "sequence_length": 30
}