{
  "batch_size": 32,
  "dropout_rate": 0.1879972937527411,
  "ff_dim": 128,
  "l2_reg": 0.00011235703559963058,
  "learning_rate": 3.261605880435537e-05,
  "num_heads": 2,
  "num_layers": 2
}