{
  "batch_size": 256,
  "buffer_size": 50000,
  "ent_coef": 0.01913987737053164,
  "gamma": 0.9442080953437237,
  "learning_rate": 5.5824533565538086e-05,
  "tau": 0.09870522922823945
}