{
  "batch_size": 16,
  "dropout_rate": 0.36464034158355696,
  "ff_dim": 128,
  "l2_reg": 5.562768665577056e-06,
  "learning_rate": 4.542362238624816e-06,
  "num_heads": 2,
  "num_layers": 4
}