{
  "batch_size": 32,
  "dropout_rate": 0.19242708019911067,
  "ff_dim": 512,
  "l2_reg": 0.00028059310940219893,
  "learning_rate": 1.664452128334697e-06,
  "lookback": 30,
  "num_heads": 2,
  "num_layers": 1,
  "sequence_length": 30
}