{
  "batch_size": 32,
  "dropout_rate": 0.19003126265401488,
  "ff_dim": 512,
  "l2_reg": 0.0002531582700155822,
  "learning_rate": 1.2829124811408145e-06,
  "lookback": 30,
  "num_heads": 2,
  "num_layers": 1,
  "sequence_length": 30
}