{
  "batch_size": 64,
  "dropout_rate": 0.43205581163168527,
  "ff_dim": 256,
  "l2_reg": 0.00011206549376198603,
  "learning_rate": 1.2620656932407338e-05,
  "lookback": 30,
  "num_heads": 2,
  "num_layers": 2,
  "sequence_length": 30
}