{
  "batch_size": 32,
  "dropout_rate": 0.19218942020482233,
  "ff_dim": 256,
  "l2_reg": 0.0002586769804920324,
  "learning_rate": 0.00014285497363271597,
  "lookback": 30,
  "num_heads": 8,
  "num_layers": 1,
  "sequence_length": 30
}