{
  "batch_size": 32,
  "dropout_rate": 0.1254752981624943,
  "ff_dim": 512,
  "l2_reg": 0.00036693618074538296,
  "learning_rate": 9.289470150014684e-06,
  "lookback": 30,
  "num_heads": 2,
  "num_layers": 1,
  "sequence_length": 30
}