{
  "batch_size": 32,
  "dropout_rate": 0.20324558258756095,
  "ff_dim": 512,
  "l2_reg": 0.00022302720134283066,
  "learning_rate": 1.6722247876686434e-06,
  "lookback": 30,
  "num_heads": 2,
  "num_layers": 1,
  "sequence_length": 30
}