{
  "batch_size": 128,
  "buffer_size": 10000,
  "ent_coef": 0.05976825298032243,
  "gamma": 0.9557115949615499,
  "learning_rate": 0.00013632567645769904,
  "tau": 0.025193033572752883
}