{
  "batch_size": 32,
  "dropout_rate": 0.14256206995602824,
  "ff_dim": 512,
  "l2_reg": 0.00014599056089397968,
  "learning_rate": 4.34533814965195e-06,
  "lookback": 30,
  "num_heads": 2,
  "num_layers": 1,
  "sequence_length": 30
}