{
  "batch_size": 32,
  "dropout_rate": 0.3728344369509897,
  "ff_dim": 256,
  "l2_reg": 0.00685445393288879,
  "learning_rate": 0.00018553456291566848,
  "num_heads": 8,
  "num_layers": 4
}