{
  "batch_size": 64,
  "dropout_rate": 0.3646670447674069,
  "ff_dim": 256,
  "l2_reg": 0.00015948728837712856,
  "learning_rate": 1.4756371030793856e-05,
  "lookback": 30,
  "num_heads": 2,
  "num_layers": 2,
  "sequence_length": 30
}