{
  "observation_covariance": 0.960132060625243,
  "transition_covariance": 0.0013551825565085705
}
