{
  "batch_size": 64,
  "dropout_rate": 0.37341260300879686,
  "ff_dim": 128,
  "l2_reg": 2.5965725076546973e-05,
  "learning_rate": 2.2784812699413714e-05,
  "num_heads": 2,
  "num_layers": 3
}