{
  "batch_size": 16,
  "dropout_rate": 0.30208544458791314,
  "ff_dim": 128,
  "l2_reg": 1.4233817759440365e-06,
  "learning_rate": 3.583024546572726e-05,
  "num_heads": 8,
  "num_layers": 3
}