{
  "batch_size": 32,
  "dropout_rate": 0.20861323845575924,
  "ff_dim": 512,
  "l2_reg": 0.00022275803296035958,
  "learning_rate": 1.295213394524649e-06,
  "lookback": 30,
  "num_heads": 2,
  "num_layers": 1,
  "sequence_length": 30
}