{
  "batch_size": 64,
  "dropout_rate": 0.13788844944440554,
  "ff_dim": 256,
  "l2_reg": 0.0009436001377891408,
  "learning_rate": 1.376068129749141e-05,
  "num_heads": 8,
  "num_layers": 2
}