{
  "batch_size": 64,
  "dropout_rate": 0.1387213253918708,
  "ff_dim": 256,
  "l2_reg": 0.0004361901282519705,
  "learning_rate": 3.063977803825036e-05,
  "lookback": 30,
  "num_heads": 8,
  "num_layers": 2,
  "sequence_length": 30
}