{
  "batch_size": 32,
  "dropout_rate": 0.1974383107656501,
  "ff_dim": 512,
  "l2_reg": 0.00022120328556417168,
  "learning_rate": 1.6887249797347838e-06,
  "lookback": 30,
  "num_heads": 2,
  "num_layers": 1,
  "sequence_length": 30
}