{
  "batch_size": 64,
  "dropout_rate": 0.3686237192154822,
  "ff_dim": 256,
  "l2_reg": 0.00038386101437479247,
  "learning_rate": 1.6555738491958032e-05,
  "lookback": 30,
  "num_heads": 2,
  "num_layers": 2,
  "sequence_length": 30
}