{
  "batch_size": 32,
  "dropout_rate": 0.4578199124072123,
  "ff_dim": 512,
  "l2_reg": 1.587878732831935e-05,
  "learning_rate": 5.574449886720646e-06,
  "lookback": 30,
  "num_heads": 2,
  "num_layers": 1,
  "sequence_length": 30
}