{
  "batch_size": 256,
  "buffer_size": 100000,
  "ent_coef": 0.03861138977319166,
  "gamma": 0.9299172861620484,
  "learning_rate": 0.0002940343862008095,
  "tau": 0.045461885750512535
}