{
  "batch_size": 32,
  "dropout_rate": 0.19273589530912819,
  "ff_dim": 512,
  "l2_reg": 0.00022949660129779843,
  "learning_rate": 1.5304248444597198e-06,
  "lookback": 30,
  "num_heads": 2,
  "num_layers": 1,
  "sequence_length": 30
}