{
  "batch_size": 64,
  "dropout_rate": 0.4051208591699918,
  "ff_dim": 256,
  "l2_reg": 0.0002485540275329553,
  "learning_rate": 4.6695434623111536e-06,
  "lookback": 30,
  "num_heads": 2,
  "num_layers": 2,
  "sequence_length": 30
}