{
  "batch_size": 16,
  "dropout_rate": 0.29292214735240396,
  "ff_dim": 256,
  "l2_reg": 1.8055090995171862e-06,
  "learning_rate": 0.0004462101228844202,
  "num_heads": 8,
  "num_layers": 4
}