{
  "batch_size": 128,
  "dropout_rate": 0.27475095269866423,
  "ff_dim": 256,
  "l2_reg": 2.1296679422649384e-05,
  "learning_rate": 1.7607725299192202e-06,
  "lookback": 30,
  "num_heads": 4,
  "num_layers": 2,
  "sequence_length": 30
}