{
  "batch_size": 32,
  "dropout_rate": 0.1947959269195096,
  "ff_dim": 512,
  "l2_reg": 0.00020309171672528006,
  "learning_rate": 1.3286333685081802e-06,
  "lookback": 30,
  "num_heads": 2,
  "num_layers": 1,
  "sequence_length": 30
}