{
  "batch_size": 64,
  "dropout_rate": 0.413179103007516,
  "ff_dim": 256,
  "l2_reg": 0.0001029847076339286,
  "learning_rate": 9.053599925307844e-06,
  "lookback": 30,
  "num_heads": 2,
  "num_layers": 2,
  "sequence_length": 30
}