{
  "batch_size": 64,
  "dropout_rate": 0.49439818871500607,
  "ff_dim": 256,
  "l2_reg": 2.0417749281234146e-06,
  "learning_rate": 2.21130225854822e-05,
  "num_heads": 4,
  "num_layers": 3
}