{
  "batch_size": 256,
  "buffer_size": 50000,
  "ent_coef": 0.0019147138210585631,
  "gamma": 0.9506201935184211,
  "learning_rate": 6.278715902438515e-05,
  "tau": 0.0301992139890881
}