{
  "batch_size": 64,
  "dropout_rate": 0.4167788730863136,
  "ff_dim": 256,
  "l2_reg": 0.00012089030257839054,
  "learning_rate": 1.879339849526775e-05,
  "lookback": 30,
  "num_heads": 2,
  "num_layers": 2,
  "sequence_length": 30
}