{
  "batch_size": 64,
  "dropout_rate": 0.23060258150841167,
  "ff_dim": 256,
  "l2_reg": 0.0008990900145964795,
  "learning_rate": 2.7266979500374733e-05,
  "num_heads": 4,
  "num_layers": 3
}