{
  "batch_size": 32,
  "dropout_rate": 0.2032205006525229,
  "ff_dim": 512,
  "l2_reg": 0.0002429537188767427,
  "learning_rate": 1.3748065519569915e-06,
  "lookback": 30,
  "num_heads": 2,
  "num_layers": 1,
  "sequence_length": 30
}