{
  "batch_size": 128,
  "buffer_size": 100000,
  "ent_coef": 0.015454112544032388,
  "gamma": 0.9047771501348726,
  "learning_rate": 5.646074367074647e-05,
  "tau": 0.02561830093536722
}