{
  "batch_size": 64,
  "dropout_rate": 0.3750173911088738,
  "ff_dim": 256,
  "l2_reg": 0.00012996261449659682,
  "learning_rate": 8.112017283766328e-06,
  "lookback": 30,
  "num_heads": 2,
  "num_layers": 2,
  "sequence_length": 30
}