{
  "batch_size": 64,
  "dropout_rate": 0.13135172363717276,
  "ff_dim": 256,
  "l2_reg": 0.006410273836827694,
  "learning_rate": 0.0001991925586441579,
  "num_heads": 8,
  "num_layers": 4
}