{
  "batch_size": 64,
  "dropout_rate": 0.3554807689309777,
  "ff_dim": 256,
  "l2_reg": 0.000384056203078431,
  "learning_rate": 3.573073234578822e-05,
  "num_heads": 2,
  "num_layers": 4
}