{
  "batch_size": 32,
  "dropout_rate": 0.1954008618676398,
  "ff_dim": 512,
  "l2_reg": 0.0002998074965127842,
  "learning_rate": 1.1753500454810617e-06,
  "lookback": 30,
  "num_heads": 2,
  "num_layers": 1,
  "sequence_length": 30
}