{
  "batch_size": 64,
  "dropout_rate": 0.2593604857168885,
  "ff_dim": 256,
  "l2_reg": 6.31925061394907e-06,
  "learning_rate": 7.808526931511332e-06,
  "lookback": 30,
  "num_heads": 2,
  "num_layers": 3,
  "sequence_length": 30
}