{
  "batch_size": 32,
  "dropout_rate": 0.11731165619264161,
  "ff_dim": 512,
  "l2_reg": 0.0005617658287677823,
  "learning_rate": 4.746949535367757e-06,
  "lookback": 30,
  "num_heads": 2,
  "num_layers": 1,
  "sequence_length": 30
}