{
  "batch_size": 64,
  "dropout_rate": 0.25634997590275965,
  "ff_dim": 256,
  "l2_reg": 0.0006044249547754573,
  "learning_rate": 2.8793771715168524e-05,
  "num_heads": 8,
  "num_layers": 3
}