{
  "batch_size": 512,
  "buffer_size": 50000,
  "ent_coef": 0.0021359962580699615,
  "gamma": 0.9458631498674478,
  "learning_rate": 1.2042554399293342e-05,
  "tau": 0.008137055987762746
}