{
  "batch_size": 128,
  "dropout_rate": 0.11919468485980263,
  "ff_dim": 256,
  "l2_reg": 0.000258908090603871,
  "learning_rate": 0.0001776162058634942,
  "lookback": 60,
  "num_heads": 2,
  "num_layers": 2,
  "sequence_length": 90
}