{
  "batch_size": 32,
  "dropout_rate": 0.19568545806473212,
  "ff_dim": 512,
  "l2_reg": 0.0002855787219176249,
  "learning_rate": 1.1495259389665735e-06,
  "lookback": 30,
  "num_heads": 2,
  "num_layers": 1,
  "sequence_length": 30
}