{
  "batch_size": 32,
  "dropout_rate": 0.17401566639424795,
  "ff_dim": 512,
  "l2_reg": 0.00046470723343486494,
  "learning_rate": 1.5749134349856344e-06,
  "lookback": 30,
  "num_heads": 2,
  "num_layers": 1,
  "sequence_length": 30
}