{
  "batch_size": 16,
  "dropout_rate": 0.39023421561684113,
  "ff_dim": 512,
  "l2_reg": 1.741809339550934e-05,
  "learning_rate": 0.0002828511023956922,
  "num_heads": 2,
  "num_layers": 2
}