{
  "batch_size": 256,
  "buffer_size": 100000,
  "ent_coef": 0.013954038181114934,
  "gamma": 0.9717453962108523,
  "learning_rate": 0.000933857182669185,
  "tau": 0.036314186196348144
}