{
  "batch_size": 64,
  "dropout_rate": 0.11145540663897235,
  "ff_dim": 128,
  "l2_reg": 0.0009296857374998225,
  "learning_rate": 8.905040439778072e-05,
  "num_heads": 2,
  "num_layers": 4
}