{
  "batch_size": 32,
  "dropout_rate": 0.20352522326337283,
  "ff_dim": 512,
  "l2_reg": 0.00025290657636478674,
  "learning_rate": 1.4575441504055906e-06,
  "lookback": 30,
  "num_heads": 2,
  "num_layers": 1,
  "sequence_length": 30
}