{
  "batch_size": 64,
  "dropout_rate": 0.413044255233326,
  "ff_dim": 128,
  "l2_reg": 0.00020169159838433394,
  "learning_rate": 3.2737272632219984e-06,
  "lookback": 30,
  "num_heads": 8,
  "num_layers": 3,
  "sequence_length": 30
}