{
  "batch_size": 256,
  "buffer_size": 50000,
  "ent_coef": 0.05381109684558617,
  "gamma": 0.9964938973668078,
  "learning_rate": 0.00048268969350541733,
  "tau": 0.0171309968322935
}