{
  "batch_size": 64,
  "dropout_rate": 0.4474169197438389,
  "ff_dim": 256,
  "l2_reg": 0.00043102663751460165,
  "learning_rate": 1.488579314477999e-05,
  "lookback": 30,
  "num_heads": 2,
  "num_layers": 2,
  "sequence_length": 30
}