{
  "batch_size": 64,
  "dropout_rate": 0.47318854047712067,
  "ff_dim": 512,
  "l2_reg": 1.5075580775480515e-06,
  "learning_rate": 5.126694830386145e-06,
  "lookback": 30,
  "num_heads": 8,
  "num_layers": 3,
  "sequence_length": 30
}