{
  "batch_size": 32,
  "dropout_rate": 0.19998950850285613,
  "ff_dim": 512,
  "l2_reg": 0.00022339309295078363,
  "learning_rate": 1.6712984949066874e-06,
  "lookback": 30,
  "num_heads": 2,
  "num_layers": 1,
  "sequence_length": 30
}