{
  "batch_size": 256,
  "buffer_size": 100000,
  "ent_coef": 0.010868891634637145,
  "gamma": 0.9243588527666721,
  "learning_rate": 0.00021878817158987648,
  "tau": 0.004297410397395539
}