{
  "batch_size": 32,
  "dropout_rate": 0.22540009476775358,
  "ff_dim": 128,
  "l2_reg": 0.00012044551818867105,
  "learning_rate": 4.106360573694642e-05,
  "num_heads": 8,
  "num_layers": 2
}