{
  "batch_size": 16,
  "dropout_rate": 0.13198213939069406,
  "ff_dim": 128,
  "l2_reg": 0.00026617638644087086,
  "learning_rate": 0.0003224363750412778,
  "num_heads": 8,
  "num_layers": 3
}