{
  "batch_size": 64,
  "buffer_size": 10000,
  "ent_coef": 0.01646645681329065,
  "gamma": 0.983922017075981,
  "learning_rate": 0.0001670424356521774,
  "tau": 0.03374970651005215
}