{
  "batch_size": 64,
  "dropout_rate": 0.42603917656640394,
  "ff_dim": 256,
  "l2_reg": 0.00018442858038068336,
  "learning_rate": 1.2884090791408202e-05,
  "lookback": 30,
  "num_heads": 2,
  "num_layers": 2,
  "sequence_length": 30
}