{
  "batch_size": 16,
  "dropout_rate": 0.18455616604284175,
  "ff_dim": 128,
  "l2_reg": 1.5242630347236631e-05,
  "learning_rate": 4.9529788678247174e-05,
  "num_heads": 8,
  "num_layers": 4
}