{
  "batch_size": 64,
  "dropout_rate": 0.20282863738953158,
  "ff_dim": 256,
  "l2_reg": 0.0009409071633355568,
  "learning_rate": 1.630021866322696e-05,
  "num_heads": 8,
  "num_layers": 3
}