{
  "batch_size": 16,
  "dropout_rate": 0.35925313993419594,
  "ff_dim": 128,
  "l2_reg": 5.615007348097892e-05,
  "learning_rate": 6.310076577189287e-05,
  "num_heads": 4,
  "num_layers": 4
}