{
  "batch_size": 64,
  "buffer_size": 10000,
  "ent_coef": 0.021929280935489136,
  "gamma": 0.9738830968192218,
  "learning_rate": 0.0003051908971000417,
  "tau": 0.027457583455692505
}