{
  "batch_size": 32,
  "dropout_rate": 0.2404591033133177,
  "ff_dim": 512,
  "l2_reg": 0.0007031677082906541,
  "learning_rate": 1.0462323669756269e-05,
  "num_heads": 4,
  "num_layers": 3
}