{
  "batch_size": 64,
  "dropout_rate": 0.3644012895805773,
  "ff_dim": 256,
  "l2_reg": 0.00014146194631361442,
  "learning_rate": 8.104013699551333e-06,
  "lookback": 30,
  "num_heads": 2,
  "num_layers": 2,
  "sequence_length": 30
}