{
  "batch_size": 16,
  "dropout_rate": 0.20831724133193938,
  "ff_dim": 256,
  "l2_reg": 3.604938741844076e-06,
  "learning_rate": 3.460292944635189e-05,
  "lookback": 30,
  "num_heads": 4,
  "num_layers": 2,
  "sequence_length": 30
}