{
  "observation_covariance": 0.11579743349078579,
  "transition_covariance": 0.001695166987068233
}