{
  "batch_size": 64,
  "buffer_size": 10000,
  "ent_coef": 0.004498053569587868,
  "gamma": 0.9406273398758133,
  "learning_rate": 3.3463784258828216e-05,
  "tau": 0.05750030635306428
}