{
  "batch_size": 64,
  "dropout_rate": 0.4382341538151431,
  "ff_dim": 256,
  "l2_reg": 0.0008165439213382153,
  "learning_rate": 5.008832769718568e-05,
  "lookback": 30,
  "num_heads": 2,
  "num_layers": 2,
  "sequence_length": 30
}