{
  "batch_size": 32,
  "dropout_rate": 0.19550407381270832,
  "ff_dim": 512,
  "l2_reg": 0.0002065998479960075,
  "learning_rate": 1.7644763815336286e-06,
  "lookback": 30,
  "num_heads": 2,
  "num_layers": 1,
  "sequence_length": 30
}