{
  "batch_size": 32,
  "dropout_rate": 0.170115831897675,
  "ff_dim": 512,
  "l2_reg": 0.0002253209328877691,
  "learning_rate": 1.1941845305664469e-06,
  "lookback": 30,
  "num_heads": 2,
  "num_layers": 1,
  "sequence_length": 30
}