{
  "batch_size": 64,
  "dropout_rate": 0.4452897453045396,
  "ff_dim": 256,
  "l2_reg": 0.0002658390932703782,
  "learning_rate": 3.027145631740836e-06,
  "lookback": 30,
  "num_heads": 2,
  "num_layers": 2,
  "sequence_length": 30
}