{
  "batch_size": 128,
  "dropout_rate": 0.413361833378981,
  "ff_dim": 128,
  "l2_reg": 1.1479081151412645e-05,
  "learning_rate": 2.9054626330171792e-05,
  "lookback": 30,
  "num_heads": 2,
  "num_layers": 2,
  "sequence_length": 30
}