{
  "batch_size": 128,
  "dropout_rate": 0.4058962225657163,
  "ff_dim": 256,
  "l2_reg": 6.477005294015431e-05,
  "learning_rate": 6.0871763863125524e-05,
  "lookback": 30,
  "num_heads": 2,
  "num_layers": 2,
  "sequence_length": 30
}