{
  "batch_size": 32,
  "dropout_rate": 0.20429017530074062,
  "ff_dim": 512,
  "l2_reg": 0.0002632177023452231,
  "learning_rate": 1.722146209305805e-06,
  "lookback": 30,
  "num_heads": 2,
  "num_layers": 1,
  "sequence_length": 30
}