{
  "batch_size": 32,
  "dropout_rate": 0.1994530895526137,
  "ff_dim": 512,
  "l2_reg": 0.00025372344812202595,
  "learning_rate": 1.0093630857156696e-06,
  "lookback": 30,
  "num_heads": 2,
  "num_layers": 1,
  "sequence_length": 30
}