{
  "batch_size": 64,
  "dropout_rate": 0.1766656478292172,
  "ff_dim": 512,
  "l2_reg": 2.6991706009149674e-05,
  "learning_rate": 0.00012399311666687308,
  "num_heads": 2,
  "num_layers": 4
}