{
  "batch_size": 256,
  "buffer_size": 50000,
  "ent_coef": 0.009756809070161314,
  "gamma": 0.9178115943932104,
  "learning_rate": 0.0007423877355507364,
  "tau": 0.004593897985741738
}