{
  "batch_size": 32,
  "dropout_rate": 0.10637441330974938,
  "ff_dim": 128,
  "l2_reg": 2.2260392319876988e-05,
  "learning_rate": 3.171420774807105e-05,
  "num_heads": 4,
  "num_layers": 2
}