{
  "batch_size": 512,
  "buffer_size": 100000,
  "ent_coef": 0.04779292251870896,
  "gamma": 0.9264354796169699,
  "learning_rate": 1.7433089012089282e-05,
  "tau": 0.023108874208337633
}