{
  "batch_size": 32,
  "dropout_rate": 0.20636609191078129,
  "ff_dim": 512,
  "l2_reg": 0.0002285294912200714,
  "learning_rate": 1.487127617117557e-06,
  "lookback": 30,
  "num_heads": 2,
  "num_layers": 1,
  "sequence_length": 30
}