{
  "batch_size": 64,
  "buffer_size": 10000,
  "ent_coef": 0.005203990222985745,
  "gamma": 0.9503249765418657,
  "learning_rate": 0.0002879333551161204,
  "tau": 0.043196315769663894
}