{
  "batch_size": 64,
  "dropout_rate": 0.43381067779989596,
  "ff_dim": 256,
  "l2_reg": 0.0003696035347846212,
  "learning_rate": 8.010595601694349e-05,
  "lookback": 30,
  "num_heads": 2,
  "num_layers": 2,
  "sequence_length": 30
}