{
  "batch_size": 64,
  "dropout_rate": 0.4180599044523622,
  "ff_dim": 256,
  "l2_reg": 0.00028411573397663195,
  "learning_rate": 1.8449030165956158e-05,
  "lookback": 30,
  "num_heads": 2,
  "num_layers": 2,
  "sequence_length": 30
}