{
  "batch_size": 64,
  "dropout_rate": 0.3260612820496851,
  "ff_dim": 256,
  "l2_reg": 0.00015306897752530803,
  "learning_rate": 1.9861302289011993e-06,
  "num_heads": 4,
  "num_layers": 3
}