{
  "batch_size": 64,
  "buffer_size": 50000,
  "ent_coef": 0.012862527115357401,
  "gamma": 0.9596903638434539,
  "learning_rate": 0.00016784650862633534,
  "tau": 0.09871817360818175
}