{
  "batch_size": 64,
  "dropout_rate": 0.4399600685849526,
  "ff_dim": 256,
  "l2_reg": 0.0002841680275186694,
  "learning_rate": 3.159815940536545e-05,
  "lookback": 30,
  "num_heads": 2,
  "num_layers": 2,
  "sequence_length": 30
}