{
  "batch_size": 32,
  "dropout_rate": 0.19818813127498516,
  "ff_dim": 512,
  "l2_reg": 0.000293803212492814,
  "learning_rate": 1.2427355625071923e-06,
  "lookback": 30,
  "num_heads": 2,
  "num_layers": 1,
  "sequence_length": 30
}