{
  "batch_size": 256,
  "buffer_size": 10000,
  "ent_coef": 0.033340531400953714,
  "gamma": 0.9482465142293162,
  "learning_rate": 3.802065947743347e-05,
  "tau": 0.09196514235606118
}