{
  "observation_covariance": 0.3008843035161562,
  "transition_covariance": 0.028921889527035262
}
