{
  "batch_size": 32,
  "dropout_rate": 0.2000329830054694,
  "ff_dim": 512,
  "l2_reg": 0.00022366898594460873,
  "learning_rate": 1.1405649029156632e-06,
  "lookback": 30,
  "num_heads": 2,
  "num_layers": 1,
  "sequence_length": 30
}