{
  "batch_size": 64,
  "buffer_size": 100000,
  "ent_coef": 0.0463434269730378,
  "gamma": 0.973356790227899,
  "learning_rate": 1.3536643594702858e-05,
  "tau": 0.09566863080695365
}