{
  "batch_size": 64,
  "dropout_rate": 0.4798535933989033,
  "ff_dim": 512,
  "l2_reg": 0.000385387376806284,
  "learning_rate": 1.2734636900167732e-05,
  "num_heads": 8,
  "num_layers": 4
}