{
  "batch_size": 32,
  "dropout_rate": 0.11807370146828707,
  "ff_dim": 256,
  "l2_reg": 0.00021409700203360685,
  "learning_rate": 5.5307849903397115e-05,
  "num_heads": 8,
  "num_layers": 2
}