{
  "observation_covariance": 0.015330950883674182,
  "transition_covariance": 0.0666357887973874
}
