{
  "batch_size": 64,
  "dropout_rate": 0.3946227199417066,
  "ff_dim": 256,
  "l2_reg": 2.430951310697693e-05,
  "learning_rate": 0.0003510549401429639,
  "num_heads": 8,
  "num_layers": 3
}