{
  "batch_size": 64,
  "dropout_rate": 0.44949936841933813,
  "ff_dim": 256,
  "l2_reg": 6.006333021414305e-06,
  "learning_rate": 0.00026271716044210967,
  "num_heads": 2,
  "num_layers": 3
}