{
  "batch_size": 32,
  "dropout_rate": 0.2069687688479819,
  "ff_dim": 512,
  "l2_reg": 0.00025805117823663734,
  "learning_rate": 1.3054970739291817e-06,
  "lookback": 30,
  "num_heads": 2,
  "num_layers": 1,
  "sequence_length": 30
}