{
  "batch_size": 256,
  "buffer_size": 10000,
  "ent_coef": 0.023600648727590694,
  "gamma": 0.9086445769049742,
  "learning_rate": 0.0007513159335744579,
  "tau": 0.09128549288725592
}