{
  "batch_size": 32,
  "dropout_rate": 0.2091757245407056,
  "ff_dim": 512,
  "l2_reg": 0.00024134603409184255,
  "learning_rate": 1.4899295620898302e-06,
  "lookback": 30,
  "num_heads": 2,
  "num_layers": 1,
  "sequence_length": 30
}