{
  "batch_size": 32,
  "dropout_rate": 0.199393082613134,
  "ff_dim": 512,
  "l2_reg": 0.0002552251273785875,
  "learning_rate": 1.1665417026329825e-06,
  "lookback": 30,
  "num_heads": 2,
  "num_layers": 1,
  "sequence_length": 30
}