{
  "batch_size": 32,
  "dropout_rate": 0.20080483033175497,
  "ff_dim": 512,
  "l2_reg": 0.00025671295639061875,
  "learning_rate": 1.1661584311146262e-06,
  "lookback": 30,
  "num_heads": 2,
  "num_layers": 1,
  "sequence_length": 30
}