{
  "batch_size": 64,
  "dropout_rate": 0.23090226305533468,
  "ff_dim": 128,
  "l2_reg": 5.80034306533411e-05,
  "learning_rate": 0.00012782655009507156,
  "num_heads": 2,
  "num_layers": 2
}