{
  "batch_size": 128,
  "dropout_rate": 0.12360910412599511,
  "ff_dim": 256,
  "l2_reg": 4.1636325905514414e-05,
  "learning_rate": 0.0007037648436960552,
  "lookback": 30,
  "num_heads": 4,
  "num_layers": 3,
  "sequence_length": 30
}