{
  "batch_size": 256,
  "buffer_size": 10000,
  "ent_coef": 0.012875598299253279,
  "gamma": 0.9002536064494919,
  "learning_rate": 4.8258709239816e-05,
  "tau": 0.08855206797677845
}