{
  "observation_covariance": 0.06271621512456706,
  "transition_covariance": 0.08915074340317403
}