{
  "batch_size": 16,
  "dropout_rate": 0.4964225909567268,
  "ff_dim": 256,
  "l2_reg": 0.0002762012082989456,
  "learning_rate": 3.465376959096149e-05,
  "num_heads": 2,
  "num_layers": 4
}