{
  "batch_size": 16,
  "dropout_rate": 0.12142764719038035,
  "ff_dim": 256,
  "l2_reg": 0.0007585687371445138,
  "learning_rate": 0.00022723371221920622,
  "num_heads": 8,
  "num_layers": 2
}