{
  "batch_size": 32,
  "dropout_rate": 0.3907231240436536,
  "ff_dim": 512,
  "l2_reg": 0.00016100083596899486,
  "learning_rate": 3.2842965106019515e-06,
  "lookback": 30,
  "num_heads": 8,
  "num_layers": 2,
  "sequence_length": 30
}