{
  "batch_size": 32,
  "dropout_rate": 0.18653468710084647,
  "ff_dim": 512,
  "l2_reg": 0.00022970586148699548,
  "learning_rate": 3.239592515658815e-06,
  "lookback": 30,
  "num_heads": 2,
  "num_layers": 1,
  "sequence_length": 30
}