{
  "batch_size": 64,
  "dropout_rate": 0.28143101801992965,
  "ff_dim": 512,
  "l2_reg": 1.252294795293593e-05,
  "learning_rate": 0.0007975407730956425,
  "lookback": 30,
  "num_heads": 2,
  "num_layers": 3,
  "sequence_length": 30
}