{
  "observation_covariance": 0.2052455569984185,
  "transition_covariance": 0.02369416107116958
}