{
  "batch_size": 64,
  "dropout_rate": 0.3611801933269489,
  "ff_dim": 256,
  "l2_reg": 0.0004235075741093886,
  "learning_rate": 1.5911812600778926e-05,
  "lookback": 30,
  "num_heads": 2,
  "num_layers": 2,
  "sequence_length": 30
}