{
  "batch_size": 64,
  "dropout_rate": 0.4373456748862198,
  "ff_dim": 512,
  "l2_reg": 4.812082646080528e-06,
  "learning_rate": 2.3915503460702573e-06,
  "num_heads": 4,
  "num_layers": 4
}