{
  "batch_size": 32,
  "dropout_rate": 0.17323183389317054,
  "ff_dim": 512,
  "l2_reg": 0.0002956841100244301,
  "learning_rate": 4.047065517112718e-06,
  "lookback": 30,
  "num_heads": 2,
  "num_layers": 1,
  "sequence_length": 30
}