{
  "batch_size": 64,
  "dropout_rate": 0.11551739247534645,
  "ff_dim": 512,
  "l2_reg": 0.00028340874888768913,
  "learning_rate": 5.864438715181612e-05,
  "num_heads": 4,
  "num_layers": 3
}