{
  "batch_size": 32,
  "dropout_rate": 0.20837864418037388,
  "ff_dim": 256,
  "l2_reg": 6.370256751843366e-05,
  "learning_rate": 0.0005734831382098629,
  "lookback": 30,
  "num_heads": 2,
  "num_layers": 2,
  "sequence_length": 30
}