{
  "batch_size": 32,
  "dropout_rate": 0.416933007850425,
  "ff_dim": 128,
  "l2_reg": 0.0007502354025001751,
  "learning_rate": 1.840973557784531e-05,
  "lookback": 30,
  "num_heads": 2,
  "num_layers": 2,
  "sequence_length": 30
}