{
  "batch_size": 64,
  "dropout_rate": 0.43505348044704284,
  "ff_dim": 256,
  "l2_reg": 0.0002807231090246322,
  "learning_rate": 1.113304629590626e-05,
  "lookback": 30,
  "num_heads": 2,
  "num_layers": 2,
  "sequence_length": 30
}