{
  "batch_size": 32,
  "dropout_rate": 0.12912109663220558,
  "ff_dim": 128,
  "l2_reg": 0.0030993595835561234,
  "learning_rate": 8.712704546591373e-05,
  "num_heads": 4,
  "num_layers": 3
}