{
  "batch_size": 32,
  "dropout_rate": 0.19557306140874695,
  "ff_dim": 512,
  "l2_reg": 0.00028419620213736833,
  "learning_rate": 1.0972281211042392e-06,
  "lookback": 30,
  "num_heads": 2,
  "num_layers": 1,
  "sequence_length": 30
}