{
  "batch_size": 64,
  "dropout_rate": 0.34096408771531816,
  "ff_dim": 256,
  "l2_reg": 0.00013934588454519303,
  "learning_rate": 4.754882065158334e-05,
  "num_heads": 4,
  "num_layers": 2
}