{
  "batch_size": 32,
  "dropout_rate": 0.41303645188433236,
  "ff_dim": 256,
  "l2_reg": 1.7450205146471587e-06,
  "learning_rate": 0.000447196923650463,
  "num_heads": 2,
  "num_layers": 4
}