{
  "batch_size": 16,
  "dropout_rate": 0.1035194586962184,
  "ff_dim": 256,
  "l2_reg": 0.00023834276143797715,
  "learning_rate": 0.00019747371007324503,
  "num_heads": 4,
  "num_layers": 3
}