{
  "batch_size": 32,
  "dropout_rate": 0.17214235797271393,
  "ff_dim": 512,
  "l2_reg": 0.0004256751420742264,
  "learning_rate": 4.825734029675263e-06,
  "lookback": 30,
  "num_heads": 2,
  "num_layers": 1,
  "sequence_length": 30
}