{
  "observation_covariance": 0.15937878708511138,
  "transition_covariance": 0.00664424754324526
}
