{
  "batch_size": 32,
  "dropout_rate": 0.20204193815577154,
  "ff_dim": 512,
  "l2_reg": 0.00026088486640809015,
  "learning_rate": 1.8960105977307435e-06,
  "lookback": 30,
  "num_heads": 2,
  "num_layers": 1,
  "sequence_length": 30
}