{
  "batch_size": 64,
  "dropout_rate": 0.48648300128219,
  "ff_dim": 128,
  "l2_reg": 1.5642537550168752e-05,
  "learning_rate": 1.3778988465446365e-05,
  "num_heads": 8,
  "num_layers": 3
}