{
  "batch_size": 32,
  "dropout_rate": 0.1932014869714029,
  "ff_dim": 512,
  "l2_reg": 0.00021644078243278616,
  "learning_rate": 1.6546038082223123e-06,
  "lookback": 30,
  "num_heads": 2,
  "num_layers": 1,
  "sequence_length": 30
}