{
  "batch_size": 32,
  "dropout_rate": 0.19547652015295428,
  "ff_dim": 512,
  "l2_reg": 0.0002576904138166615,
  "learning_rate": 1.5294450908246812e-06,
  "lookback": 30,
  "num_heads": 2,
  "num_layers": 1,
  "sequence_length": 30
}