{
  "batch_size": 32,
  "dropout_rate": 0.20945084889020416,
  "ff_dim": 512,
  "l2_reg": 0.00028337787265842075,
  "learning_rate": 1.6314439060000673e-06,
  "lookback": 30,
  "num_heads": 2,
  "num_layers": 1,
  "sequence_length": 30
}