{
  "batch_size": 32,
  "dropout_rate": 0.2886932444615333,
  "ff_dim": 128,
  "l2_reg": 8.230811999038598e-06,
  "learning_rate": 0.0001797466119373039,
  "num_heads": 2,
  "num_layers": 4
}