{
  "batch_size": 16,
  "dropout_rate": 0.1874584515733235,
  "ff_dim": 256,
  "l2_reg": 0.0010677667408035781,
  "learning_rate": 6.658800681552466e-05,
  "num_heads": 2,
  "num_layers": 3
}