{
  "batch_size": 32,
  "dropout_rate": 0.20953363915819986,
  "ff_dim": 512,
  "l2_reg": 0.00025241794653397225,
  "learning_rate": 1.5805910367950692e-06,
  "lookback": 30,
  "num_heads": 2,
  "num_layers": 1,
  "sequence_length": 30
}