{
  "batch_size": 64,
  "dropout_rate": 0.25519800818124916,
  "ff_dim": 512,
  "l2_reg": 0.00015127260071593997,
  "learning_rate": 5.7780485251669764e-05,
  "num_heads": 4,
  "num_layers": 4
}