{
  "batch_size": 32,
  "dropout_rate": 0.19235485632628904,
  "ff_dim": 512,
  "l2_reg": 0.00029253815915462666,
  "learning_rate": 1.02661471686454e-06,
  "lookback": 30,
  "num_heads": 2,
  "num_layers": 1,
  "sequence_length": 30
}