{
  "batch_size": 128,
  "dropout_rate": 0.40415987026581135,
  "ff_dim": 512,
  "l2_reg": 1.7137085676621507e-05,
  "learning_rate": 3.5000555468274665e-05,
  "lookback": 30,
  "num_heads": 4,
  "num_layers": 2,
  "sequence_length": 30
}