{
  "batch_size": 16,
  "dropout_rate": 0.3369515549319818,
  "ff_dim": 512,
  "l2_reg": 6.157748868344742e-05,
  "learning_rate": 1.1325537872813282e-06,
  "num_heads": 2,
  "num_layers": 3
}