{
  "batch_size": 64,
  "dropout_rate": 0.4349052535173613,
  "ff_dim": 128,
  "l2_reg": 7.292712999921086e-06,
  "learning_rate": 0.0002458712557739042,
  "num_heads": 8,
  "num_layers": 2
}