{
  "batch_size": 16,
  "dropout_rate": 0.10654161539664009,
  "ff_dim": 512,
  "l2_reg": 0.00018904960652221854,
  "learning_rate": 0.0005502514722868699,
  "num_heads": 2,
  "num_layers": 2
}