{
  "batch_size": 32,
  "dropout_rate": 0.16971258970383282,
  "ff_dim": 512,
  "l2_reg": 0.00033105827371203244,
  "learning_rate": 1.0340949512841651e-06,
  "lookback": 30,
  "num_heads": 2,
  "num_layers": 1,
  "sequence_length": 30
}