{
  "batch_size": 32,
  "dropout_rate": 0.15535171964323696,
  "ff_dim": 512,
  "l2_reg": 0.00045859921250830936,
  "learning_rate": 2.0876731851592917e-06,
  "lookback": 30,
  "num_heads": 2,
  "num_layers": 1,
  "sequence_length": 30
}