{
  "batch_size": 128,
  "dropout_rate": 0.38964572646855056,
  "ff_dim": 256,
  "l2_reg": 0.00035462201610744504,
  "learning_rate": 7.64993674938362e-05,
  "lookback": 30,
  "num_heads": 2,
  "num_layers": 2,
  "sequence_length": 30
}