{
  "batch_size": 16,
  "dropout_rate": 0.27513184782324596,
  "ff_dim": 128,
  "l2_reg": 2.2383405328561833e-06,
  "learning_rate": 0.00020428063351676882,
  "lookback": 30,
  "num_heads": 2,
  "num_layers": 4,
  "sequence_length": 30
}