{
  "batch_size": 32,
  "dropout_rate": 0.20862086075617065,
  "ff_dim": 512,
  "l2_reg": 0.00029330204727700756,
  "learning_rate": 1.101415505387622e-06,
  "lookback": 30,
  "num_heads": 2,
  "num_layers": 1,
  "sequence_length": 30
}