{
  "batch_size": 512,
  "buffer_size": 10000,
  "ent_coef": 0.004658865286403281,
  "gamma": 0.9059361103469842,
  "learning_rate": 0.0004658495331843106,
  "tau": 0.09557229640162393
}