{
  "batch_size": 32,
  "dropout_rate": 0.15185001125672198,
  "ff_dim": 512,
  "l2_reg": 0.00021445734917229417,
  "learning_rate": 4.60685555524754e-06,
  "lookback": 30,
  "num_heads": 2,
  "num_layers": 1,
  "sequence_length": 30
}