{
  "batch_size": 16,
  "dropout_rate": 0.4713456543377198,
  "ff_dim": 256,
  "l2_reg": 0.003992003064287156,
  "learning_rate": 2.1305468034362504e-05,
  "num_heads": 8,
  "num_layers": 4
}