{
  "batch_size": 512,
  "buffer_size": 50000,
  "ent_coef": 0.03809242429548417,
  "gamma": 0.9677432540122016,
  "learning_rate": 0.0007246916038741549,
  "tau": 0.031044396446823566
}