{
  "batch_size": 64,
  "dropout_rate": 0.37877663128985994,
  "ff_dim": 128,
  "l2_reg": 0.0001352031623901403,
  "learning_rate": 0.00023952463294332307,
  "num_heads": 8,
  "num_layers": 2
}