{
  "batch_size": 64,
  "buffer_size": 10000,
  "ent_coef": 0.0025858666629444914,
  "gamma": 0.9253115207763636,
  "learning_rate": 0.0006117202162787352,
  "tau": 0.08969061082940384
}