{
  "batch_size": 64,
  "dropout_rate": 0.2857881940405552,
  "ff_dim": 128,
  "l2_reg": 0.0008980860222416536,
  "learning_rate": 3.702077427544311e-05,
  "num_heads": 4,
  "num_layers": 3
}