{
  "batch_size": 32,
  "dropout_rate": 0.19642035509103933,
  "ff_dim": 512,
  "l2_reg": 0.0002949142693682475,
  "learning_rate": 1.1143956901671288e-06,
  "lookback": 30,
  "num_heads": 2,
  "num_layers": 1,
  "sequence_length": 30
}