{
  "batch_size": 16,
  "dropout_rate": 0.4421784568056677,
  "ff_dim": 128,
  "l2_reg": 0.00021278012557501754,
  "learning_rate": 5.7363145023253144e-05,
  "num_heads": 4,
  "num_layers": 2
}