{
  "batch_size": 256,
  "buffer_size": 100000,
  "ent_coef": 0.004029701432448039,
  "gamma": 0.9419417829503486,
  "learning_rate": 0.00014120948312125556,
  "tau": 0.05767358909002926
}