{
  "batch_size": 64,
  "dropout_rate": 0.423088859345897,
  "ff_dim": 256,
  "l2_reg": 0.00022118633784457434,
  "learning_rate": 1.7511375091028172e-05,
  "lookback": 30,
  "num_heads": 2,
  "num_layers": 2,
  "sequence_length": 30
}