{
  "batch_size": 64,
  "dropout_rate": 0.24971918473879537,
  "ff_dim": 512,
  "l2_reg": 2.9250243508302236e-05,
  "learning_rate": 6.395866852369552e-05,
  "num_heads": 2,
  "num_layers": 3
}