{
  "batch_size": 64,
  "buffer_size": 100000,
  "ent_coef": 0.001314365765287808,
  "gamma": 0.9041743738789095,
  "learning_rate": 3.268388665962398e-05,
  "tau": 0.0947560797388758
}