{
  "batch_size": 32,
  "dropout_rate": 0.20362816757957208,
  "ff_dim": 512,
  "l2_reg": 0.0002073253714828038,
  "learning_rate": 1.4912844649807384e-06,
  "lookback": 30,
  "num_heads": 2,
  "num_layers": 1,
  "sequence_length": 30
}