{
  "batch_size": 32,
  "dropout_rate": 0.1839977010315202,
  "ff_dim": 512,
  "l2_reg": 0.0004700090852738154,
  "learning_rate": 1.2651790797248821e-06,
  "lookback": 30,
  "num_heads": 2,
  "num_layers": 1,
  "sequence_length": 30
}