{
  "batch_size": 32,
  "dropout_rate": 0.1977939857002537,
  "ff_dim": 512,
  "l2_reg": 0.00020925045651231665,
  "learning_rate": 1.0742553793947475e-06,
  "lookback": 30,
  "num_heads": 2,
  "num_layers": 1,
  "sequence_length": 30
}