{
  "batch_size": 32,
  "dropout_rate": 0.18235819868401265,
  "ff_dim": 512,
  "l2_reg": 0.0002311358818651689,
  "learning_rate": 3.899465904344151e-06,
  "lookback": 30,
  "num_heads": 2,
  "num_layers": 1,
  "sequence_length": 30
}