{
  "batch_size": 64,
  "dropout_rate": 0.1774528809383043,
  "ff_dim": 512,
  "l2_reg": 1.9148677692817313e-05,
  "learning_rate": 2.58202304314975e-06,
  "lookback": 30,
  "num_heads": 2,
  "num_layers": 3,
  "sequence_length": 30
}