{
  "batch_size": 64,
  "dropout_rate": 0.43888632467932387,
  "ff_dim": 256,
  "l2_reg": 0.00024314648938370123,
  "learning_rate": 9.891646449475302e-06,
  "lookback": 30,
  "num_heads": 2,
  "num_layers": 2,
  "sequence_length": 30
}