{
  "batch_size": 64,
  "dropout_rate": 0.12860680386261905,
  "ff_dim": 512,
  "l2_reg": 5.156267455321072e-05,
  "learning_rate": 6.61921075639745e-05,
  "num_heads": 2,
  "num_layers": 4
}