{
  "batch_size": 16,
  "dropout_rate": 0.17505376126622188,
  "ff_dim": 512,
  "l2_reg": 1.6719802362941618e-05,
  "learning_rate": 3.130503096240984e-05,
  "num_heads": 8,
  "num_layers": 2
}