{
  "batch_size": 16,
  "dropout_rate": 0.39503024653361674,
  "ff_dim": 256,
  "l2_reg": 0.009788936603412757,
  "learning_rate": 5.266175902569603e-05,
  "num_heads": 2,
  "num_layers": 4
}