{
  "batch_size": 16,
  "dropout_rate": 0.1525798374817825,
  "ff_dim": 256,
  "l2_reg": 0.0001937404074732167,
  "learning_rate": 4.6531187371955346e-05,
  "num_heads": 4,
  "num_layers": 3
}