{
  "batch_size": 256,
  "buffer_size": 10000,
  "ent_coef": 0.002201799424055393,
  "gamma": 0.9881087599221543,
  "learning_rate": 0.00048520057645414806,
  "tau": 0.08981934457704044
}