{
  "batch_size": 32,
  "dropout_rate": 0.19348439769692438,
  "ff_dim": 512,
  "l2_reg": 0.00024937456049856766,
  "learning_rate": 1.3049502123131142e-06,
  "lookback": 30,
  "num_heads": 2,
  "num_layers": 1,
  "sequence_length": 30
}