{
  "batch_size": 64,
  "dropout_rate": 0.3836158881619752,
  "ff_dim": 256,
  "l2_reg": 0.0002141629461843916,
  "learning_rate": 1.0018989670348725e-05,
  "num_heads": 4,
  "num_layers": 4
}