{
  "observation_covariance": 0.7001786720614406,
  "transition_covariance": 0.0023682863503714045
}
