{
  "observation_covariance": 0.0470523402215701,
  "transition_covariance": 0.0132357636073659
}
