{
  "batch_size": 64,
  "dropout_rate": 0.3631753658825172,
  "ff_dim": 256,
  "l2_reg": 1.9519717473439856e-05,
  "learning_rate": 0.0009136894877318472,
  "num_heads": 8,
  "num_layers": 2
}