{
  "batch_size": 64,
  "dropout_rate": 0.3403339907891312,
  "ff_dim": 128,
  "l2_reg": 0.0009712248829481425,
  "learning_rate": 2.5557470559525172e-05,
  "lookback": 30,
  "num_heads": 4,
  "num_layers": 1,
  "sequence_length": 30
}