{
  "batch_size": 32,
  "dropout_rate": 0.23976571305560418,
  "ff_dim": 512,
  "l2_reg": 4.9198779896900884e-05,
  "learning_rate": 4.0401904066053657e-05,
  "num_heads": 4,
  "num_layers": 4
}