{
  "batch_size": 16,
  "dropout_rate": 0.44174092063384174,
  "ff_dim": 128,
  "l2_reg": 0.0003022437243553539,
  "learning_rate": 0.0007539788144996735,
  "num_heads": 8,
  "num_layers": 2
}