{
  "batch_size": 32,
  "dropout_rate": 0.20036268791100034,
  "ff_dim": 512,
  "l2_reg": 0.00022482266697283534,
  "learning_rate": 1.7019693208881814e-06,
  "lookback": 30,
  "num_heads": 2,
  "num_layers": 1,
  "sequence_length": 30
}