{
  "batch_size": 32,
  "dropout_rate": 0.28129115747597405,
  "ff_dim": 512,
  "l2_reg": 0.0025979257495595967,
  "learning_rate": 1.347021407463889e-05,
  "num_heads": 8,
  "num_layers": 3
}