{
  "batch_size": 64,
  "dropout_rate": 0.3853027445667502,
  "ff_dim": 256,
  "l2_reg": 0.0003881998376496571,
  "learning_rate": 1.9382006752867605e-05,
  "lookback": 30,
  "num_heads": 2,
  "num_layers": 2,
  "sequence_length": 30
}