{
  "batch_size": 16,
  "dropout_rate": 0.3959218864759664,
  "ff_dim": 256,
  "l2_reg": 0.00034285593626868984,
  "learning_rate": 7.381797960841275e-05,
  "num_heads": 2,
  "num_layers": 2
}