{
  "batch_size": 128,
  "buffer_size": 100000,
  "ent_coef": 0.00155756293676111,
  "gamma": 0.9894761620816548,
  "learning_rate": 6.396994594814774e-05,
  "tau": 0.09919593901247382
}