{
  "batch_size": 16,
  "dropout_rate": 0.17082914350729844,
  "ff_dim": 256,
  "l2_reg": 4.804424949567628e-06,
  "learning_rate": 0.0006672115581374112,
  "num_heads": 4,
  "num_layers": 2
}