{
  "batch_size": 16,
  "dropout_rate": 0.32849390346861035,
  "ff_dim": 256,
  "l2_reg": 1.0096564687081908e-05,
  "learning_rate": 0.00016768212415312086,
  "num_heads": 8,
  "num_layers": 3
}