{
  "batch_size": 64,
  "dropout_rate": 0.46864637697080347,
  "ff_dim": 512,
  "l2_reg": 0.0008509871621433743,
  "learning_rate": 0.0005848217648116123,
  "num_heads": 2,
  "num_layers": 4
}