{
  "batch_size": 32,
  "dropout_rate": 0.20105640928290228,
  "ff_dim": 512,
  "l2_reg": 0.00026126936689353336,
  "learning_rate": 1.1218188565300396e-06,
  "lookback": 30,
  "num_heads": 2,
  "num_layers": 1,
  "sequence_length": 30
}