{
  "batch_size": 32,
  "dropout_rate": 0.19902449878870052,
  "ff_dim": 512,
  "l2_reg": 0.00027548279445650445,
  "learning_rate": 1.2544189979773394e-06,
  "lookback": 30,
  "num_heads": 2,
  "num_layers": 1,
  "sequence_length": 30
}