{
  "batch_size": 64,
  "dropout_rate": 0.4185593505930327,
  "ff_dim": 256,
  "l2_reg": 0.0002787991813924816,
  "learning_rate": 1.276218760297928e-05,
  "lookback": 30,
  "num_heads": 2,
  "num_layers": 2,
  "sequence_length": 30
}