{
  "batch_size": 32,
  "dropout_rate": 0.11410620646015586,
  "ff_dim": 256,
  "l2_reg": 0.0005270238116414919,
  "learning_rate": 0.0007421555993995129,
  "num_heads": 4,
  "num_layers": 3
}