{
  "batch_size": 16,
  "dropout_rate": 0.39668161587734285,
  "ff_dim": 256,
  "l2_reg": 0.0024180917164812136,
  "learning_rate": 7.270121082283027e-05,
  "num_heads": 4,
  "num_layers": 2
}