{
  "batch_size": 64,
  "dropout_rate": 0.31037539562369565,
  "ff_dim": 256,
  "l2_reg": 1.7996076664393592e-05,
  "learning_rate": 1.6512847637213295e-05,
  "num_heads": 4,
  "num_layers": 3
}