{
  "batch_size": 32,
  "dropout_rate": 0.19680988174157063,
  "ff_dim": 512,
  "l2_reg": 0.00022638292345640614,
  "learning_rate": 1.736846917796027e-06,
  "lookback": 30,
  "num_heads": 2,
  "num_layers": 1,
  "sequence_length": 30
}