{
  "batch_size": 32,
  "dropout_rate": 0.19269319477926475,
  "ff_dim": 512,
  "l2_reg": 0.0002749425766795622,
  "learning_rate": 1.7720781861554162e-06,
  "lookback": 30,
  "num_heads": 2,
  "num_layers": 1,
  "sequence_length": 30
}