{
  "batch_size": 128,
  "buffer_size": 100000,
  "ent_coef": 0.0034674954243820756,
  "gamma": 0.9499270377824302,
  "learning_rate": 7.035055866450313e-05,
  "tau": 0.0322401414960647
}