{
  "observation_covariance": 0.09231422985933609,
  "transition_covariance": 0.030507262322847666
}
