{
  "batch_size": 32,
  "dropout_rate": 0.4788299553111651,
  "ff_dim": 256,
  "l2_reg": 0.00010291220795105201,
  "learning_rate": 9.505630430557546e-06,
  "num_heads": 4,
  "num_layers": 2
}