{
  "batch_size": 32,
  "dropout_rate": 0.384213671770104,
  "ff_dim": 128,
  "l2_reg": 0.0001390010932333024,
  "learning_rate": 3.592803759338302e-05,
  "lookback": 30,
  "num_heads": 4,
  "num_layers": 3,
  "sequence_length": 30
}