{
  "batch_size": 32,
  "dropout_rate": 0.2009222657206744,
  "ff_dim": 512,
  "l2_reg": 0.00027900336228786756,
  "learning_rate": 1.667528293661092e-06,
  "lookback": 30,
  "num_heads": 2,
  "num_layers": 1,
  "sequence_length": 30
}