{
  "batch_size": 64,
  "dropout_rate": 0.36511565111217836,
  "ff_dim": 256,
  "l2_reg": 0.00023385442660911945,
  "learning_rate": 9.583903499752349e-06,
  "lookback": 30,
  "num_heads": 2,
  "num_layers": 2,
  "sequence_length": 30
}