{
  "batch_size": 32,
  "dropout_rate": 0.2748594257731485,
  "ff_dim": 512,
  "l2_reg": 1.6289002942593077e-06,
  "learning_rate": 0.0007933507261227811,
  "lookback": 30,
  "num_heads": 2,
  "num_layers": 4,
  "sequence_length": 30
}