{
  "batch_size": 256,
  "buffer_size": 10000,
  "ent_coef": 0.011709044812271134,
  "gamma": 0.9820827870526877,
  "learning_rate": 9.97769578140151e-05,
  "tau": 0.09992124463479765
}