{
  "batch_size": 64,
  "dropout_rate": 0.13546002815112554,
  "ff_dim": 256,
  "l2_reg": 0.0002268442172111242,
  "learning_rate": 1.2198365185212522e-05,
  "num_heads": 8,
  "num_layers": 3
}