{
  "batch_size": 32,
  "dropout_rate": 0.17520300586741952,
  "ff_dim": 512,
  "l2_reg": 0.00020202587055662952,
  "learning_rate": 6.649316256505569e-06,
  "lookback": 30,
  "num_heads": 2,
  "num_layers": 1,
  "sequence_length": 30
}