{
  "batch_size": 32,
  "dropout_rate": 0.1949402784080005,
  "ff_dim": 512,
  "l2_reg": 0.0003996183878272552,
  "learning_rate": 1.1511550590726977e-06,
  "lookback": 30,
  "num_heads": 2,
  "num_layers": 1,
  "sequence_length": 30
}