{
  "batch_size": 64,
  "dropout_rate": 0.17211421472369484,
  "ff_dim": 256,
  "l2_reg": 6.294445801808719e-06,
  "learning_rate": 2.4423618022901498e-05,
  "num_heads": 8,
  "num_layers": 4
}