{
  "observation_covariance": 0.8398311146701575,
  "transition_covariance": 0.04512257474665895
}
