{
  "batch_size": 32,
  "dropout_rate": 0.20458472650011209,
  "ff_dim": 512,
  "l2_reg": 0.0002529447720331077,
  "learning_rate": 1.9467791406540076e-06,
  "lookback": 30,
  "num_heads": 2,
  "num_layers": 1,
  "sequence_length": 30
}