{
  "batch_size": 64,
  "buffer_size": 10000,
  "ent_coef": 0.0012641206405952085,
  "gamma": 0.9032420744158935,
  "learning_rate": 1.4021547165455963e-05,
  "tau": 0.023130112270424705
}