{
  "batch_size": 32,
  "dropout_rate": 0.19983757991592446,
  "ff_dim": 512,
  "l2_reg": 0.00024328053594142634,
  "learning_rate": 1.3722149657795292e-06,
  "lookback": 30,
  "num_heads": 2,
  "num_layers": 1,
  "sequence_length": 30
}