{
  "batch_size": 512,
  "buffer_size": 10000,
  "ent_coef": 0.0077286276229435276,
  "gamma": 0.987107805397114,
  "learning_rate": 0.0009557009272691773,
  "tau": 0.06434420160507637
}