{
  "batch_size": 16,
  "dropout_rate": 0.3999447316010153,
  "ff_dim": 128,
  "l2_reg": 0.0001432903957479336,
  "learning_rate": 0.00019870638167153348,
  "num_heads": 2,
  "num_layers": 2
}