{
  "batch_size": 128,
  "buffer_size": 100000,
  "ent_coef": 0.013999704768524837,
  "gamma": 0.9647965807316616,
  "learning_rate": 0.00012150994318353665,
  "tau": 0.04542652670410246
}