{
  "batch_size": 32,
  "dropout_rate": 0.1943703549116446,
  "ff_dim": 512,
  "l2_reg": 0.00025771075171805924,
  "learning_rate": 1.1738625005457988e-06,
  "lookback": 30,
  "num_heads": 2,
  "num_layers": 1,
  "sequence_length": 30
}