{
  "batch_size": 128,
  "buffer_size": 10000,
  "ent_coef": 0.04353369285155045,
  "gamma": 0.9116720460956642,
  "learning_rate": 6.37057055160465e-05,
  "tau": 0.07084369958842805
}