{
  "observation_covariance": 0.01633878484941948,
  "transition_covariance": 0.004959255795482496
}