{
  "batch_size": 256,
  "buffer_size": 10000,
  "ent_coef": 0.006761306819613129,
  "gamma": 0.9406024655420712,
  "learning_rate": 9.88019985962141e-05,
  "tau": 0.05330647477855238
}