{
  "batch_size": 16,
  "dropout_rate": 0.1488314242029389,
  "ff_dim": 256,
  "l2_reg": 0.004440751156915896,
  "learning_rate": 0.00035247780520516266,
  "num_heads": 8,
  "num_layers": 3
}