{
  "batch_size": 32,
  "dropout_rate": 0.1947279623726679,
  "ff_dim": 512,
  "l2_reg": 0.00021924806839336352,
  "learning_rate": 1.4514149022749035e-06,
  "lookback": 30,
  "num_heads": 2,
  "num_layers": 1,
  "sequence_length": 30
}