{
  "batch_size": 64,
  "dropout_rate": 0.3331645386281191,
  "ff_dim": 512,
  "l2_reg": 9.868692568912328e-06,
  "learning_rate": 1.0396553135422518e-06,
  "num_heads": 4,
  "num_layers": 3
}