{
  "batch_size": 32,
  "dropout_rate": 0.42244206013144947,
  "ff_dim": 128,
  "l2_reg": 0.001363460601484022,
  "learning_rate": 1.0947307211217293e-05,
  "num_heads": 8,
  "num_layers": 2
}