{
  "batch_size": 64,
  "dropout_rate": 0.3696258857769664,
  "ff_dim": 256,
  "l2_reg": 0.00045783611997463216,
  "learning_rate": 1.310630966551501e-05,
  "lookback": 30,
  "num_heads": 2,
  "num_layers": 2,
  "sequence_length": 30
}