{
  "batch_size": 32,
  "dropout_rate": 0.192360824345666,
  "ff_dim": 512,
  "l2_reg": 0.0002875805888835389,
  "learning_rate": 1.972149334756186e-06,
  "lookback": 30,
  "num_heads": 2,
  "num_layers": 1,
  "sequence_length": 30
}