{
  "batch_size": 16,
  "dropout_rate": 0.2219737795660758,
  "ff_dim": 512,
  "l2_reg": 1.0626266157857517e-06,
  "learning_rate": 4.2857979539139505e-05,
  "num_heads": 8,
  "num_layers": 2
}