{
  "observation_covariance": 0.1435431481667251,
  "transition_covariance": 0.010581823332086526
}