{
  "batch_size": 32,
  "dropout_rate": 0.19519477311252367,
  "ff_dim": 512,
  "l2_reg": 0.00028362667649829015,
  "learning_rate": 1.1315266218356238e-06,
  "lookback": 30,
  "num_heads": 2,
  "num_layers": 1,
  "sequence_length": 30
}