{
  "batch_size": 32,
  "dropout_rate": 0.20012512124560972,
  "ff_dim": 512,
  "l2_reg": 0.00023556486607000427,
  "learning_rate": 1.3748263844804809e-06,
  "lookback": 30,
  "num_heads": 2,
  "num_layers": 1,
  "sequence_length": 30
}