{
  "observation_covariance": 0.33713993351867483,
  "transition_covariance": 0.02118612190856077
}
