{
  "observation_covariance": 0.3618756467981751,
  "transition_covariance": 0.001178129664428631
}