{
  "batch_size": 32,
  "dropout_rate": 0.2066497092863263,
  "ff_dim": 512,
  "l2_reg": 0.00025256439919602806,
  "learning_rate": 1.7300305140057267e-06,
  "lookback": 30,
  "num_heads": 2,
  "num_layers": 1,
  "sequence_length": 30
}