{
  "batch_size": 128,
  "buffer_size": 100000,
  "ent_coef": 0.05610965674489967,
  "gamma": 0.9636248409854936,
  "learning_rate": 6.572110164571397e-05,
  "tau": 0.03531947645891203
}