{
  "batch_size": 32,
  "dropout_rate": 0.17781067325866773,
  "ff_dim": 512,
  "l2_reg": 0.000636839308228373,
  "learning_rate": 1.6120047879060147e-05,
  "num_heads": 2,
  "num_layers": 2
}