{
  "batch_size": 32,
  "dropout_rate": 0.4680958490719519,
  "ff_dim": 256,
  "l2_reg": 5.070088040437063e-05,
  "learning_rate": 4.351937835637789e-05,
  "lookback": 30,
  "num_heads": 2,
  "num_layers": 2,
  "sequence_length": 30
}