{
  "batch_size": 256,
  "buffer_size": 10000,
  "ent_coef": 0.0523123410253731,
  "gamma": 0.9240234968092658,
  "learning_rate": 2.6787865631057048e-05,
  "tau": 0.05231189448389031
}