{
  "batch_size": 32,
  "dropout_rate": 0.32644443387231625,
  "ff_dim": 512,
  "l2_reg": 2.646524532420784e-05,
  "learning_rate": 0.0006194143622996791,
  "num_heads": 2,
  "num_layers": 4
}