{
  "batch_size": 64,
  "dropout_rate": 0.44116851635935833,
  "ff_dim": 256,
  "l2_reg": 0.0003509975704388129,
  "learning_rate": 5.221767198415367e-06,
  "lookback": 30,
  "num_heads": 2,
  "num_layers": 2,
  "sequence_length": 30
}