{
  "batch_size": 64,
  "dropout_rate": 0.36008997767527007,
  "ff_dim": 256,
  "l2_reg": 0.00013758207791532862,
  "learning_rate": 1.3248642207422038e-05,
  "lookback": 30,
  "num_heads": 2,
  "num_layers": 2,
  "sequence_length": 30
}