{
  "batch_size": 128,
  "dropout_rate": 0.4978180758596981,
  "ff_dim": 128,
  "l2_reg": 0.000950420470659018,
  "learning_rate": 6.939982368991681e-06,
  "lookback": 30,
  "num_heads": 2,
  "num_layers": 2,
  "sequence_length": 30
}