{
  "batch_size": 64,
  "buffer_size": 100000,
  "ent_coef": 0.0068542602727037,
  "gamma": 0.9059835455176325,
  "learning_rate": 5.8482942206367865e-05,
  "tau": 0.01644956242334016
}