{
  "batch_size": 32,
  "dropout_rate": 0.19423643536003277,
  "ff_dim": 512,
  "l2_reg": 0.00023577417523513048,
  "learning_rate": 1.8676571454977144e-06,
  "lookback": 30,
  "num_heads": 2,
  "num_layers": 1,
  "sequence_length": 30
}