{
  "batch_size": 64,
  "dropout_rate": 0.1935131902514604,
  "ff_dim": 512,
  "l2_reg": 2.725148551252553e-05,
  "learning_rate": 2.639419771346205e-05,
  "num_heads": 8,
  "num_layers": 3
}