{
  "batch_size": 64,
  "dropout_rate": 0.22262352501074134,
  "ff_dim": 128,
  "l2_reg": 2.1270291413566975e-05,
  "learning_rate": 7.19485770682404e-05,
  "num_heads": 8,
  "num_layers": 2
}