{
  "batch_size": 32,
  "dropout_rate": 0.20074833793041302,
  "ff_dim": 512,
  "l2_reg": 0.0002947509295531944,
  "learning_rate": 1.7467134148830866e-06,
  "lookback": 30,
  "num_heads": 2,
  "num_layers": 1,
  "sequence_length": 30
}