{
  "batch_size": 64,
  "dropout_rate": 0.41224289751823295,
  "ff_dim": 512,
  "l2_reg": 1.2988390018535576e-05,
  "learning_rate": 5.611710529505033e-05,
  "num_heads": 2,
  "num_layers": 2
}