{
  "batch_size": 32,
  "dropout_rate": 0.1332686707393716,
  "ff_dim": 512,
  "l2_reg": 0.0001404867004812982,
  "learning_rate": 0.0009302537905961749,
  "lookback": 30,
  "num_heads": 4,
  "num_layers": 3,
  "sequence_length": 30
}