{
  "batch_size": 64,
  "dropout_rate": 0.41554355933962683,
  "ff_dim": 128,
  "l2_reg": 0.0003167466678910398,
  "learning_rate": 1.2795485301238074e-05,
  "num_heads": 2,
  "num_layers": 2
}