{
  "batch_size": 64,
  "dropout_rate": 0.39280337063288084,
  "ff_dim": 128,
  "l2_reg": 0.0007676829203198988,
  "learning_rate": 0.00026719511616278335,
  "num_heads": 4,
  "num_layers": 2
}