{
  "batch_size": 128,
  "buffer_size": 10000,
  "ent_coef": 0.0069240819962762875,
  "gamma": 0.9133248370675798,
  "learning_rate": 3.982782720816088e-05,
  "tau": 0.03591936798679634
}