{
  "batch_size": 32,
  "dropout_rate": 0.20703070985784053,
  "ff_dim": 512,
  "l2_reg": 0.0002418123133998391,
  "learning_rate": 1.2520343390005658e-06,
  "lookback": 30,
  "num_heads": 2,
  "num_layers": 1,
  "sequence_length": 30
}