{
  "batch_size": 32,
  "dropout_rate": 0.20017283622690585,
  "ff_dim": 512,
  "l2_reg": 0.00026128153770440247,
  "learning_rate": 1.5555891145967037e-06,
  "lookback": 30,
  "num_heads": 2,
  "num_layers": 1,
  "sequence_length": 30
}