{
  "batch_size": 512,
  "buffer_size": 100000,
  "ent_coef": 0.001862771626928597,
  "gamma": 0.9796337232982881,
  "learning_rate": 0.0009633492794077778,
  "tau": 0.037536579882283067
}