{
  "batch_size": 64,
  "dropout_rate": 0.406696808110496,
  "ff_dim": 256,
  "l2_reg": 0.00010142751341552486,
  "learning_rate": 9.334804879146885e-06,
  "lookback": 30,
  "num_heads": 2,
  "num_layers": 2,
  "sequence_length": 30
}