{
  "observation_covariance": 0.27771443335526746,
  "transition_covariance": 0.004772581274581157
}
