{
  "batch_size": 512,
  "buffer_size": 50000,
  "ent_coef": 0.0040936715392199995,
  "gamma": 0.9106678751544821,
  "learning_rate": 4.666298297538003e-05,
  "tau": 0.08900240125037724
}