{
  "batch_size": 32,
  "dropout_rate": 0.23857237173079393,
  "ff_dim": 256,
  "l2_reg": 0.00032770518070458586,
  "learning_rate": 6.47303571266664e-05,
  "num_heads": 4,
  "num_layers": 2
}