{
  "batch_size": 32,
  "dropout_rate": 0.17754382973132068,
  "ff_dim": 512,
  "l2_reg": 0.000483321806554824,
  "learning_rate": 1.2350591349885883e-06,
  "lookback": 30,
  "num_heads": 2,
  "num_layers": 1,
  "sequence_length": 30
}