{
  "batch_size": 64,
  "dropout_rate": 0.11646251463095912,
  "ff_dim": 128,
  "l2_reg": 0.00044912143765500346,
  "learning_rate": 1.9848522562183497e-05,
  "num_heads": 8,
  "num_layers": 2
}