{"trial_data": [["{\n  \"stub\": false,\n  \"trainable_name\": \"train_with_ray_tune\",\n  \"trial_id\": \"86c99_00000\",\n  \"storage\": {\n    \"_type\": \"CLOUDPICKLE_FALLBACK\",\n    \"value\": \"8005958a020000000000008c1b7261792e747261696e2e5f696e7465726e616c2e73746f72616765948c0e53746f72616765436f6e746578749493942981947d94288c12637573746f6d5f66735f70726f766964656494898c136578706572696d656e745f6469725f6e616d65948c127472616e73666f726d65725f74756e696e67948c0e747269616c5f6469725f6e616d65948c11747269616c5f38366339395f3030303030948c1863757272656e745f636865636b706f696e745f696e646578944affffffff8c0b73796e635f636f6e666967948c0f7261792e74756e652e73796e636572948c0a53796e63436f6e6669679493942981947d94288c0b73796e635f706572696f64944d2c018c0c73796e635f74696d656f7574944d08078c0e73796e635f61727469666163747394898c1c73796e635f6172746966616374735f6f6e5f636865636b706f696e74948875628c1273746f726167655f66696c6573797374656d948c0b70796172726f772e5f6673948c1446696c6553797374656d2e5f66726f6d5f7572699493948c0966696c653a2f2f2f5f94859452948c0f73746f726167655f66735f70617468948c26433a2f55736572732f41646d696e2f74726164696e675f626f742f7261795f726573756c7473948c0673796e6365729468008c115f46696c6573797374656d53796e6365729493942981947d94286815681b68114d2c0168124d08078c116c6173745f73796e635f75705f74696d659447fff00000000000008c136c6173745f73796e635f646f776e5f74696d659447fff00000000000008c0d5f73796e635f70726f63657373944e8c0c5f63757272656e745f636d64944e75628c0a5f74696d657374616d70948c13323032352d30332d31325f32322d33392d32369475622e\"\n  },\n  \"config\": {\n    \"learning_rate\": 8.071087810224115e-05,\n    \"num_heads\": 4,\n    \"dropout_rate\": 0.25096050481650134,\n    \"num_layers\": 2,\n    \"ff_dim\": 128,\n    \"batch_size\": 64,\n    \"l2_reg\": 0.0026403434723173344\n  },\n  \"_Trial__unresolved_config\": {\n    \"learning_rate\": 8.071087810224115e-05,\n    \"num_heads\": 4,\n    \"dropout_rate\": 0.25096050481650134,\n    \"num_layers\": 2,\n    \"ff_dim\": 128,\n    \"batch_size\": 64,\n    \"l2_reg\": 0.0026403434723173344\n  },\n  \"evaluated_params\": {\n    \"learning_rate\": 8.071087810224115e-05,\n    \"num_heads\": 4,\n    \"dropout_rate\": 0.25096050481650134,\n    \"num_layers\": 2,\n    \"ff_dim\": 128,\n    \"batch_size\": 64,\n    \"l2_reg\": 0.0026403434723173344\n  },\n  \"experiment_tag\": \"0_batch_size=64,dropout_rate=0.2510,ff_dim=128,l2_reg=0.0026,learning_rate=0.0001,num_heads=4,num_layers=2\",\n  \"stopping_criterion\": {},\n  \"_setup_default_resource\": true,\n  \"_default_placement_group_factory\": \"800595ba000000000000008c237261792e74756e652e657865637574696f6e2e706c6163656d656e745f67726f757073948c15506c6163656d656e7447726f7570466163746f72799493942981947d94288c085f62756e646c6573945d947d94288c03435055944740000000000000008c0347505594473ff000000000000075618c155f686561645f62756e646c655f69735f656d70747994898c095f7374726174656779948c045041434b948c055f6172677394298c075f6b7761726773947d9475622e\",\n  \"placement_group_factory\": \"800595ba000000000000008c237261792e74756e652e657865637574696f6e2e706c6163656d656e745f67726f757073948c15506c6163656d656e7447726f7570466163746f72799493942981947d94288c085f62756e646c6573945d947d94288c03435055944740000000000000008c0347505594473ff000000000000075618c155f686561645f62756e646c655f69735f656d70747994898c095f7374726174656779948c045041434b948c055f6172677394298c075f6b7761726773947d9475622e\",\n  \"log_to_file\": [\n    null,\n    null\n  ],\n  \"max_failures\": 0,\n  \"_default_result_or_future\": null,\n  \"export_formats\": [],\n  \"status\": \"ERROR\",\n  \"relative_logdir\": \"trial_86c99_00000\",\n  \"trial_name_creator\": null,\n  \"trial_dirname_creator\": {\n    \"_type\": \"CLOUDPICKLE_FALLBACK\",\n    \"value\": \"8005959e020000000000008c1b7261792e636c6f75647069636b6c652e636c6f75647069636b6c65948c0e5f6d616b655f66756e6374696f6e9493942868008c0d5f6275696c74696e5f747970659493948c08436f6465547970659485945294284b014b004b004b014b024b034320970064017c006a000000000000000000000000000000000000009b009d025300948c38437573746f6d2066756e6374696f6e20746f206372656174652073686f7274657220747269616c206469726563746f7279206e616d65732e948c06747269616c5f9486948c08747269616c5f69649485948c05747269616c9485948c29433a5c55736572735c41646d696e5c74726164696e675f626f745c7472616e73666f726d65722e7079948c1c637573746f6d5f747269616c5f6469726e616d655f63726561746f729468114b4d43168000f006000e149045974e914ed01323d00b24d00424944300942929749452947d94288c0b5f5f7061636b6167655f5f944e8c085f5f6e616d655f5f948c085f5f6d61696e5f5f948c085f5f66696c655f5f946810754e4e4e7494529468008c125f66756e6374696f6e5f7365747374617465949394681c7d947d9428681868118c0c5f5f7175616c6e616d655f5f9468118c0f5f5f616e6e6f746174696f6e735f5f947d9428680e8c197261792e74756e652e6578706572696d656e742e747269616c948c05547269616c9493948c0672657475726e948c086275696c74696e73948c03737472949394758c0e5f5f6b7764656661756c74735f5f944e8c0c5f5f64656661756c74735f5f944e8c0a5f5f6d6f64756c655f5f9468198c075f5f646f635f5f9468098c0b5f5f636c6f737572655f5f944e8c175f636c6f75647069636b6c655f7375626d6f64756c6573945d948c0b5f5f676c6f62616c735f5f947d947586948652302e\"\n  },\n  \"custom_trial_name\": null,\n  \"custom_dirname\": \"trial_86c99_00000\",\n  \"restore_path\": null,\n  \"_restore_checkpoint_result\": null,\n  \"_state_json\": null,\n  \"results\": \"80054e2e\",\n  \"extra_arg\": \"80054e2e\",\n  \"_resources\": \"80054e2e\"\n}", "{\n  \"start_time\": 1741844370.402551,\n  \"num_failures\": 1,\n  \"num_failures_after_restore\": 0,\n  \"error_filename\": \"error.txt\",\n  \"pickled_error_filename\": \"error.pkl\",\n  \"last_result\": {\n    \"trial_id\": \"86c99_00000\"\n  },\n  \"last_result_time\": -Infinity,\n  \"metric_analysis\": {},\n  \"_n_steps\": [\n    5,\n    10\n  ],\n  \"metric_n_steps\": {},\n  \"checkpoint_manager\": {\n    \"_type\": \"CLOUDPICKLE_FALLBACK\",\n    \"value\": \"80059583010000000000008c267261792e747261696e2e5f696e7465726e616c2e636865636b706f696e745f6d616e61676572948c125f436865636b706f696e744d616e616765729493942981947d94288c125f636865636b706f696e745f636f6e666967948c087261792e74756e65948c10436865636b706f696e74436f6e6669679493942981947d94288c0b6e756d5f746f5f6b656570944e8c1a636865636b706f696e745f73636f72655f617474726962757465944e8c16636865636b706f696e745f73636f72655f6f72646572948c036d6178948c14636865636b706f696e745f6672657175656e6379944b008c11636865636b706f696e745f61745f656e64944e8c1a5f636865636b706f696e745f6b6565705f616c6c5f72616e6b73948c0a44455052454341544544948c1f5f636865636b706f696e745f75706c6f61645f66726f6d5f776f726b65727394681275628c135f636865636b706f696e745f726573756c7473945d948c195f6c61746573745f636865636b706f696e745f726573756c74944e75622e\"\n  }\n}"]], "runner_data": {"_earliest_stopping_actor": 79820.265, "_actor_cleanup_timeout": 600, "_actor_force_cleanup_timeout": 10, "_reuse_actors": false, "_buffer_length": 1, "_buffer_min_time_s": 0.0, "_buffer_max_time_s": 100.0, "_max_pending_trials": 200, "_metric": null, "_total_time": 0, "_iteration": 254, "_has_errored": true, "_fail_fast": false, "_print_trial_errors": true, "_cached_trial_decisions": {}, "_queued_trial_decisions": {}, "_should_stop_experiment": false, "_stopper": {"_type": "CLOUDPICKLE_FALLBACK", "value": "8005952c000000000000008c157261792e74756e652e73746f707065722e6e6f6f70948c0b4e6f6f7053746f707065729493942981942e"}, "_start_time": 1741844366.663125, "_session_str": "2025-03-12_22-39-26", "_checkpoint_period": "auto", "_trial_checkpoint_config": {"_type": "CLOUDPICKLE_FALLBACK", "value": "800595f1000000000000008c087261792e74756e65948c10436865636b706f696e74436f6e6669679493942981947d94288c0b6e756d5f746f5f6b656570944e8c1a636865636b706f696e745f73636f72655f617474726962757465944e8c16636865636b706f696e745f73636f72655f6f72646572948c036d6178948c14636865636b706f696e745f6672657175656e6379944b008c11636865636b706f696e745f61745f656e64944e8c1a5f636865636b706f696e745f6b6565705f616c6c5f72616e6b73948c0a44455052454341544544948c1f5f636865636b706f696e745f75706c6f61645f66726f6d5f776f726b65727394680c75622e"}, "_resumed": false},