{
  "batch_size": 32,
  "dropout_rate": 0.1529481853682711,
  "ff_dim": 256,
  "l2_reg": 2.2374345591988334e-06,
  "learning_rate": 1.2632538287891322e-05,
  "lookback": 30,
  "num_heads": 2,
  "num_layers": 3,
  "sequence_length": 30
}