{
  "batch_size": 16,
  "dropout_rate": 0.37611513731291024,
  "ff_dim": 128,
  "l2_reg": 9.967564014445299e-06,
  "learning_rate": 2.001483216984253e-05,
  "num_heads": 2,
  "num_layers": 2
}