{
  "batch_size": 64,
  "dropout_rate": 0.4440568029641109,
  "ff_dim": 256,
  "l2_reg": 0.00016357983453810625,
  "learning_rate": 5.274546217217424e-05,
  "lookback": 30,
  "num_heads": 2,
  "num_layers": 2,
  "sequence_length": 30
}