{
  "batch_size": 64,
  "dropout_rate": 0.3657313989192926,
  "ff_dim": 256,
  "l2_reg": 0.00012098882747576273,
  "learning_rate": 1.3405577737654386e-05,
  "lookback": 30,
  "num_heads": 2,
  "num_layers": 2,
  "sequence_length": 30
}