{
  "batch_size": 64,
  "dropout_rate": 0.10341926403160673,
  "ff_dim": 256,
  "l2_reg": 1.090451139909845e-05,
  "learning_rate": 0.0002094653626735012,
  "num_heads": 8,
  "num_layers": 4
}