{
  "observation_covariance": 0.011230915796812303,
  "transition_covariance": 0.030720795097677344
}
