{
  "batch_size": 32,
  "dropout_rate": 0.19729816973860165,
  "ff_dim": 128,
  "l2_reg": 2.3897481124995667e-06,
  "learning_rate": 0.00013935671344142281,
  "num_heads": 4,
  "num_layers": 4
}