{
  "batch_size": 64,
  "buffer_size": 10000,
  "ent_coef": 0.005172648175997466,
  "gamma": 0.9852000761379238,
  "learning_rate": 0.00035197172036549357,
  "tau": 0.07492170937277727
}