{
  "batch_size": 16,
  "dropout_rate": 0.12700360034826752,
  "ff_dim": 256,
  "l2_reg": 2.2972381090064527e-05,
  "learning_rate": 1.3072089085422132e-05,
  "num_heads": 2,
  "num_layers": 4
}