{
  "batch_size": 16,
  "dropout_rate": 0.446226262633159,
  "ff_dim": 128,
  "l2_reg": 9.304425529609043e-05,
  "learning_rate": 1.0603366454847649e-06,
  "num_heads": 4,
  "num_layers": 2
}