{
  "observation_covariance": 0.21177811810165906,
  "transition_covariance": 0.054179995288492884
}
