{
  "batch_size": 16,
  "dropout_rate": 0.4578034381838775,
  "ff_dim": 256,
  "l2_reg": 0.007203481594122382,
  "learning_rate": 0.0006828935266701452,
  "num_heads": 2,
  "num_layers": 4
}