{
  "observation_covariance": 0.4853988851075833,
  "transition_covariance": 0.006503454198978551
}