{
  "batch_size": 64,
  "dropout_rate": 0.48631355582273106,
  "ff_dim": 256,
  "l2_reg": 1.2229123785824098e-05,
  "learning_rate": 5.135655715408982e-05,
  "lookback": 30,
  "num_heads": 2,
  "num_layers": 2,
  "sequence_length": 30
}