{
  "batch_size": 32,
  "dropout_rate": 0.20988433607408707,
  "ff_dim": 512,
  "l2_reg": 0.00020218734346742583,
  "learning_rate": 1.201073406740609e-06,
  "lookback": 30,
  "num_heads": 2,
  "num_layers": 1,
  "sequence_length": 30
}