{
  "batch_size": 128,
  "dropout_rate": 0.3325780557608147,
  "ff_dim": 256,
  "l2_reg": 1.345220840447248e-05,
  "learning_rate": 1.3927764650152023e-05,
  "lookback": 30,
  "num_heads": 4,
  "num_layers": 2,
  "sequence_length": 30
}