{
  "observation_covariance": 0.053141484213181565,
  "transition_covariance": 0.003309086747648683
}