{
  "batch_size": 256,
  "buffer_size": 50000,
  "ent_coef": 0.0030717621875027425,
  "gamma": 0.9031045702701843,
  "learning_rate": 3.589222144516857e-05,
  "tau": 0.09383289072705839
}