{
  "batch_size": 128,
  "buffer_size": 100000,
  "ent_coef": 0.00152110780054903,
  "gamma": 0.9862945948767732,
  "learning_rate": 0.00015293281015137312,
  "tau": 0.024195673809373906
}