{
  "batch_size": 64,
  "dropout_rate": 0.4498169859788489,
  "ff_dim": 512,
  "l2_reg": 3.097267392893683e-05,
  "learning_rate": 2.116784500094397e-05,
  "num_heads": 8,
  "num_layers": 4
}