{
  "batch_size": 64,
  "dropout_rate": 0.32534619981780827,
  "ff_dim": 512,
  "l2_reg": 1.4573805813877433e-05,
  "learning_rate": 3.6206712770136607e-06,
  "num_heads": 2,
  "num_layers": 2
}