{
  "batch_size": 64,
  "buffer_size": 100000,
  "ent_coef": 0.01242938180605314,
  "gamma": 0.9908556610550718,
  "learning_rate": 5.835221605214298e-05,
  "tau": 0.05199469331828682
}