{
  "batch_size": 32,
  "dropout_rate": 0.43878030402769475,
  "ff_dim": 512,
  "l2_reg": 0.0003769482092612828,
  "learning_rate": 5.522251946506887e-06,
  "lookback": 30,
  "num_heads": 8,
  "num_layers": 4,
  "sequence_length": 30
}