{
  "batch_size": 32,
  "dropout_rate": 0.20926433679272724,
  "ff_dim": 512,
  "l2_reg": 0.00023829048055914169,
  "learning_rate": 1.093987226921389e-06,
  "lookback": 30,
  "num_heads": 2,
  "num_layers": 1,
  "sequence_length": 30
}