{
  "batch_size": 512,
  "buffer_size": 100000,
  "ent_coef": 0.07933211582564455,
  "gamma": 0.9330146488759811,
  "learning_rate": 6.20906145877694e-05,
  "tau": 0.06799621254417398
}