{
  "batch_size": 32,
  "dropout_rate": 0.19347249192944355,
  "ff_dim": 512,
  "l2_reg": 0.00028869691906584547,
  "learning_rate": 1.6440530576729026e-06,
  "lookback": 30,
  "num_heads": 2,
  "num_layers": 1,
  "sequence_length": 30
}