{
  "batch_size": 128,
  "buffer_size": 100000,
  "ent_coef": 0.011736341060868785,
  "gamma": 0.9432846445572209,
  "learning_rate": 0.00044905080068610676,
  "tau": 0.04489370417128519
}