{
  "batch_size": 16,
  "dropout_rate": 0.38501794290808355,
  "ff_dim": 256,
  "l2_reg": 1.1659935061583458e-05,
  "learning_rate": 2.8446868270887597e-05,
  "num_heads": 2,
  "num_layers": 2
}