{
  "batch_size": 16,
  "dropout_rate": 0.40521761438858617,
  "ff_dim": 256,
  "l2_reg": 0.0001637362880739713,
  "learning_rate": 3.466867184133132e-05,
  "num_heads": 4,
  "num_layers": 2
}