{
  "batch_size": 256,
  "buffer_size": 100000,
  "ent_coef": 0.006899251815435102,
  "gamma": 0.9659423629220327,
  "learning_rate": 3.145947971936737e-05,
  "tau": 0.05326119649087263
}