{
  "batch_size": 16,
  "dropout_rate": 0.2866953116222904,
  "ff_dim": 256,
  "l2_reg": 0.006341551596201321,
  "learning_rate": 0.000405522987977366,
  "num_heads": 2,
  "num_layers": 3
}