{
  "batch_size": 256,
  "buffer_size": 100000,
  "ent_coef": 0.0035610778611535063,
  "gamma": 0.971539326941656,
  "learning_rate": 0.00016510070528867252,
  "tau": 0.059674571657642124
}