{
  "batch_size": 32,
  "dropout_rate": 0.19316459201777292,
  "ff_dim": 512,
  "l2_reg": 0.00023571252156919992,
  "learning_rate": 1.109903249161896e-06,
  "lookback": 30,
  "num_heads": 2,
  "num_layers": 1,
  "sequence_length": 30
}