{
  "batch_size": 64,
  "dropout_rate": 0.4876390222420064,
  "ff_dim": 512,
  "l2_reg": 5.778272631768431e-05,
  "learning_rate": 2.5439283715857982e-05,
  "num_heads": 4,
  "num_layers": 4
}