{
  "batch_size": 64,
  "dropout_rate": 0.39155383340523414,
  "ff_dim": 256,
  "l2_reg": 0.0006339781438005647,
  "learning_rate": 1.7507726956366052e-05,
  "lookback": 30,
  "num_heads": 2,
  "num_layers": 2,
  "sequence_length": 30
}