{
  "batch_size": 64,
  "dropout_rate": 0.13452871493860116,
  "ff_dim": 128,
  "l2_reg": 1.4528219612590422e-05,
  "learning_rate": 8.86199627152479e-06,
  "num_heads": 8,
  "num_layers": 3
}