{
  "batch_size": 256,
  "buffer_size": 50000,
  "ent_coef": 0.04354130646076093,
  "gamma": 0.9894529448458694,
  "learning_rate": 2.7251725917838712e-05,
  "tau": 0.00456905078872098
}