{
  "batch_size": 32,
  "dropout_rate": 0.17994204809037778,
  "ff_dim": 512,
  "l2_reg": 0.0004725479622050916,
  "learning_rate": 3.4115084900363732e-06,
  "lookback": 30,
  "num_heads": 2,
  "num_layers": 1,
  "sequence_length": 30
}