{
  "batch_size": 16,
  "dropout_rate": 0.36879090209370835,
  "ff_dim": 256,
  "l2_reg": 0.0037729927506223327,
  "learning_rate": 5.938234060221387e-05,
  "num_heads": 2,
  "num_layers": 2
}