{
  "batch_size": 64,
  "dropout_rate": 0.4255181084294286,
  "ff_dim": 256,
  "l2_reg": 0.00011692792098388081,
  "learning_rate": 4.835046079722038e-05,
  "lookback": 30,
  "num_heads": 2,
  "num_layers": 2,
  "sequence_length": 30
}