{
  "batch_size": 64,
  "dropout_rate": 0.3869633226378738,
  "ff_dim": 256,
  "l2_reg": 0.00020757718276607904,
  "learning_rate": 9.886859094612765e-06,
  "lookback": 30,
  "num_heads": 2,
  "num_layers": 2,
  "sequence_length": 30
}