{
  "batch_size": 16,
  "dropout_rate": 0.3027165663920758,
  "ff_dim": 256,
  "l2_reg": 3.497486722052621e-05,
  "learning_rate": 1.2047094504688975e-05,
  "num_heads": 4,
  "num_layers": 2
}