{
  "batch_size": 32,
  "dropout_rate": 0.15881450533112887,
  "ff_dim": 512,
  "l2_reg": 0.00037341989574763123,
  "learning_rate": 4.299910028101432e-06,
  "lookback": 30,
  "num_heads": 2,
  "num_layers": 1,
  "sequence_length": 30
}