{
  "batch_size": 32,
  "dropout_rate": 0.19253122389552832,
  "ff_dim": 512,
  "l2_reg": 0.0002991393170247366,
  "learning_rate": 1.508420397401317e-06,
  "lookback": 30,
  "num_heads": 2,
  "num_layers": 1,
  "sequence_length": 30
}