{
  "batch_size": 32,
  "dropout_rate": 0.1930932220235472,
  "ff_dim": 512,
  "l2_reg": 0.00027322571296784,
  "learning_rate": 1.6668825734120952e-06,
  "lookback": 30,
  "num_heads": 2,
  "num_layers": 1,
  "sequence_length": 30
}