{
  "batch_size": 128,
  "buffer_size": 10000,
  "ent_coef": 0.0015684646457060428,
  "gamma": 0.9436376166005054,
  "learning_rate": 0.00012053680571322322,
  "tau": 0.05363102489191894
}