{
  "batch_size": 64,
  "dropout_rate": 0.47700641415345324,
  "ff_dim": 256,
  "l2_reg": 3.247146733335365e-05,
  "learning_rate": 1.8749852809607262e-06,
  "num_heads": 8,
  "num_layers": 2
}