{
  "batch_size": 512,
  "buffer_size": 10000,
  "ent_coef": 0.0017580651863995395,
  "gamma": 0.9354812827866279,
  "learning_rate": 0.00029169095547284456,
  "tau": 0.0871279632660961
}