{
  "batch_size": 32,
  "dropout_rate": 0.21733499059605244,
  "ff_dim": 128,
  "l2_reg": 2.6510224837794944e-06,
  "learning_rate": 2.8445181013622183e-06,
  "lookback": 30,
  "num_heads": 4,
  "num_layers": 4,
  "sequence_length": 30
}