{
  "batch_size": 16,
  "dropout_rate": 0.3397281721743839,
  "ff_dim": 256,
  "l2_reg": 6.900944426571595e-05,
  "learning_rate": 1.9480008353248794e-05,
  "num_heads": 2,
  "num_layers": 3
}