{
  "batch_size": 32,
  "dropout_rate": 0.19627718823031526,
  "ff_dim": 512,
  "l2_reg": 0.00022098300707757456,
  "learning_rate": 1.6744259002080672e-06,
  "lookback": 30,
  "num_heads": 2,
  "num_layers": 1,
  "sequence_length": 30
}