{
  "batch_size": 64,
  "dropout_rate": 0.41295337919757824,
  "ff_dim": 256,
  "l2_reg": 0.00010220951270477109,
  "learning_rate": 1.9564598890166665e-06,
  "lookback": 30,
  "num_heads": 2,
  "num_layers": 2,
  "sequence_length": 30
}