{
  "batch_size": 16,
  "dropout_rate": 0.1453101166554078,
  "ff_dim": 128,
  "l2_reg": 0.0010689908206756567,
  "learning_rate": 2.3459476248400413e-05,
  "num_heads": 8,
  "num_layers": 4
}