{
  "batch_size": 32,
  "dropout_rate": 0.20339655004061521,
  "ff_dim": 512,
  "l2_reg": 0.00022970424239806381,
  "learning_rate": 1.219257449659125e-06,
  "lookback": 30,
  "num_heads": 2,
  "num_layers": 1,
  "sequence_length": 30
}