{
  "batch_size": 16,
  "dropout_rate": 0.4092018058163196,
  "ff_dim": 512,
  "l2_reg": 7.836429227669694e-05,
  "learning_rate": 2.583584221181213e-05,
  "num_heads": 8,
  "num_layers": 4
}