{
  "batch_size": 128,
  "buffer_size": 50000,
  "ent_coef": 0.005965699654683325,
  "gamma": 0.9329897702966182,
  "learning_rate": 5.9171938378409095e-05,
  "tau": 0.050243767295033485
}