{
  "batch_size": 64,
  "dropout_rate": 0.10861112131467149,
  "ff_dim": 128,
  "l2_reg": 0.0013042458101534973,
  "learning_rate": 0.0005480126801220394,
  "num_heads": 2,
  "num_layers": 3
}