{
  "batch_size": 128,
  "buffer_size": 50000,
  "ent_coef": 0.006047634174591039,
  "gamma": 0.9052558261848885,
  "learning_rate": 0.0005866424913966508,
  "tau": 0.0011599037593391804
}