{
  "batch_size": 16,
  "dropout_rate": 0.30704242333605986,
  "ff_dim": 256,
  "l2_reg": 0.0001431846648486749,
  "learning_rate": 0.00048227636755545364,
  "num_heads": 2,
  "num_layers": 3
}