{
  "batch_size": 32,
  "dropout_rate": 0.4570751676217968,
  "ff_dim": 256,
  "l2_reg": 0.00012657505125313428,
  "learning_rate": 1.060863778827208e-06,
  "lookback": 30,
  "num_heads": 4,
  "num_layers": 2,
  "sequence_length": 30
}