{
  "batch_size": 64,
  "dropout_rate": 0.4182936119937667,
  "ff_dim": 256,
  "l2_reg": 0.0002834260618612445,
  "learning_rate": 1.4467366046749268e-05,
  "lookback": 30,
  "num_heads": 2,
  "num_layers": 2,
  "sequence_length": 30
}