{
  "batch_size": 128,
  "buffer_size": 10000,
  "ent_coef": 0.010968314739233471,
  "gamma": 0.9882625806414039,
  "learning_rate": 0.0001084083814970259,
  "tau": 0.07192162811349705
}