{
  "batch_size": 64,
  "dropout_rate": 0.255289654160289,
  "ff_dim": 128,
  "l2_reg": 5.900933732705092e-06,
  "learning_rate": 2.6271158160986264e-05,
  "num_heads": 4,
  "num_layers": 2
}