{
  "batch_size": 128,
  "buffer_size": 10000,
  "ent_coef": 0.002994063600694023,
  "gamma": 0.9788091360349307,
  "learning_rate": 0.00010263357698546527,
  "tau": 0.02951918217920971
}