{
  "batch_size": 64,
  "dropout_rate": 0.4057868231683393,
  "ff_dim": 256,
  "l2_reg": 0.00011194972223432535,
  "learning_rate": 1.0138207208194506e-05,
  "lookback": 30,
  "num_heads": 2,
  "num_layers": 2,
  "sequence_length": 30
}