{
  "batch_size": 64,
  "dropout_rate": 0.14013514707180486,
  "ff_dim": 128,
  "l2_reg": 0.0002947001349265602,
  "learning_rate": 3.471470397730751e-06,
  "num_heads": 2,
  "num_layers": 2
}