{
  "batch_size": 32,
  "dropout_rate": 0.20105459305088927,
  "ff_dim": 512,
  "l2_reg": 0.00029067637432035116,
  "learning_rate": 1.4117334370756178e-06,
  "lookback": 30,
  "num_heads": 2,
  "num_layers": 1,
  "sequence_length": 30
}