{
  "batch_size": 32,
  "dropout_rate": 0.101064791238331,
  "ff_dim": 256,
  "l2_reg": 2.3977497941820603e-05,
  "learning_rate": 1.394851177304448e-05,
  "num_heads": 4,
  "num_layers": 2
}