{
  "batch_size": 64,
  "dropout_rate": 0.22449889112899446,
  "ff_dim": 256,
  "l2_reg": 2.6068698484294118e-05,
  "learning_rate": 2.0014410741973564e-05,
  "num_heads": 4,
  "num_layers": 2
}