{
  "batch_size": 32,
  "dropout_rate": 0.2007709427997906,
  "ff_dim": 512,
  "l2_reg": 0.000278699122604601,
  "learning_rate": 1.1986410606118038e-06,
  "lookback": 30,
  "num_heads": 2,
  "num_layers": 1,
  "sequence_length": 30
}