{
  "batch_size": 64,
  "dropout_rate": 0.3582813458269875,
  "ff_dim": 256,
  "l2_reg": 0.00012892425615990605,
  "learning_rate": 9.559272837341608e-06,
  "lookback": 30,
  "num_heads": 2,
  "num_layers": 2,
  "sequence_length": 30
}