{
  "batch_size": 32,
  "dropout_rate": 0.18789244214795428,
  "ff_dim": 512,
  "l2_reg": 0.0003652239452402535,
  "learning_rate": 4.6048909764358205e-06,
  "lookback": 30,
  "num_heads": 2,
  "num_layers": 1,
  "sequence_length": 30
}