{
  "batch_size": 32,
  "dropout_rate": 0.3504592371583223,
  "ff_dim": 256,
  "l2_reg": 0.0014833020829397609,
  "learning_rate": 2.566952697267513e-05,
  "num_heads": 4,
  "num_layers": 3
}