{
  "batch_size": 64,
  "dropout_rate": 0.48495288348524346,
  "ff_dim": 256,
  "l2_reg": 0.0005814850643476188,
  "learning_rate": 8.165837398683343e-05,
  "num_heads": 4,
  "num_layers": 4
}