{
  "batch_size": 64,
  "dropout_rate": 0.12072925686671723,
  "ff_dim": 512,
  "l2_reg": 0.00012489121315965648,
  "learning_rate": 0.0001165727948870911,
  "num_heads": 4,
  "num_layers": 4
}