{
  "batch_size": 16,
  "dropout_rate": 0.390951897947709,
  "ff_dim": 256,
  "l2_reg": 1.7913941137413962e-05,
  "learning_rate": 0.000324656575241728,
  "num_heads": 4,
  "num_layers": 4
}