{
  "batch_size": 64,
  "buffer_size": 100000,
  "ent_coef": 0.04665570881340129,
  "gamma": 0.9695261276526186,
  "learning_rate": 0.0006116479042044859,
  "tau": 0.05484064712338756
}