{
  "batch_size": 32,
  "dropout_rate": 0.19001056924560963,
  "ff_dim": 512,
  "l2_reg": 0.00022099216119778457,
  "learning_rate": 1.5817783369552196e-06,
  "lookback": 30,
  "num_heads": 2,
  "num_layers": 1,
  "sequence_length": 30
}