{
  "batch_size": 32,
  "dropout_rate": 0.19927892888442156,
  "ff_dim": 512,
  "l2_reg": 0.0002801160651610117,
  "learning_rate": 1.5761329357229845e-06,
  "lookback": 30,
  "num_heads": 2,
  "num_layers": 1,
  "sequence_length": 30
}