{
  "batch_size": 32,
  "dropout_rate": 0.20218436061817854,
  "ff_dim": 512,
  "l2_reg": 0.0002757603375074491,
  "learning_rate": 1.7819831853850008e-06,
  "lookback": 30,
  "num_heads": 2,
  "num_layers": 1,
  "sequence_length": 30
}