{
  "batch_size": 32,
  "dropout_rate": 0.28124709023182326,
  "ff_dim": 256,
  "l2_reg": 5.368111889755897e-05,
  "learning_rate": 0.0005259816977096047,
  "lookback": 90,
  "num_heads": 8,
  "num_layers": 3,
  "sequence_length": 30
}