{
  "batch_size": 128,
  "buffer_size": 10000,
  "ent_coef": 0.0810481492868729,
  "gamma": 0.9027057913124064,
  "learning_rate": 0.0009559567776152942,
  "tau": 0.052832263796475855
}