{
  "batch_size": 16,
  "dropout_rate": 0.19422539954892226,
  "ff_dim": 512,
  "l2_reg": 0.00040751421476905035,
  "learning_rate": 0.0001899356169993285,
  "num_heads": 2,
  "num_layers": 2
}