{
  "batch_size": 16,
  "dropout_rate": 0.18153504666043319,
  "ff_dim": 128,
  "l2_reg": 1.2926108065762459e-05,
  "learning_rate": 1.1189302698034794e-06,
  "lookback": 30,
  "num_heads": 8,
  "num_layers": 4,
  "sequence_length": 30
}