{
  "batch_size": 64,
  "buffer_size": 10000,
  "ent_coef": 0.0033528873390448015,
  "gamma": 0.9951796385602107,
  "learning_rate": 0.0005826603923719755,
  "tau": 0.08103078592977928
}