{
  "batch_size": 32,
  "dropout_rate": 0.1991003301666755,
  "ff_dim": 512,
  "l2_reg": 0.0002773028207246286,
  "learning_rate": 1.1475425073632668e-06,
  "lookback": 30,
  "num_heads": 2,
  "num_layers": 1,
  "sequence_length": 30
}