{
  "batch_size": 64,
  "dropout_rate": 0.38209903824828284,
  "ff_dim": 128,
  "l2_reg": 1.302881855834065e-06,
  "learning_rate": 7.835641758172834e-06,
  "num_heads": 8,
  "num_layers": 2
}