{
  "batch_size": 32,
  "dropout_rate": 0.3505030723412217,
  "ff_dim": 256,
  "l2_reg": 8.754331979643482e-06,
  "learning_rate": 1.743669479521634e-05,
  "num_heads": 4,
  "num_layers": 3
}