{
  "batch_size": 256,
  "buffer_size": 50000,
  "ent_coef": 0.001665752297957709,
  "gamma": 0.9053896463672932,
  "learning_rate": 0.00045982946375489644,
  "tau": 0.07049753250620333
}