{
  "batch_size": 32,
  "dropout_rate": 0.18847115165193662,
  "ff_dim": 512,
  "l2_reg": 0.00031837774045363174,
  "learning_rate": 1.8348611728272344e-06,
  "lookback": 30,
  "num_heads": 2,
  "num_layers": 1,
  "sequence_length": 30
}