{
  "batch_size": 32,
  "dropout_rate": 0.12884070732387687,
  "ff_dim": 256,
  "l2_reg": 1.7231522859571064e-05,
  "learning_rate": 8.738511084495328e-05,
  "num_heads": 2,
  "num_layers": 2
}