{
  "batch_size": 32,
  "dropout_rate": 0.19845866037378687,
  "ff_dim": 512,
  "l2_reg": 0.0002806880712471808,
  "learning_rate": 1.9523616115604566e-06,
  "lookback": 30,
  "num_heads": 2,
  "num_layers": 1,
  "sequence_length": 30
}