{
  "batch_size": 16,
  "dropout_rate": 0.4740183942705043,
  "ff_dim": 128,
  "l2_reg": 2.127479005914105e-06,
  "learning_rate": 3.728628448153668e-05,
  "num_heads": 2,
  "num_layers": 2
}