{
  "batch_size": 64,
  "buffer_size": 100000,
  "ent_coef": 0.010380990154714193,
  "gamma": 0.9236824715905347,
  "learning_rate": 0.00013764052136998195,
  "tau": 0.017620624527822787
}