{
  "batch_size": 32,
  "dropout_rate": 0.3859701478629448,
  "ff_dim": 256,
  "l2_reg": 2.4428524589433634e-05,
  "learning_rate": 0.00046686195230726793,
  "num_heads": 8,
  "num_layers": 3
}