{
  "batch_size": 32,
  "dropout_rate": 0.2017848438339356,
  "ff_dim": 512,
  "l2_reg": 0.00023355133695156704,
  "learning_rate": 1.7536941032951786e-06,
  "lookback": 30,
  "num_heads": 2,
  "num_layers": 1,
  "sequence_length": 30
}