{
  "batch_size": 32,
  "dropout_rate": 0.1942985394659413,
  "ff_dim": 512,
  "l2_reg": 0.00022247094257525266,
  "learning_rate": 1.196313136558273e-06,
  "lookback": 30,
  "num_heads": 2,
  "num_layers": 1,
  "sequence_length": 30
}