{
  "batch_size": 32,
  "dropout_rate": 0.18556595565628323,
  "ff_dim": 512,
  "l2_reg": 0.0003115914884525698,
  "learning_rate": 1.4383257238563023e-06,
  "lookback": 30,
  "num_heads": 2,
  "num_layers": 1,
  "sequence_length": 30
}