{
  "batch_size": 64,
  "dropout_rate": 0.2748851491000295,
  "ff_dim": 512,
  "l2_reg": 6.103721528225564e-05,
  "learning_rate": 9.226369854912069e-06,
  "num_heads": 8,
  "num_layers": 4
}