{
  "batch_size": 32,
  "dropout_rate": 0.20549522847954524,
  "ff_dim": 512,
  "l2_reg": 0.00014460694144037488,
  "learning_rate": 2.7304693167061213e-05,
  "lookback": 30,
  "num_heads": 2,
  "num_layers": 2,
  "sequence_length": 30
}