{
  "batch_size": 32,
  "dropout_rate": 0.35737683030225076,
  "ff_dim": 512,
  "l2_reg": 3.227778147759098e-05,
  "learning_rate": 1.5957458463681261e-06,
  "num_heads": 2,
  "num_layers": 4
}