{
  "batch_size": 32,
  "dropout_rate": 0.2062743827280146,
  "ff_dim": 512,
  "l2_reg": 0.00023667037186595773,
  "learning_rate": 1.272664406737269e-06,
  "lookback": 30,
  "num_heads": 2,
  "num_layers": 1,
  "sequence_length": 30
}