{
  "observation_covariance": 0.025065256751676982,
  "transition_covariance": 0.0030110011558704725
}
