{
  "batch_size": 16,
  "dropout_rate": 0.12531710177428704,
  "ff_dim": 256,
  "l2_reg": 4.336699523975128e-06,
  "learning_rate": 2.5503138874968955e-05,
  "num_heads": 4,
  "num_layers": 4
}