{
  "batch_size": 16,
  "dropout_rate": 0.446043898088071,
  "ff_dim": 128,
  "l2_reg": 0.0007370701757569927,
  "learning_rate": 0.0005782210381859616,
  "num_heads": 2,
  "num_layers": 4
}