{
  "observation_covariance": 0.015614849167774196,
  "transition_covariance": 0.07960890388820023
}
