{
  "batch_size": 32,
  "dropout_rate": 0.19143694896200747,
  "ff_dim": 512,
  "l2_reg": 0.00024609169668538043,
  "learning_rate": 1.7517334602948288e-06,
  "lookback": 30,
  "num_heads": 2,
  "num_layers": 1,
  "sequence_length": 30
}