{
  "batch_size": 16,
  "dropout_rate": 0.2834589016289185,
  "ff_dim": 256,
  "l2_reg": 0.00047764033719027113,
  "learning_rate": 6.554971315266013e-05,
  "lookback": 30,
  "num_heads": 2,
  "num_layers": 4,
  "sequence_length": 30
}