{
  "batch_size": 32,
  "dropout_rate": 0.19757858134094033,
  "ff_dim": 512,
  "l2_reg": 0.00022266544277138356,
  "learning_rate": 1.494347435872293e-06,
  "lookback": 30,
  "num_heads": 2,
  "num_layers": 1,
  "sequence_length": 30
}