{
  "batch_size": 64,
  "buffer_size": 50000,
  "ent_coef": 0.011408127514767535,
  "gamma": 0.990961195035943,
  "learning_rate": 2.7918454209617298e-05,
  "tau": 0.05591612024804774
}