{
  "batch_size": 64,
  "dropout_rate": 0.4330545332513358,
  "ff_dim": 256,
  "l2_reg": 0.0020496934638062994,
  "learning_rate": 0.0004077845216020865,
  "lookback": 60,
  "num_heads": 2,
  "num_layers": 2,
  "sequence_length": 60
}