{
  "batch_size": 64,
  "dropout_rate": 0.24670660865051547,
  "ff_dim": 256,
  "l2_reg": 1.2883438896446347e-06,
  "learning_rate": 3.874152451046779e-06,
  "num_heads": 4,
  "num_layers": 3
}