{
  "batch_size": 64,
  "dropout_rate": 0.48556663558755,
  "ff_dim": 128,
  "l2_reg": 7.69258966551428e-06,
  "learning_rate": 3.5435844033660255e-06,
  "num_heads": 4,
  "num_layers": 4
}