{
  "observation_covariance": 0.48241137939888834,
  "transition_covariance": 0.002057705913805539
}
