{
  "batch_size": 64,
  "dropout_rate": 0.3686826591591748,
  "ff_dim": 256,
  "l2_reg": 0.0002553215824728776,
  "learning_rate": 1.0550985213608823e-05,
  "lookback": 30,
  "num_heads": 2,
  "num_layers": 2,
  "sequence_length": 30
}