{
  "batch_size": 32,
  "dropout_rate": 0.18170865999684002,
  "ff_dim": 512,
  "l2_reg": 0.00021170292179704023,
  "learning_rate": 2.5915738990059887e-06,
  "lookback": 30,
  "num_heads": 2,
  "num_layers": 1,
  "sequence_length": 30
}