{
  "batch_size": 32,
  "dropout_rate": 0.19993941975748952,
  "ff_dim": 128,
  "l2_reg": 2.605961717168178e-05,
  "learning_rate": 1.0024177566591563e-06,
  "num_heads": 2,
  "num_layers": 2
}