{
  "batch_size": 32,
  "dropout_rate": 0.28518840634744325,
  "ff_dim": 256,
  "l2_reg": 2.6848144247718142e-06,
  "learning_rate": 1.173824541313559e-05,
  "lookback": 30,
  "num_heads": 2,
  "num_layers": 4,
  "sequence_length": 30
}