{
  "batch_size": 32,
  "dropout_rate": 0.412154343584206,
  "ff_dim": 512,
  "l2_reg": 0.00040318330986407927,
  "learning_rate": 0.0001536270596206704,
  "lookback": 30,
  "num_heads": 4,
  "num_layers": 3,
  "sequence_length": 30
}