{
  "observation_covariance": 0.5672170646123232,
  "transition_covariance": 0.01616897460400044
}