{
  "batch_size": 32,
  "dropout_rate": 0.19837883898539307,
  "ff_dim": 512,
  "l2_reg": 0.00021399878952466173,
  "learning_rate": 1.3734700415824213e-06,
  "lookback": 30,
  "num_heads": 2,
  "num_layers": 1,
  "sequence_length": 30
}