{
  "batch_size": 32,
  "dropout_rate": 0.2086320174035294,
  "ff_dim": 512,
  "l2_reg": 2.887560108773026e-06,
  "learning_rate": 5.660855230774548e-05,
  "num_heads": 4,
  "num_layers": 2
}