{
  "batch_size": 64,
  "dropout_rate": 0.42980594381478376,
  "ff_dim": 256,
  "l2_reg": 0.0002329683560845035,
  "learning_rate": 1.5718356380642005e-05,
  "lookback": 30,
  "num_heads": 2,
  "num_layers": 2,
  "sequence_length": 30
}