{
  "batch_size": 32,
  "dropout_rate": 0.3151207794451869,
  "ff_dim": 512,
  "l2_reg": 8.913155165808745e-05,
  "learning_rate": 0.0006280168359440044,
  "lookback": 30,
  "num_heads": 4,
  "num_layers": 1,
  "sequence_length": 30
}