{
  "batch_size": 32,
  "dropout_rate": 0.47416454243650874,
  "ff_dim": 256,
  "l2_reg": 1.777272725506192e-05,
  "learning_rate": 0.000253293721264542,
  "num_heads": 4,
  "num_layers": 4
}