{
  "batch_size": 64,
  "dropout_rate": 0.4365091462372737,
  "ff_dim": 256,
  "l2_reg": 0.000552329355854256,
  "learning_rate": 1.1713030928064512e-05,
  "lookback": 30,
  "num_heads": 2,
  "num_layers": 2,
  "sequence_length": 30
}