{
  "batch_size": 32,
  "dropout_rate": 0.19636218466036895,
  "ff_dim": 512,
  "l2_reg": 0.00023337175965400093,
  "learning_rate": 1.6030975485608196e-06,
  "lookback": 30,
  "num_heads": 2,
  "num_layers": 1,
  "sequence_length": 30
}