{
  "batch_size": 64,
  "dropout_rate": 0.4543276639548851,
  "ff_dim": 512,
  "l2_reg": 0.0005795240366872481,
  "learning_rate": 0.0003917739487551267,
  "num_heads": 8,
  "num_layers": 3
}