{
  "batch_size": 32,
  "dropout_rate": 0.4553549951358963,
  "ff_dim": 512,
  "l2_reg": 4.6347607080011555e-05,
  "learning_rate": 0.0004372211355378333,
  "num_heads": 8,
  "num_layers": 4
}