{
  "batch_size": 64,
  "dropout_rate": 0.41500535573775865,
  "ff_dim": 256,
  "l2_reg": 0.0007703643880780682,
  "learning_rate": 1.293181436573168e-05,
  "lookback": 30,
  "num_heads": 2,
  "num_layers": 2,
  "sequence_length": 30
}