{
  "batch_size": 64,
  "dropout_rate": 0.4077875128897994,
  "ff_dim": 256,
  "l2_reg": 0.00010163596654788388,
  "learning_rate": 1.4602933894535613e-05,
  "lookback": 30,
  "num_heads": 2,
  "num_layers": 2,
  "sequence_length": 30
}