{
  "batch_size": 256,
  "buffer_size": 100000,
  "ent_coef": 0.00338110256263769,
  "gamma": 0.9900050963233737,
  "learning_rate": 2.0168243560478454e-05,
  "tau": 0.07914625987814158
}