{
  "batch_size": 32,
  "dropout_rate": 0.19348219403698083,
  "ff_dim": 512,
  "l2_reg": 0.00029231501675584175,
  "learning_rate": 1.0476155918045073e-06,
  "lookback": 30,
  "num_heads": 2,
  "num_layers": 1,
  "sequence_length": 30
}