{
  "batch_size": 128,
  "buffer_size": 50000,
  "ent_coef": 0.0010769935367195298,
  "gamma": 0.9018672910974865,
  "learning_rate": 3.3630556853776545e-05,
  "tau": 0.022397011722278683
}