{
  "batch_size": 16,
  "dropout_rate": 0.17353848689596563,
  "ff_dim": 512,
  "l2_reg": 0.00022385689073058446,
  "learning_rate": 0.0006624733250546029,
  "num_heads": 2,
  "num_layers": 3
}