{
  "batch_size": 64,
  "dropout_rate": 0.4950234359738247,
  "ff_dim": 512,
  "l2_reg": 0.00012891599518843715,
  "learning_rate": 6.682470343768101e-05,
  "num_heads": 4,
  "num_layers": 4
}