{
  "observation_covariance": 0.030651993337149155,
  "transition_covariance": 0.07781641357245711
}