{
  "batch_size": 32,
  "dropout_rate": 0.18640852838150027,
  "ff_dim": 512,
  "l2_reg": 0.00023341394181988008,
  "learning_rate": 4.135565349009973e-06,
  "lookback": 30,
  "num_heads": 2,
  "num_layers": 1,
  "sequence_length": 30
}