{
  "batch_size": 256,
  "buffer_size": 100000,
  "ent_coef": 0.03561634038671674,
  "gamma": 0.9028110099029873,
  "learning_rate": 0.0005173450328363016,
  "tau": 0.006518073349203255
}