{
  "batch_size": 32,
  "dropout_rate": 0.156390173153924,
  "ff_dim": 512,
  "l2_reg": 0.00014733883920483884,
  "learning_rate": 3.850005113845077e-05,
  "num_heads": 2,
  "num_layers": 3
}