{
  "batch_size": 32,
  "dropout_rate": 0.13570009257692328,
  "ff_dim": 512,
  "l2_reg": 1.350599135876087e-06,
  "learning_rate": 5.4749739658931286e-05,
  "lookback": 30,
  "num_heads": 8,
  "num_layers": 3,
  "sequence_length": 30
}