{
  "batch_size": 64,
  "dropout_rate": 0.42638308023791915,
  "ff_dim": 256,
  "l2_reg": 5.232363282997219e-05,
  "learning_rate": 0.0001134435466297368,
  "num_heads": 2,
  "num_layers": 2
}