{
  "batch_size": 32,
  "dropout_rate": 0.18990886509224023,
  "ff_dim": 512,
  "l2_reg": 0.00020774920565950534,
  "learning_rate": 1.414574365950298e-06,
  "lookback": 30,
  "num_heads": 2,
  "num_layers": 1,
  "sequence_length": 30
}