{
  "batch_size": 32,
  "dropout_rate": 0.38063561471217044,
  "ff_dim": 512,
  "l2_reg": 0.0006052084545764077,
  "learning_rate": 4.290242428159759e-05,
  "num_heads": 2,
  "num_layers": 3
}