{
  "batch_size": 16,
  "dropout_rate": 0.4491170217196242,
  "ff_dim": 128,
  "l2_reg": 0.00019667676471147214,
  "learning_rate": 8.960152583116817e-06,
  "num_heads": 8,
  "num_layers": 4
}