{
  "batch_size": 64,
  "dropout_rate": 0.38301593029271086,
  "ff_dim": 512,
  "l2_reg": 0.0001270115809757154,
  "learning_rate": 0.00016907556598777038,
  "num_heads": 8,
  "num_layers": 4
}