{
  "batch_size": 32,
  "dropout_rate": 0.20105516244919597,
  "ff_dim": 512,
  "l2_reg": 0.00027946311567703396,
  "learning_rate": 1.7847078190149272e-06,
  "lookback": 30,
  "num_heads": 2,
  "num_layers": 1,
  "sequence_length": 30
}