{
  "batch_size": 32,
  "dropout_rate": 0.34372314520217295,
  "ff_dim": 256,
  "l2_reg": 0.00019862299437475536,
  "learning_rate": 1.5589467116553508e-06,
  "lookback": 30,
  "num_heads": 4,
  "num_layers": 4,
  "sequence_length": 30
}