{
  "batch_size": 32,
  "dropout_rate": 0.20755472196963984,
  "ff_dim": 512,
  "l2_reg": 0.00021928105234949035,
  "learning_rate": 1.471471401184884e-06,
  "lookback": 30,
  "num_heads": 2,
  "num_layers": 1,
  "sequence_length": 30
}