{
  "batch_size": 32,
  "dropout_rate": 0.19806485520215358,
  "ff_dim": 512,
  "l2_reg": 0.00022546128673626563,
  "learning_rate": 4.684481526490272e-06,
  "lookback": 30,
  "num_heads": 2,
  "num_layers": 1,
  "sequence_length": 30
}