{
  "batch_size": 64,
  "buffer_size": 10000,
  "ent_coef": 0.0014539526621735767,
  "gamma": 0.9618974565830382,
  "learning_rate": 5.122353371905858e-05,
  "tau": 0.02436377899956428
}