{
  "observation_covariance": 0.1072861564064793,
  "transition_covariance": 0.030689380700181342
}