{
  "observation_covariance": 0.09036606501736262,
  "transition_covariance": 0.01314365041757899
}
