{
  "batch_size": 32,
  "dropout_rate": 0.20700027640329816,
  "ff_dim": 512,
  "l2_reg": 0.0002967922472552111,
  "learning_rate": 1.8352789604166855e-06,
  "lookback": 30,
  "num_heads": 2,
  "num_layers": 1,
  "sequence_length": 30
}