{
  "batch_size": 64,
  "dropout_rate": 0.14636670524062112,
  "ff_dim": 512,
  "l2_reg": 0.0001379003796748553,
  "learning_rate": 9.320526690189484e-06,
  "lookback": 90,
  "num_heads": 2,
  "num_layers": 4,
  "sequence_length": 30
}