{
  "batch_size": 32,
  "dropout_rate": 0.19266331967927566,
  "ff_dim": 512,
  "l2_reg": 0.00022824744934097204,
  "learning_rate": 1.4185918496861742e-06,
  "lookback": 30,
  "num_heads": 2,
  "num_layers": 1,
  "sequence_length": 30
}