{
  "batch_size": 64,
  "dropout_rate": 0.19567044102305237,
  "ff_dim": 512,
  "l2_reg": 6.84908782129352e-05,
  "learning_rate": 0.0003324975201844657,
  "lookback": 30,
  "num_heads": 4,
  "num_layers": 2,
  "sequence_length": 30
}