{
  "batch_size": 32,
  "dropout_rate": 0.34147453986306286,
  "ff_dim": 128,
  "l2_reg": 0.00044786882721781896,
  "learning_rate": 2.1233815740097346e-05,
  "num_heads": 4,
  "num_layers": 2
}