{
  "batch_size": 64,
  "dropout_rate": 0.3991057833472308,
  "ff_dim": 256,
  "l2_reg": 0.00022252675239854962,
  "learning_rate": 9.098984508712765e-06,
  "lookback": 30,
  "num_heads": 2,
  "num_layers": 2,
  "sequence_length": 30
}