{
  "batch_size": 512,
  "buffer_size": 10000,
  "ent_coef": 0.0012803665965880446,
  "gamma": 0.9036004828399296,
  "learning_rate": 0.00010601579160575148,
  "tau": 0.03214960068773211
}