{
  "batch_size": 64,
  "dropout_rate": 0.10918753562929494,
  "ff_dim": 256,
  "l2_reg": 3.492667878468897e-05,
  "learning_rate": 3.0129698377016315e-05,
  "num_heads": 4,
  "num_layers": 2
}