{
  "observation_covariance": 0.25398459048774674,
  "transition_covariance": 0.0016735194292103843
}
