{
  "batch_size": 32,
  "dropout_rate": 0.20988540615642973,
  "ff_dim": 512,
  "l2_reg": 0.000262363193561481,
  "learning_rate": 1.4599033432515668e-06,
  "lookback": 30,
  "num_heads": 2,
  "num_layers": 1,
  "sequence_length": 30
}