{
  "batch_size": 128,
  "buffer_size": 10000,
  "ent_coef": 0.024766129964522834,
  "gamma": 0.9585584197407251,
  "learning_rate": 0.0003951955130944279,
  "tau": 0.004869824970762466
}