{
  "batch_size": 64,
  "dropout_rate": 0.3377553133297867,
  "ff_dim": 512,
  "l2_reg": 0.00020022499286905196,
  "learning_rate": 8.222459396786852e-06,
  "num_heads": 2,
  "num_layers": 2
}