{
  "batch_size": 64,
  "dropout_rate": 0.3967410575326865,
  "ff_dim": 256,
  "l2_reg": 0.0001699826500711875,
  "learning_rate": 1.7463318281964358e-05,
  "lookback": 30,
  "num_heads": 2,
  "num_layers": 2,
  "sequence_length": 30
}