{
  "batch_size": 32,
  "dropout_rate": 0.19032058815583972,
  "ff_dim": 512,
  "l2_reg": 0.0002044289504141033,
  "learning_rate": 1.647396527494299e-06,
  "lookback": 30,
  "num_heads": 2,
  "num_layers": 1,
  "sequence_length": 30
}