{
  "batch_size": 16,
  "dropout_rate": 0.3629029618628533,
  "ff_dim": 256,
  "l2_reg": 3.5213107205244692e-06,
  "learning_rate": 0.00010770726919036031,
  "num_heads": 4,
  "num_layers": 2
}