{
  "batch_size": 32,
  "dropout_rate": 0.20585184613536164,
  "ff_dim": 512,
  "l2_reg": 0.0002924761721687182,
  "learning_rate": 1.3866056877141449e-06,
  "lookback": 30,
  "num_heads": 2,
  "num_layers": 1,
  "sequence_length": 30
}