{
  "batch_size": 32,
  "dropout_rate": 0.20050328604011736,
  "ff_dim": 512,
  "l2_reg": 0.0002448430209577832,
  "learning_rate": 1.3977949679996738e-06,
  "lookback": 30,
  "num_heads": 2,
  "num_layers": 1,
  "sequence_length": 30
}