{
  "batch_size": 64,
  "dropout_rate": 0.3782431247580834,
  "ff_dim": 256,
  "l2_reg": 0.00010263203650792524,
  "learning_rate": 1.3526760473784819e-05,
  "lookback": 30,
  "num_heads": 2,
  "num_layers": 2,
  "sequence_length": 30
}