{
  "batch_size": 32,
  "dropout_rate": 0.29558933667792814,
  "ff_dim": 512,
  "l2_reg": 0.0003684501804651618,
  "learning_rate": 3.652126899845275e-05,
  "num_heads": 8,
  "num_layers": 2
}