{
  "batch_size": 32,
  "dropout_rate": 0.19854497186758682,
  "ff_dim": 512,
  "l2_reg": 0.00020500300889008183,
  "learning_rate": 1.1880148339061427e-06,
  "lookback": 30,
  "num_heads": 2,
  "num_layers": 1,
  "sequence_length": 30
}