{
  "batch_size": 32,
  "dropout_rate": 0.20542350437857756,
  "ff_dim": 512,
  "l2_reg": 0.0002863584096880035,
  "learning_rate": 1.1550973305837584e-06,
  "lookback": 30,
  "num_heads": 2,
  "num_layers": 1,
  "sequence_length": 30
}