{
  "observation_covariance": 0.143996861152436,
  "transition_covariance": 0.0045124300336203136
}