{
  "batch_size": 128,
  "buffer_size": 50000,
  "ent_coef": 0.051798761984683056,
  "gamma": 0.9819030003131489,
  "learning_rate": 0.0003949188890348052,
  "tau": 0.02036573656036642
}