{
  "batch_size": 64,
  "buffer_size": 10000,
  "ent_coef": 0.04116107876292712,
  "gamma": 0.9745213924262538,
  "learning_rate": 1.3710621996982309e-05,
  "tau": 0.07895046794048857
}