{
  "batch_size": 16,
  "dropout_rate": 0.11223709322520731,
  "ff_dim": 256,
  "l2_reg": 0.0004196184544744321,
  "learning_rate": 4.31601048765485e-05,
  "num_heads": 8,
  "num_layers": 4
}