{
  "batch_size": 16,
  "dropout_rate": 0.27256778003256454,
  "ff_dim": 256,
  "l2_reg": 9.354715247605049e-06,
  "learning_rate": 1.4122393414541934e-05,
  "num_heads": 8,
  "num_layers": 2
}