{
  "batch_size": 512,
  "buffer_size": 100000,
  "ent_coef": 0.008013532474278738,
  "gamma": 0.9305028486019268,
  "learning_rate": 3.135029373698255e-05,
  "tau": 0.0675082627411325
}