{
  "batch_size": 32,
  "dropout_rate": 0.1646267671829777,
  "ff_dim": 512,
  "l2_reg": 0.000507178166874392,
  "learning_rate": 1.6704351863323468e-06,
  "lookback": 30,
  "num_heads": 2,
  "num_layers": 1,
  "sequence_length": 30
}