{
  "batch_size": 64,
  "dropout_rate": 0.1086359621302874,
  "ff_dim": 512,
  "l2_reg": 0.0001688563707526879,
  "learning_rate": 2.13389421123292e-06,
  "lookback": 60,
  "num_heads": 8,
  "num_layers": 3,
  "sequence_length": 90
}