{
  "batch_size": 32,
  "dropout_rate": 0.1968068764233505,
  "ff_dim": 512,
  "l2_reg": 0.00022891614072257215,
  "learning_rate": 1.4733567595593944e-06,
  "lookback": 30,
  "num_heads": 2,
  "num_layers": 1,
  "sequence_length": 30
}