{
  "batch_size": 16,
  "dropout_rate": 0.2618729791167289,
  "ff_dim": 512,
  "l2_reg": 1.7399780225352693e-06,
  "learning_rate": 6.253220175083859e-06,
  "num_heads": 8,
  "num_layers": 2
}