{
  "batch_size": 512,
  "buffer_size": 10000,
  "ent_coef": 0.0011661954689819512,
  "gamma": 0.9117671587869004,
  "learning_rate": 1.862763297205304e-05,
  "tau": 0.0403346288423896
}