{
  "batch_size": 16,
  "dropout_rate": 0.32509069931423973,
  "ff_dim": 128,
  "l2_reg": 3.2149780885506627e-06,
  "learning_rate": 2.5920936377882233e-06,
  "num_heads": 2,
  "num_layers": 3
}