{
  "batch_size": 64,
  "dropout_rate": 0.2594260688262342,
  "ff_dim": 512,
  "l2_reg": 5.331725020236176e-05,
  "learning_rate": 1.4447542789013682e-05,
  "num_heads": 4,
  "num_layers": 2
}