{
  "batch_size": 64,
  "buffer_size": 10000,
  "ent_coef": 0.001980723703803892,
  "gamma": 0.9783025464718464,
  "learning_rate": 0.0001752834583506225,
  "tau": 0.07864918161970431
}