{
  "batch_size": 128,
  "buffer_size": 50000,
  "ent_coef": 0.03708636637023423,
  "gamma": 0.9808896927519468,
  "learning_rate": 8.88755817048452e-05,
  "tau": 0.028739270047004318
}