{
  "batch_size": 128,
  "dropout_rate": 0.11813138370847064,
  "ff_dim": 512,
  "l2_reg": 0.000612953933668949,
  "learning_rate": 2.1059986236594622e-05,
  "lookback": 30,
  "num_heads": 8,
  "num_layers": 1,
  "sequence_length": 90
}