{
  "batch_size": 64,
  "dropout_rate": 0.4185970218016209,
  "ff_dim": 256,
  "l2_reg": 0.00013139285864544444,
  "learning_rate": 9.809307610497003e-06,
  "lookback": 30,
  "num_heads": 2,
  "num_layers": 2,
  "sequence_length": 30
}