{
  "batch_size": 64,
  "dropout_rate": 0.2835827158556874,
  "ff_dim": 256,
  "l2_reg": 0.0002402397934763419,
  "learning_rate": 2.329447064838006e-06,
  "lookback": 60,
  "num_heads": 4,
  "num_layers": 2,
  "sequence_length": 90
}