{
  "batch_size": 128,
  "dropout_rate": 0.296906917998981,
  "ff_dim": 256,
  "l2_reg": 0.00021579664066572255,
  "learning_rate": 0.0009477189137430667,
  "lookback": 30,
  "num_heads": 8,
  "num_layers": 3,
  "sequence_length": 30
}