{
  "batch_size": 32,
  "dropout_rate": 0.19823688891071323,
  "ff_dim": 512,
  "l2_reg": 0.0002879431062397763,
  "learning_rate": 1.3901713299371366e-06,
  "lookback": 30,
  "num_heads": 2,
  "num_layers": 1,
  "sequence_length": 30
}