{
  "batch_size": 64,
  "dropout_rate": 0.19565634871212634,
  "ff_dim": 512,
  "l2_reg": 1.0858189748424035e-06,
  "learning_rate": 1.2280701859898279e-05,
  "num_heads": 2,
  "num_layers": 4
}