{
  "batch_size": 32,
  "dropout_rate": 0.20108313776640266,
  "ff_dim": 512,
  "l2_reg": 0.00020900678123476343,
  "learning_rate": 1.10905832535171e-06,
  "lookback": 30,
  "num_heads": 2,
  "num_layers": 1,
  "sequence_length": 30
}