{
  "batch_size": 32,
  "dropout_rate": 0.492138911132577,
  "ff_dim": 256,
  "l2_reg": 8.653857961486057e-05,
  "learning_rate": 4.557084592201753e-05,
  "num_heads": 2,
  "num_layers": 2
}