{
  "batch_size": 64,
  "dropout_rate": 0.4679652998448739,
  "ff_dim": 512,
  "l2_reg": 0.0002923868837483743,
  "learning_rate": 2.1765720738941906e-05,
  "num_heads": 4,
  "num_layers": 2
}