{
  "batch_size": 64,
  "dropout_rate": 0.4469233576065055,
  "ff_dim": 256,
  "l2_reg": 0.0003035915973322681,
  "learning_rate": 2.7913338045797428e-05,
  "lookback": 30,
  "num_heads": 2,
  "num_layers": 2,
  "sequence_length": 30
}