{
  "batch_size": 16,
  "dropout_rate": 0.1416508634504722,
  "ff_dim": 128,
  "l2_reg": 4.0246855053814015e-05,
  "learning_rate": 2.7910033748281403e-05,
  "num_heads": 4,
  "num_layers": 4
}