{
  "batch_size": 32,
  "dropout_rate": 0.19120706769980253,
  "ff_dim": 512,
  "l2_reg": 0.00022007015816512284,
  "learning_rate": 1.913772242202814e-06,
  "lookback": 30,
  "num_heads": 2,
  "num_layers": 1,
  "sequence_length": 30
}