{
  "batch_size": 256,
  "buffer_size": 10000,
  "ent_coef": 0.0013534383175760826,
  "gamma": 0.9116257140834011,
  "learning_rate": 1.153937800618001e-05,
  "tau": 0.0305387837856837
}