{
  "batch_size": 16,
  "dropout_rate": 0.39978159982848316,
  "ff_dim": 256,
  "l2_reg": 0.0006135866231294362,
  "learning_rate": 1.735615961351188e-05,
  "num_heads": 4,
  "num_layers": 2
}