{
  "batch_size": 64,
  "dropout_rate": 0.49274281953800625,
  "ff_dim": 256,
  "l2_reg": 0.00047958205270640135,
  "learning_rate": 2.326625270689229e-05,
  "lookback": 30,
  "num_heads": 2,
  "num_layers": 2,
  "sequence_length": 30
}