{
  "batch_size": 16,
  "dropout_rate": 0.31906433831719033,
  "ff_dim": 128,
  "l2_reg": 0.0015969033352345855,
  "learning_rate": 2.1228417556616603e-05,
  "num_heads": 4,
  "num_layers": 2
}