{
  "batch_size": 64,
  "dropout_rate": 0.18194111755486367,
  "ff_dim": 256,
  "l2_reg": 0.00046333073306456676,
  "learning_rate": 0.0003233286903839955,
  "lookback": 30,
  "num_heads": 4,
  "num_layers": 3,
  "sequence_length": 30
}