{
  "batch_size": 32,
  "dropout_rate": 0.2044181276174346,
  "ff_dim": 512,
  "l2_reg": 0.00021234464066320228,
  "learning_rate": 1.7218198243794268e-06,
  "lookback": 30,
  "num_heads": 2,
  "num_layers": 1,
  "sequence_length": 30
}