{
  "batch_size": 64,
  "dropout_rate": 0.38316373247097035,
  "ff_dim": 512,
  "l2_reg": 1.488313432311644e-06,
  "learning_rate": 0.0004921362522165804,
  "num_heads": 4,
  "num_layers": 2
}