{
  "batch_size": 32,
  "dropout_rate": 0.19847508353988108,
  "ff_dim": 512,
  "l2_reg": 0.0002980819378587602,
  "learning_rate": 1.3613987852531645e-06,
  "lookback": 30,
  "num_heads": 2,
  "num_layers": 1,
  "sequence_length": 30
}