{
  "batch_size": 32,
  "dropout_rate": 0.18103226010080503,
  "ff_dim": 512,
  "l2_reg": 0.0005738267789043839,
  "learning_rate": 2.13775328372755e-06,
  "lookback": 30,
  "num_heads": 2,
  "num_layers": 1,
  "sequence_length": 30
}