{
  "batch_size": 32,
  "dropout_rate": 0.20690155821446937,
  "ff_dim": 512,
  "l2_reg": 0.00025688835344568807,
  "learning_rate": 1.4353128692136878e-06,
  "lookback": 30,
  "num_heads": 2,
  "num_layers": 1,
  "sequence_length": 30
}