{
  "batch_size": 32,
  "dropout_rate": 0.18932940842010834,
  "ff_dim": 512,
  "l2_reg": 0.0006651010154433678,
  "learning_rate": 3.952262880685961e-06,
  "lookback": 30,
  "num_heads": 2,
  "num_layers": 1,
  "sequence_length": 30
}