{
  "batch_size": 32,
  "dropout_rate": 0.10147131350093859,
  "ff_dim": 512,
  "l2_reg": 0.0006600218762234012,
  "learning_rate": 1.8698224604627502e-06,
  "lookback": 30,
  "num_heads": 2,
  "num_layers": 1,
  "sequence_length": 30
}