{
  "batch_size": 128,
  "buffer_size": 50000,
  "ent_coef": 0.025693460105207417,
  "gamma": 0.9565040206686718,
  "learning_rate": 0.000810640690771572,
  "tau": 0.07366085354546233
}