{
  "batch_size": 64,
  "dropout_rate": 0.37424311654654663,
  "ff_dim": 256,
  "l2_reg": 0.0009892482976242593,
  "learning_rate": 1.4303102827398135e-05,
  "lookback": 30,
  "num_heads": 2,
  "num_layers": 2,
  "sequence_length": 30
}