{
  "batch_size": 64,
  "buffer_size": 10000,
  "ent_coef": 0.03074090638226858,
  "gamma": 0.9110151932713738,
  "learning_rate": 0.0004887021894745377,
  "tau": 0.023319204492886384
}