{
  "observation_covariance": 0.03929284121978952,
  "transition_covariance": 0.0077176921609363415
}
