{
  "batch_size": 32,
  "dropout_rate": 0.20296213904665378,
  "ff_dim": 512,
  "l2_reg": 0.0002468299239309065,
  "learning_rate": 1.89759511623556e-06,
  "lookback": 30,
  "num_heads": 2,
  "num_layers": 1,
  "sequence_length": 30
}