{
  "batch_size": 16,
  "dropout_rate": 0.17979793172127922,
  "ff_dim": 512,
  "l2_reg": 0.000192322081881764,
  "learning_rate": 0.00020363027160632364,
  "num_heads": 4,
  "num_layers": 2
}