{
  "batch_size": 32,
  "dropout_rate": 0.4748204355921052,
  "ff_dim": 128,
  "l2_reg": 0.00011036296998792906,
  "learning_rate": 7.488848703320535e-06,
  "lookback": 30,
  "num_heads": 8,
  "num_layers": 1,
  "sequence_length": 30
}