{
  "batch_size": 16,
  "dropout_rate": 0.46998571087457064,
  "ff_dim": 256,
  "l2_reg": 1.1523520818346011e-06,
  "learning_rate": 1.9191808214758993e-05,
  "num_heads": 8,
  "num_layers": 4
}