{
  "batch_size": 64,
  "dropout_rate": 0.12635402190538483,
  "ff_dim": 128,
  "l2_reg": 0.0005397879903353197,
  "learning_rate": 0.0002760556119098007,
  "num_heads": 8,
  "num_layers": 4
}