{
  "batch_size": 32,
  "dropout_rate": 0.20451166062998105,
  "ff_dim": 512,
  "l2_reg": 0.0002930873786595803,
  "learning_rate": 1.2749473088575787e-06,
  "lookback": 30,
  "num_heads": 2,
  "num_layers": 1,
  "sequence_length": 30
}