{
  "batch_size": 64,
  "dropout_rate": 0.12437261762304197,
  "ff_dim": 256,
  "l2_reg": 2.215588262097264e-05,
  "learning_rate": 0.0007161746429683636,
  "num_heads": 2,
  "num_layers": 2
}