{
  "batch_size": 32,
  "dropout_rate": 0.3770465410066567,
  "ff_dim": 128,
  "l2_reg": 0.00014460950386153,
  "learning_rate": 0.000833390807321614,
  "num_heads": 8,
  "num_layers": 2
}