{
  "batch_size": 128,
  "buffer_size": 100000,
  "ent_coef": 0.0018127944536100013,
  "gamma": 0.9246502742324155,
  "learning_rate": 0.00018543389966144632,
  "tau": 0.007337852078825398
}