{
  "batch_size": 64,
  "buffer_size": 50000,
  "ent_coef": 0.008364104237292917,
  "gamma": 0.9716094058118151,
  "learning_rate": 2.156849465677952e-05,
  "tau": 0.08250680096819546
}