{
  "batch_size": 64,
  "dropout_rate": 0.13248287622278718,
  "ff_dim": 128,
  "l2_reg": 0.0006267085446194974,
  "learning_rate": 0.00028385205220767456,
  "num_heads": 4,
  "num_layers": 2
}