{
  "batch_size": 64,
  "dropout_rate": 0.4065746087841591,
  "ff_dim": 128,
  "l2_reg": 0.00021854938208870785,
  "learning_rate": 1.8232712225828357e-05,
  "num_heads": 4,
  "num_layers": 4
}