{
  "batch_size": 512,
  "buffer_size": 100000,
  "ent_coef": 0.032731063275615396,
  "gamma": 0.9698778997762467,
  "learning_rate": 3.0332294767209295e-05,
  "tau": 0.05187978237699042
}