{
  "observation_covariance": 0.0655544946732393,
  "transition_covariance": 0.008350505876390519
}
