{
  "batch_size": 32,
  "dropout_rate": 0.21283569805241032,
  "ff_dim": 512,
  "l2_reg": 0.00022844492929150468,
  "learning_rate": 2.3354353916998153e-05,
  "num_heads": 2,
  "num_layers": 4
}