{
  "batch_size": 64,
  "buffer_size": 100000,
  "ent_coef": 0.005471739214687889,
  "gamma": 0.9401237711260247,
  "learning_rate": 6.466547429082855e-05,
  "tau": 0.012531259851756536
}