{
  "batch_size": 32,
  "dropout_rate": 0.2080854462362755,
  "ff_dim": 512,
  "l2_reg": 0.00020025222722958489,
  "learning_rate": 1.0931465905615098e-06,
  "lookback": 30,
  "num_heads": 2,
  "num_layers": 1,
  "sequence_length": 30
}