{
  "batch_size": 128,
  "dropout_rate": 0.49076794071855023,
  "ff_dim": 128,
  "l2_reg": 5.621316054121472e-05,
  "learning_rate": 3.5221829079442955e-06,
  "lookback": 30,
  "num_heads": 8,
  "num_layers": 1,
  "sequence_length": 30
}