{
  "batch_size": 16,
  "dropout_rate": 0.46066266894068497,
  "ff_dim": 512,
  "l2_reg": 1.9558896249032622e-05,
  "learning_rate": 0.00015647499113392163,
  "num_heads": 2,
  "num_layers": 4
}