{
  "batch_size": 64,
  "dropout_rate": 0.41059609584160633,
  "ff_dim": 256,
  "l2_reg": 0.00010553101710668822,
  "learning_rate": 1.0265196038355826e-05,
  "lookback": 30,
  "num_heads": 2,
  "num_layers": 2,
  "sequence_length": 30
}