{
  "batch_size": 32,
  "dropout_rate": 0.20562611331773553,
  "ff_dim": 512,
  "l2_reg": 0.00027834334225602605,
  "learning_rate": 1.3301275809723585e-06,
  "lookback": 30,
  "num_heads": 2,
  "num_layers": 1,
  "sequence_length": 30
}