{
  "batch_size": 64,
  "dropout_rate": 0.35203813308663223,
  "ff_dim": 256,
  "l2_reg": 0.00018889803364758074,
  "learning_rate": 1.4052812642900587e-05,
  "lookback": 30,
  "num_heads": 2,
  "num_layers": 2,
  "sequence_length": 30
}