{
  "batch_size": 32,
  "dropout_rate": 0.1588526567562783,
  "ff_dim": 512,
  "l2_reg": 0.00030296565112285955,
  "learning_rate": 6.035274673235592e-06,
  "lookback": 30,
  "num_heads": 2,
  "num_layers": 1,
  "sequence_length": 30
}