{
  "batch_size": 32,
  "dropout_rate": 0.26160972211256917,
  "ff_dim": 128,
  "l2_reg": 4.354460233530144e-05,
  "learning_rate": 1.5723864323900332e-05,
  "lookback": 30,
  "num_heads": 4,
  "num_layers": 3,
  "sequence_length": 30
}