{
  "batch_size": 128,
  "buffer_size": 50000,
  "ent_coef": 0.005436809778872898,
  "gamma": 0.9971570226381333,
  "learning_rate": 1.1474851788990359e-05,
  "tau": 0.038582154967826666
}