{
  "batch_size": 32,
  "dropout_rate": 0.19821552996227598,
  "ff_dim": 512,
  "l2_reg": 0.00025901377767602026,
  "learning_rate": 1.0651537326707888e-06,
  "lookback": 30,
  "num_heads": 2,
  "num_layers": 1,
  "sequence_length": 30
}