{
  "batch_size": 128,
  "dropout_rate": 0.12036379010918759,
  "ff_dim": 256,
  "l2_reg": 0.0003453499901326669,
  "learning_rate": 0.00030257796047522865,
  "lookback": 30,
  "num_heads": 2,
  "num_layers": 3,
  "sequence_length": 30
}