{
  "batch_size": 64,
  "dropout_rate": 0.4796533495358895,
  "ff_dim": 128,
  "l2_reg": 1.646482136046926e-05,
  "learning_rate": 6.6993961547779345e-06,
  "lookback": 30,
  "num_heads": 2,
  "num_layers": 2,
  "sequence_length": 30
}