{
  "batch_size": 16,
  "dropout_rate": 0.43728418274702374,
  "ff_dim": 128,
  "l2_reg": 0.0004332738970923873,
  "learning_rate": 0.0006889530670515458,
  "num_heads": 2,
  "num_layers": 3
}