{
  "batch_size": 64,
  "dropout_rate": 0.38986355587412747,
  "ff_dim": 256,
  "l2_reg": 0.00012946907803608446,
  "learning_rate": 8.440480547236208e-06,
  "lookback": 30,
  "num_heads": 2,
  "num_layers": 2,
  "sequence_length": 30
}