{
  "batch_size": 512,
  "buffer_size": 10000,
  "ent_coef": 0.05518741038824361,
  "gamma": 0.9206232237437991,
  "learning_rate": 0.00010155358589017903,
  "tau": 0.07931266111287139
}