{
  "batch_size": 32,
  "dropout_rate": 0.22679930252780067,
  "ff_dim": 128,
  "l2_reg": 1.504108044613356e-05,
  "learning_rate": 1.1565901827022231e-05,
  "lookback": 60,
  "num_heads": 4,
  "num_layers": 3,
  "sequence_length": 90
}