{
  "batch_size": 256,
  "buffer_size": 50000,
  "ent_coef": 0.05007373496549047,
  "gamma": 0.9511338470269904,
  "learning_rate": 0.00016665605369814963,
  "tau": 0.07569408254653931
}