{
  "batch_size": 32,
  "dropout_rate": 0.2012903290701445,
  "ff_dim": 512,
  "l2_reg": 0.00025432398229274875,
  "learning_rate": 1.1756121779429144e-06,
  "lookback": 30,
  "num_heads": 2,
  "num_layers": 1,
  "sequence_length": 30
}