{
  "batch_size": 32,
  "dropout_rate": 0.30345101067561103,
  "ff_dim": 512,
  "l2_reg": 0.00011065376561330054,
  "learning_rate": 3.942366091917393e-06,
  "num_heads": 8,
  "num_layers": 2
}