{
  "batch_size": 64,
  "dropout_rate": 0.4950817080164356,
  "ff_dim": 256,
  "l2_reg": 0.00046397357542012595,
  "learning_rate": 1.6459950151239852e-05,
  "lookback": 30,
  "num_heads": 2,
  "num_layers": 2,
  "sequence_length": 30
}