{
  "batch_size": 32,
  "dropout_rate": 0.20025184404095164,
  "ff_dim": 512,
  "l2_reg": 0.0002621730295452179,
  "learning_rate": 1.2064800537183343e-06,
  "lookback": 30,
  "num_heads": 2,
  "num_layers": 1,
  "sequence_length": 30
}