{
  "batch_size": 16,
  "dropout_rate": 0.4833327306477775,
  "ff_dim": 128,
  "l2_reg": 3.797956950745126e-05,
  "learning_rate": 0.0001441301022318156,
  "num_heads": 4,
  "num_layers": 2
}