{
  "observation_covariance": 0.4984434966871306,
  "transition_covariance": 0.08645402196737553
}