{
  "batch_size": 32,
  "dropout_rate": 0.1910323303133667,
  "ff_dim": 512,
  "l2_reg": 0.0002572816527233791,
  "learning_rate": 1.0059578486433503e-06,
  "lookback": 30,
  "num_heads": 2,
  "num_layers": 1,
  "sequence_length": 30
}