{
  "batch_size": 32,
  "dropout_rate": 0.20267722796146248,
  "ff_dim": 512,
  "l2_reg": 0.0002933473502269421,
  "learning_rate": 1.3965951721844249e-06,
  "lookback": 30,
  "num_heads": 2,
  "num_layers": 1,
  "sequence_length": 30
}