{
  "batch_size": 32,
  "dropout_rate": 0.4401311364429541,
  "ff_dim": 128,
  "l2_reg": 0.0003488346571065053,
  "learning_rate": 1.194824660580908e-05,
  "num_heads": 4,
  "num_layers": 3
}