{
  "batch_size": 32,
  "dropout_rate": 0.10235809625092931,
  "ff_dim": 512,
  "l2_reg": 1.4023780689603663e-05,
  "learning_rate": 0.0005607819041088847,
  "num_heads": 4,
  "num_layers": 3
}