{
  "batch_size": 16,
  "dropout_rate": 0.44722380059886624,
  "ff_dim": 512,
  "l2_reg": 0.0005889481497059278,
  "learning_rate": 0.0004913137138425125,
  "num_heads": 2,
  "num_layers": 2
}