{
  "batch_size": 64,
  "dropout_rate": 0.3635316356871656,
  "ff_dim": 256,
  "l2_reg": 0.0001391837992001074,
  "learning_rate": 1.4918220005291354e-05,
  "lookback": 30,
  "num_heads": 2,
  "num_layers": 2,
  "sequence_length": 30
}