{
  "batch_size": 64,
  "dropout_rate": 0.26848879993168706,
  "ff_dim": 512,
  "l2_reg": 0.0005627725944847452,
  "learning_rate": 1.798121324463544e-06,
  "num_heads": 4,
  "num_layers": 4
}