{
  "batch_size": 32,
  "dropout_rate": 0.23317320747765202,
  "ff_dim": 128,
  "l2_reg": 2.110574550925402e-06,
  "learning_rate": 4.760267671159506e-05,
  "num_heads": 8,
  "num_layers": 3
}