{
  "batch_size": 64,
  "dropout_rate": 0.1031324565502298,
  "ff_dim": 512,
  "l2_reg": 4.9033324722418535e-06,
  "learning_rate": 0.00019374389653301842,
  "lookback": 30,
  "num_heads": 4,
  "num_layers": 3,
  "sequence_length": 30
}