{
  "batch_size": 64,
  "dropout_rate": 0.49501959254885747,
  "ff_dim": 256,
  "l2_reg": 0.0002698893012134415,
  "learning_rate": 1.3425953433306765e-05,
  "lookback": 30,
  "num_heads": 2,
  "num_layers": 2,
  "sequence_length": 30
}