{
  "batch_size": 32,
  "dropout_rate": 0.19639660540355072,
  "ff_dim": 512,
  "l2_reg": 0.0002838856051702524,
  "learning_rate": 1.3591872413338648e-06,
  "lookback": 30,
  "num_heads": 2,
  "num_layers": 1,
  "sequence_length": 30
}