{
  "batch_size": 64,
  "dropout_rate": 0.2536700685903662,
  "ff_dim": 128,
  "l2_reg": 0.0002742973832972649,
  "learning_rate": 0.00018093835309187798,
  "num_heads": 2,
  "num_layers": 4
}