{
  "batch_size": 64,
  "dropout_rate": 0.35979463031491676,
  "ff_dim": 256,
  "l2_reg": 0.0002492481234335997,
  "learning_rate": 1.0600172359773438e-05,
  "lookback": 30,
  "num_heads": 2,
  "num_layers": 2,
  "sequence_length": 30
}