{
  "batch_size": 64,
  "dropout_rate": 0.40820524055883456,
  "ff_dim": 256,
  "l2_reg": 0.00022409433293456345,
  "learning_rate": 2.8223252881400445e-06,
  "num_heads": 2,
  "num_layers": 2
}