{
  "observation_covariance": 0.13781614827665076,
  "transition_covariance": 0.04627805390404658
}
