{
  "batch_size": 32,
  "dropout_rate": 0.18364467993492123,
  "ff_dim": 512,
  "l2_reg": 0.00040992086824220435,
  "learning_rate": 4.701241705900041e-06,
  "lookback": 30,
  "num_heads": 2,
  "num_layers": 1,
  "sequence_length": 30
}