{
  "batch_size": 16,
  "dropout_rate": 0.234908102818761,
  "ff_dim": 512,
  "l2_reg": 2.0410568435795887e-06,
  "learning_rate": 9.385036195917468e-06,
  "lookback": 90,
  "num_heads": 2,
  "num_layers": 3,
  "sequence_length": 90
}