{
  "observation_covariance": 0.031261032124197966,
  "transition_covariance": 0.002716594446246597
}