{
  "batch_size": 32,
  "dropout_rate": 0.4349632714563494,
  "ff_dim": 512,
  "l2_reg": 0.007958947132161734,
  "learning_rate": 9.468047530675687e-05,
  "num_heads": 2,
  "num_layers": 4
}