{
  "batch_size": 32,
  "dropout_rate": 0.17582307735363256,
  "ff_dim": 128,
  "l2_reg": 0.0002519439685104224,
  "learning_rate": 6.927819512990997e-05,
  "lookback": 30,
  "num_heads": 4,
  "num_layers": 3,
  "sequence_length": 30
}