{
  "batch_size": 64,
  "buffer_size": 100000,
  "ent_coef": 0.018315380023343854,
  "gamma": 0.9414372862411454,
  "learning_rate": 3.0516377514590715e-05,
  "tau": 0.0684374503700456
}