{
  "batch_size": 64,
  "buffer_size": 10000,
  "ent_coef": 0.04526969151719846,
  "gamma": 0.9249679026513957,
  "learning_rate": 9.032247968496192e-05,
  "tau": 0.07133613876119775
}