{
  "batch_size": 16,
  "dropout_rate": 0.42111103298557173,
  "ff_dim": 512,
  "l2_reg": 0.0003631856435554366,
  "learning_rate": 3.252334013190564e-05,
  "num_heads": 8,
  "num_layers": 4
}