{
  "batch_size": 64,
  "dropout_rate": 0.4041764174441055,
  "ff_dim": 256,
  "l2_reg": 0.000791323902444912,
  "learning_rate": 2.328793381194697e-06,
  "lookback": 30,
  "num_heads": 2,
  "num_layers": 2,
  "sequence_length": 30
}