{
  "batch_size": 512,
  "buffer_size": 10000,
  "ent_coef": 0.007039764038123287,
  "gamma": 0.9429081030029415,
  "learning_rate": 0.0004926271553522827,
  "tau": 0.06914617562943576
}