{
  "batch_size": 16,
  "dropout_rate": 0.12613473945393094,
  "ff_dim": 512,
  "l2_reg": 0.00041638521167994296,
  "learning_rate": 4.777205219752154e-05,
  "num_heads": 4,
  "num_layers": 2
}