{
  "batch_size": 128,
  "buffer_size": 50000,
  "ent_coef": 0.011880061214859045,
  "gamma": 0.9868854065027219,
  "learning_rate": 0.00016242100136483156,
  "tau": 0.07762070626711559
}