{
  "batch_size": 32,
  "dropout_rate": 0.10266197526423221,
  "ff_dim": 512,
  "l2_reg": 0.00024714532437722787,
  "learning_rate": 2.0672258010572613e-06,
  "lookback": 30,
  "num_heads": 2,
  "num_layers": 4,
  "sequence_length": 30
}