{
  "batch_size": 16,
  "dropout_rate": 0.13177607674112793,
  "ff_dim": 128,
  "l2_reg": 0.0005174409527571285,
  "learning_rate": 6.171016912011272e-05,
  "num_heads": 2,
  "num_layers": 4
}