{
  "batch_size": 64,
  "dropout_rate": 0.18988850141947433,
  "ff_dim": 128,
  "l2_reg": 0.00028531851195214827,
  "learning_rate": 0.0003219805539300153,
  "lookback": 90,
  "num_heads": 8,
  "num_layers": 1,
  "sequence_length": 30
}