{
  "batch_size": 128,
  "dropout_rate": 0.2310308634270305,
  "ff_dim": 512,
  "l2_reg": 3.022577838841376e-05,
  "learning_rate": 0.0009377418552468078,
  "lookback": 30,
  "num_heads": 2,
  "num_layers": 1,
  "sequence_length": 30
}