{
  "observation_covariance": 0.11260667264523759,
  "transition_covariance": 0.004637657224242524
}
