{
  "batch_size": 32,
  "dropout_rate": 0.34833671039328384,
  "ff_dim": 512,
  "l2_reg": 2.358766788588488e-06,
  "learning_rate": 3.239973263553313e-06,
  "num_heads": 8,
  "num_layers": 4
}