{
  "batch_size": 32,
  "dropout_rate": 0.1950112478140666,
  "ff_dim": 512,
  "l2_reg": 0.00022273689828762483,
  "learning_rate": 1.3952243334677524e-06,
  "lookback": 30,
  "num_heads": 2,
  "num_layers": 1,
  "sequence_length": 30
}