{
  "observation_covariance": 0.533918429808955,
  "transition_covariance": 0.002030768573051811
}