{
  "batch_size": 32,
  "dropout_rate": 0.30222443230536067,
  "ff_dim": 128,
  "l2_reg": 4.569572859499746e-06,
  "learning_rate": 7.492666754675543e-05,
  "num_heads": 8,
  "num_layers": 2
}