{
  "batch_size": 32,
  "dropout_rate": 0.10401170509965862,
  "ff_dim": 512,
  "l2_reg": 0.0009132077598107398,
  "learning_rate": 1.0542363192212017e-06,
  "lookback": 30,
  "num_heads": 2,
  "num_layers": 1,
  "sequence_length": 30
}