{
  "batch_size": 32,
  "dropout_rate": 0.172549041364294,
  "ff_dim": 128,
  "l2_reg": 1.3610339290062176e-06,
  "learning_rate": 3.554684928034675e-06,
  "num_heads": 8,
  "num_layers": 4
}