{
  "batch_size": 16,
  "dropout_rate": 0.4675486507265818,
  "ff_dim": 512,
  "l2_reg": 2.633085270990683e-05,
  "learning_rate": 1.8555833327487345e-06,
  "num_heads": 2,
  "num_layers": 3
}