{
  "batch_size": 64,
  "buffer_size": 10000,
  "ent_coef": 0.007516416317836342,
  "gamma": 0.9040329960652551,
  "learning_rate": 2.8094040344311336e-05,
  "tau": 0.06534893454706386
}