{
  "batch_size": 64,
  "dropout_rate": 0.4450716972550696,
  "ff_dim": 256,
  "l2_reg": 0.0007922731578668906,
  "learning_rate": 1.2218166688215328e-05,
  "lookback": 30,
  "num_heads": 2,
  "num_layers": 2,
  "sequence_length": 30
}