{
  "batch_size": 32,
  "dropout_rate": 0.19973735901573925,
  "ff_dim": 128,
  "l2_reg": 0.0006797833711285685,
  "learning_rate": 4.6928046978776347e-05,
  "num_heads": 2,
  "num_layers": 4
}