{
  "batch_size": 32,
  "dropout_rate": 0.18147287188761865,
  "ff_dim": 512,
  "l2_reg": 0.00035984801582909445,
  "learning_rate": 6.827989302423745e-06,
  "lookback": 30,
  "num_heads": 2,
  "num_layers": 1,
  "sequence_length": 30
}