{
  "batch_size": 64,
  "dropout_rate": 0.4192726572285864,
  "ff_dim": 256,
  "l2_reg": 0.00011565294614665765,
  "learning_rate": 3.1664024009225803e-06,
  "lookback": 30,
  "num_heads": 2,
  "num_layers": 2,
  "sequence_length": 30
}