{
  "observation_covariance": 0.02562986390376509,
  "transition_covariance": 0.0012386968848471386
}