{
  "batch_size": 32,
  "dropout_rate": 0.1943279895156543,
  "ff_dim": 512,
  "l2_reg": 0.00020985001062548354,
  "learning_rate": 1.538625004899644e-06,
  "lookback": 30,
  "num_heads": 2,
  "num_layers": 1,
  "sequence_length": 30
}