{
  "batch_size": 64,
  "dropout_rate": 0.33222916509236977,
  "ff_dim": 256,
  "l2_reg": 0.000713263917383439,
  "learning_rate": 6.168333472160326e-06,
  "num_heads": 4,
  "num_layers": 2
}