{
  "batch_size": 16,
  "dropout_rate": 0.2964045772815097,
  "ff_dim": 512,
  "l2_reg": 0.0005272595679447973,
  "learning_rate": 2.804798839472237e-05,
  "num_heads": 4,
  "num_layers": 2
}