{
  "batch_size": 128,
  "dropout_rate": 0.48931659784700543,
  "ff_dim": 256,
  "l2_reg": 9.275520310034137e-05,
  "learning_rate": 4.030818597817461e-05,
  "lookback": 30,
  "num_heads": 2,
  "num_layers": 2,
  "sequence_length": 30
}