{
  "batch_size": 64,
  "buffer_size": 50000,
  "ent_coef": 0.030750699641485857,
  "gamma": 0.9030689170114764,
  "learning_rate": 0.00015498635682104997,
  "tau": 0.05791735248165885
}