{
  "batch_size": 32,
  "dropout_rate": 0.4594654698678423,
  "ff_dim": 128,
  "l2_reg": 3.6457781644720005e-06,
  "learning_rate": 1.2020835812422065e-06,
  "num_heads": 8,
  "num_layers": 4
}