{
  "batch_size": 16,
  "dropout_rate": 0.12903247022823977,
  "epochs": 50,
  "ff_dim": 512,
  "l2_reg": 1.1956734997596684e-05,
  "learning_rate": 3.009520528274023e-06,
  "num_heads": 4,
  "num_layers": 2
}