{
  "batch_size": 32,
  "dropout_rate": 0.3809306800014166,
  "ff_dim": 128,
  "l2_reg": 0.00012990420520774473,
  "learning_rate": 1.619432945167652e-05,
  "num_heads": 8,
  "num_layers": 3
}