{
  "batch_size": 64,
  "dropout_rate": 0.31575798211114214,
  "ff_dim": 512,
  "l2_reg": 0.00038384391676845594,
  "learning_rate": 1.1150863716146265e-06,
  "num_heads": 2,
  "num_layers": 3
}