{
  "batch_size": 32,
  "dropout_rate": 0.4100574058053419,
  "ff_dim": 512,
  "l2_reg": 0.0004865300088679365,
  "learning_rate": 2.8500898048499966e-05,
  "lookback": 30,
  "num_heads": 4,
  "num_layers": 2,
  "sequence_length": 30
}