{
  "observation_covariance": 0.12012392833051079,
  "transition_covariance": 0.001509656298905424
}