{
  "observation_covariance": 0.6560338854851421,
  "transition_covariance": 0.0015066109785047447
}