{
  "batch_size": 64,
  "dropout_rate": 0.4306160782273347,
  "ff_dim": 128,
  "l2_reg": 2.2424159151291363e-05,
  "learning_rate": 4.8275752958787294e-05,
  "num_heads": 4,
  "num_layers": 2
}