{
  "observation_covariance": 0.41945899052455615,
  "transition_covariance": 0.026696527611355776
}