{
  "batch_size": 16,
  "dropout_rate": 0.11451856046322897,
  "epochs": 50,
  "ff_dim": 256,
  "l2_reg": 0.0007695259699729352,
  "learning_rate": 4.4283199830716376e-05,
  "num_heads": 8,
  "num_layers": 2
}