{
  "batch_size": 16,
  "dropout_rate": 0.2823636845012934,
  "ff_dim": 256,
  "l2_reg": 0.0006296533914403368,
  "learning_rate": 7.724093380824933e-05,
  "lookback": 30,
  "num_heads": 2,
  "num_layers": 2,
  "sequence_length": 30
}