{
  "batch_size": 32,
  "dropout_rate": 0.30274016933137704,
  "ff_dim": 256,
  "l2_reg": 2.6609553140730114e-05,
  "learning_rate": 0.00024195719383003484,
  "num_heads": 2,
  "num_layers": 4
}