{
  "batch_size": 64,
  "dropout_rate": 0.27232968226814047,
  "ff_dim": 512,
  "l2_reg": 1.168110097499276e-05,
  "learning_rate": 1.7318773627050818e-06,
  "num_heads": 8,
  "num_layers": 4
}