{
  "batch_size": 64,
  "dropout_rate": 0.448240437480555,
  "ff_dim": 256,
  "l2_reg": 1.9534907107461e-05,
  "learning_rate": 2.4240413474096727e-06,
  "num_heads": 8,
  "num_layers": 3
}