{
  "batch_size": 64,
  "dropout_rate": 0.4616473715924231,
  "ff_dim": 512,
  "l2_reg": 0.00026928316013442275,
  "learning_rate": 5.999567299086485e-05,
  "num_heads": 4,
  "num_layers": 2
}