{
  "batch_size": 32,
  "dropout_rate": 0.19232851750656663,
  "ff_dim": 512,
  "l2_reg": 0.00021867095457839828,
  "learning_rate": 1.2505482872822723e-06,
  "lookback": 30,
  "num_heads": 2,
  "num_layers": 1,
  "sequence_length": 30
}