{
  "batch_size": 64,
  "dropout_rate": 0.3133233141624747,
  "ff_dim": 256,
  "l2_reg": 3.745566532169981e-05,
  "learning_rate": 0.00035075713600584525,
  "num_heads": 8,
  "num_layers": 2
}