{
  "batch_size": 32,
  "dropout_rate": 0.3287942318490584,
  "ff_dim": 256,
  "l2_reg": 0.0005995434823137474,
  "learning_rate": 4.7183069586277914e-05,
  "num_heads": 4,
  "num_layers": 3
}