{
  "batch_size": 16,
  "dropout_rate": 0.490474115307606,
  "ff_dim": 256,
  "l2_reg": 5.791648189532847e-05,
  "learning_rate": 2.4759486464460522e-05,
  "num_heads": 4,
  "num_layers": 3
}