{
  "batch_size": 64,
  "dropout_rate": 0.3340566332774656,
  "ff_dim": 256,
  "l2_reg": 7.297602122881387e-05,
  "learning_rate": 2.204612490231782e-06,
  "lookback": 30,
  "num_heads": 8,
  "num_layers": 2,
  "sequence_length": 30
}