{
  "batch_size": 32,
  "dropout_rate": 0.154965090928188,
  "ff_dim": 512,
  "l2_reg": 0.00035422063794200297,
  "learning_rate": 1.2486800269970173e-06,
  "lookback": 30,
  "num_heads": 2,
  "num_layers": 1,
  "sequence_length": 30
}