{
  "batch_size": 128,
  "dropout_rate": 0.4068487483602424,
  "ff_dim": 256,
  "l2_reg": 2.1373728228013953e-05,
  "learning_rate": 6.526431836179227e-06,
  "lookback": 30,
  "num_heads": 2,
  "num_layers": 2,
  "sequence_length": 30
}