{
  "observation_covariance": 0.5509123595478906,
  "transition_covariance": 0.0012336846024652566
}