{
  "batch_size": 64,
  "dropout_rate": 0.1900570184732153,
  "ff_dim": 256,
  "l2_reg": 0.00022882846801851978,
  "learning_rate": 1.37267034294549e-05,
  "num_heads": 2,
  "num_layers": 3
}