{
  "batch_size": 64,
  "dropout_rate": 0.3849728120753928,
  "ff_dim": 128,
  "l2_reg": 0.0027631626389769143,
  "learning_rate": 2.09732649285896e-05,
  "num_heads": 8,
  "num_layers": 4
}