{
  "batch_size": 32,
  "dropout_rate": 0.3887360091503177,
  "ff_dim": 128,
  "l2_reg": 4.0089930933098094e-05,
  "learning_rate": 4.3675181217123396e-06,
  "num_heads": 8,
  "num_layers": 4
}