{
  "batch_size": 32,
  "dropout_rate": 0.19926775198159438,
  "ff_dim": 512,
  "l2_reg": 0.0002960953179017383,
  "learning_rate": 1.5840599530903406e-06,
  "lookback": 30,
  "num_heads": 2,
  "num_layers": 1,
  "sequence_length": 30
}