{
  "batch_size": 32,
  "dropout_rate": 0.14134488818269225,
  "ff_dim": 512,
  "l2_reg": 0.00030233510301739305,
  "learning_rate": 2.450015144270778e-05,
  "lookback": 30,
  "num_heads": 2,
  "num_layers": 3,
  "sequence_length": 30
}