{
  "observation_covariance": 0.09115977495655744,
  "transition_covariance": 0.01145931296268201
}
