{
  "batch_size": 64,
  "dropout_rate": 0.1654804539818845,
  "ff_dim": 128,
  "l2_reg": 0.0002025760786234592,
  "learning_rate": 3.949044258040326e-05,
  "num_heads": 8,
  "num_layers": 4
}