{
  "batch_size": 64,
  "dropout_rate": 0.3988824105772234,
  "ff_dim": 256,
  "l2_reg": 0.0002572093068740329,
  "learning_rate": 8.85874183314836e-06,
  "lookback": 30,
  "num_heads": 2,
  "num_layers": 2,
  "sequence_length": 30
}