{
  "batch_size": 32,
  "dropout_rate": 0.12495621474372352,
  "ff_dim": 512,
  "l2_reg": 0.00018812724029461373,
  "learning_rate": 4.510828908860407e-06,
  "lookback": 30,
  "num_heads": 2,
  "num_layers": 1,
  "sequence_length": 30
}