{
  "batch_size": 64,
  "dropout_rate": 0.1419694600878068,
  "ff_dim": 128,
  "l2_reg": 3.0566386426131115e-06,
  "learning_rate": 4.900093681287785e-05,
  "num_heads": 4,
  "num_layers": 3
}