{
  "batch_size": 32,
  "dropout_rate": 0.2944919757083976,
  "ff_dim": 512,
  "l2_reg": 5.5041334384701654e-05,
  "learning_rate": 3.263475729716514e-05,
  "num_heads": 4,
  "num_layers": 2
}