{
  "batch_size": 64,
  "dropout_rate": 0.10277167628077684,
  "ff_dim": 512,
  "l2_reg": 1.309308229102662e-06,
  "learning_rate": 0.0003493043849604815,
  "num_heads": 2,
  "num_layers": 4
}