{
  "batch_size": 32,
  "dropout_rate": 0.16676689222622024,
  "ff_dim": 512,
  "l2_reg": 0.00027015145536404074,
  "learning_rate": 1.23233390878495e-06,
  "lookback": 30,
  "num_heads": 2,
  "num_layers": 1,
  "sequence_length": 30
}