{
  "batch_size": 32,
  "dropout_rate": 0.4173341885077916,
  "ff_dim": 128,
  "l2_reg": 1.1990523875066659e-05,
  "learning_rate": 4.341905513542773e-06,
  "lookback": 60,
  "num_heads": 8,
  "num_layers": 3,
  "sequence_length": 60
}