{
  "batch_size": 64,
  "dropout_rate": 0.3672007350990899,
  "ff_dim": 256,
  "l2_reg": 1.3407196904719764e-05,
  "learning_rate": 6.14139718430338e-06,
  "num_heads": 8,
  "num_layers": 3
}