{
  "batch_size": 32,
  "dropout_rate": 0.20169821815644112,
  "ff_dim": 512,
  "l2_reg": 0.00023199818052302459,
  "learning_rate": 1.7664088287230398e-06,
  "lookback": 30,
  "num_heads": 2,
  "num_layers": 1,
  "sequence_length": 30
}