{
  "batch_size": 64,
  "dropout_rate": 0.10146383444107086,
  "ff_dim": 128,
  "l2_reg": 2.768401477977774e-06,
  "learning_rate": 0.00026971496070294704,
  "num_heads": 2,
  "num_layers": 4
}