{
  "batch_size": 32,
  "dropout_rate": 0.2033520793451658,
  "ff_dim": 512,
  "l2_reg": 0.0002980176294801257,
  "learning_rate": 1.1426114017332284e-06,
  "lookback": 30,
  "num_heads": 2,
  "num_layers": 1,
  "sequence_length": 30
}