{
  "batch_size": 32,
  "dropout_rate": 0.45846494514198277,
  "ff_dim": 256,
  "l2_reg": 0.00029067414957358826,
  "learning_rate": 1.0662065728664973e-06,
  "lookback": 30,
  "num_heads": 4,
  "num_layers": 2,
  "sequence_length": 30
}