{
  "batch_size": 32,
  "dropout_rate": 0.20571037932572073,
  "ff_dim": 512,
  "l2_reg": 0.00021167151865320014,
  "learning_rate": 1.5912452396940806e-06,
  "lookback": 30,
  "num_heads": 2,
  "num_layers": 1,
  "sequence_length": 30
}