{
  "batch_size": 32,
  "dropout_rate": 0.20065702098051644,
  "ff_dim": 128,
  "l2_reg": 1.451471085544985e-05,
  "learning_rate": 4.966436491531266e-06,
  "num_heads": 4,
  "num_layers": 3
}