{
  "batch_size": 32,
  "dropout_rate": 0.48018300652449253,
  "ff_dim": 256,
  "l2_reg": 1.9439682289123687e-06,
  "learning_rate": 4.564887399553381e-05,
  "num_heads": 4,
  "num_layers": 3
}