{
  "observation_covariance": 0.5702698116250549,
  "transition_covariance": 0.0014271347082701197
}
