{
  "batch_size": 64,
  "dropout_rate": 0.43897509752691544,
  "ff_dim": 256,
  "l2_reg": 0.00017717621563286839,
  "learning_rate": 1.2988507859015843e-05,
  "lookback": 30,
  "num_heads": 2,
  "num_layers": 2,
  "sequence_length": 30
}