{
  "batch_size": 16,
  "dropout_rate": 0.2580838056427841,
  "ff_dim": 512,
  "l2_reg": 2.1010125688433303e-06,
  "learning_rate": 1.0309185898577089e-06,
  "num_heads": 2,
  "num_layers": 3
}