{
  "batch_size": 64,
  "dropout_rate": 0.1102042030068689,
  "ff_dim": 256,
  "l2_reg": 0.0008065084669131341,
  "learning_rate": 0.0003461445903750071,
  "num_heads": 2,
  "num_layers": 4
}