{
  "batch_size": 16,
  "dropout_rate": 0.18982438182646488,
  "ff_dim": 128,
  "l2_reg": 2.048995142004465e-05,
  "learning_rate": 0.00022220178874632622,
  "num_heads": 2,
  "num_layers": 4
}