{
  "batch_size": 16,
  "dropout_rate": 0.3487810576270304,
  "ff_dim": 128,
  "l2_reg": 0.0002802926012395199,
  "learning_rate": 3.572489988930247e-06,
  "num_heads": 4,
  "num_layers": 3
}