{
  "batch_size": 16,
  "dropout_rate": 0.21064926481718338,
  "ff_dim": 256,
  "l2_reg": 0.000941716258477758,
  "learning_rate": 0.00024928139032130616,
  "num_heads": 8,
  "num_layers": 3
}