{
  "batch_size": 64,
  "buffer_size": 50000,
  "ent_coef": 0.0064457045807351536,
  "gamma": 0.9955317566842028,
  "learning_rate": 0.00019694243941543497,
  "tau": 0.09266576435784385
}