{
  "batch_size": 32,
  "dropout_rate": 0.10016117366065914,
  "ff_dim": 512,
  "l2_reg": 0.00026432821083517135,
  "learning_rate": 1.9271680251697284e-06,
  "lookback": 30,
  "num_heads": 2,
  "num_layers": 1,
  "sequence_length": 30
}