{
  "batch_size": 64,
  "dropout_rate": 0.19862697629036738,
  "ff_dim": 128,
  "l2_reg": 1.2036210973240872e-05,
  "learning_rate": 6.246599438437274e-05,
  "num_heads": 4,
  "num_layers": 2
}