{
  "batch_size": 32,
  "dropout_rate": 0.19870193900111643,
  "ff_dim": 512,
  "l2_reg": 0.0002976835420374825,
  "learning_rate": 1.0146885959424235e-06,
  "lookback": 30,
  "num_heads": 2,
  "num_layers": 1,
  "sequence_length": 30
}