{
  "batch_size": 16,
  "dropout_rate": 0.15719201654005338,
  "ff_dim": 256,
  "l2_reg": 1.2966585494958549e-06,
  "learning_rate": 2.4022843315324153e-05,
  "num_heads": 8,
  "num_layers": 2
}