{
  "batch_size": 256,
  "buffer_size": 50000,
  "ent_coef": 0.004961724306297727,
  "gamma": 0.9803950877496438,
  "learning_rate": 0.00035537305331159405,
  "tau": 0.01641597429557155
}