{
  "observation_covariance": 0.8840480952670116,
  "transition_covariance": 0.0018079603017862017
}
