{
  "batch_size": 32,
  "dropout_rate": 0.11535558080794756,
  "ff_dim": 512,
  "l2_reg": 0.0001585296856156468,
  "learning_rate": 5.271010986080968e-06,
  "lookback": 30,
  "num_heads": 2,
  "num_layers": 1,
  "sequence_length": 30
}