{
  "batch_size": 32,
  "dropout_rate": 0.20084250540956022,
  "ff_dim": 512,
  "l2_reg": 0.00022290783315406803,
  "learning_rate": 1.0014603695744541e-06,
  "lookback": 30,
  "num_heads": 2,
  "num_layers": 1,
  "sequence_length": 30
}