{
  "batch_size": 16,
  "dropout_rate": 0.2141593141898404,
  "ff_dim": 512,
  "l2_reg": 1.186572546281507e-05,
  "learning_rate": 3.178259825624399e-06,
  "num_heads": 4,
  "num_layers": 4
}