{
  "batch_size": 32,
  "dropout_rate": 0.19477965274227307,
  "ff_dim": 512,
  "l2_reg": 0.00027523125436267385,
  "learning_rate": 1.4804978769218134e-06,
  "lookback": 30,
  "num_heads": 2,
  "num_layers": 1,
  "sequence_length": 30
}