{
  "batch_size": 32,
  "dropout_rate": 0.20083068473810256,
  "ff_dim": 512,
  "l2_reg": 0.0002930433922242718,
  "learning_rate": 1.874174615289339e-06,
  "lookback": 30,
  "num_heads": 2,
  "num_layers": 1,
  "sequence_length": 30
}