{
  "batch_size": 32,
  "dropout_rate": 0.4693246603084351,
  "ff_dim": 128,
  "l2_reg": 0.0008468154923860156,
  "learning_rate": 0.0006884884537008663,
  "lookback": 30,
  "num_heads": 8,
  "num_layers": 1,
  "sequence_length": 30
}