{
  "batch_size": 64,
  "dropout_rate": 0.40354681053946656,
  "ff_dim": 256,
  "l2_reg": 0.0004858377585539142,
  "learning_rate": 1.6281947843995815e-05,
  "lookback": 30,
  "num_heads": 2,
  "num_layers": 2,
  "sequence_length": 30
}