{
  "batch_size": 32,
  "dropout_rate": 0.1945873225192269,
  "ff_dim": 512,
  "l2_reg": 0.0004774350874804688,
  "learning_rate": 2.3307491730472085e-06,
  "lookback": 30,
  "num_heads": 2,
  "num_layers": 1,
  "sequence_length": 30
}