{
  "batch_size": 32,
  "dropout_rate": 0.3449795113373595,
  "ff_dim": 256,
  "l2_reg": 1.2990373568201148e-06,
  "learning_rate": 1.4734341897094445e-05,
  "num_heads": 2,
  "num_layers": 4
}