{
  "batch_size": 64,
  "dropout_rate": 0.1663161565238227,
  "ff_dim": 512,
  "l2_reg": 7.438712827032251e-05,
  "learning_rate": 0.00047929340817517497,
  "num_heads": 4,
  "num_layers": 3
}