{
  "batch_size": 32,
  "dropout_rate": 0.15975856794238125,
  "ff_dim": 512,
  "l2_reg": 0.000316713712421182,
  "learning_rate": 1.264958376213969e-06,
  "lookback": 30,
  "num_heads": 2,
  "num_layers": 1,
  "sequence_length": 30
}