{
  "batch_size": 32,
  "dropout_rate": 0.23065781156204923,
  "ff_dim": 128,
  "l2_reg": 8.362630247855132e-05,
  "learning_rate": 0.00043592264656761937,
  "num_heads": 4,
  "num_layers": 4
}