{
  "batch_size": 32,
  "dropout_rate": 0.19824707045171883,
  "ff_dim": 512,
  "l2_reg": 0.00026051693638471805,
  "learning_rate": 1.95631256062524e-06,
  "lookback": 30,
  "num_heads": 2,
  "num_layers": 1,
  "sequence_length": 30
}