{
  "observation_covariance": 0.025816333180821337,
  "transition_covariance": 0.028055201527880366
}
