{
  "batch_size": 32,
  "dropout_rate": 0.3277829961207147,
  "ff_dim": 128,
  "l2_reg": 1.2866413297598514e-06,
  "learning_rate": 1.063852808424675e-05,
  "num_heads": 8,
  "num_layers": 2
}