{
  "batch_size": 64,
  "dropout_rate": 0.428743309111704,
  "ff_dim": 512,
  "l2_reg": 0.0007907051063476784,
  "learning_rate": 8.13424916429331e-05,
  "num_heads": 2,
  "num_layers": 3
}