{
  "batch_size": 64,
  "dropout_rate": 0.36378366564263825,
  "ff_dim": 256,
  "l2_reg": 0.0006292188642804727,
  "learning_rate": 1.0724220935034373e-05,
  "lookback": 30,
  "num_heads": 2,
  "num_layers": 2,
  "sequence_length": 30
}