{
  "batch_size": 32,
  "dropout_rate": 0.21408084866786484,
  "ff_dim": 512,
  "l2_reg": 3.4837767331907973e-06,
  "learning_rate": 6.439133145843571e-06,
  "num_heads": 2,
  "num_layers": 4
}