{
  "batch_size": 64,
  "buffer_size": 10000,
  "ent_coef": 0.0057115108302954725,
  "gamma": 0.9450799021656499,
  "learning_rate": 8.446889950404737e-05,
  "tau": 0.04110202331276535
}