{
  "batch_size": 32,
  "dropout_rate": 0.3571684244661155,
  "ff_dim": 256,
  "l2_reg": 0.003546327633780377,
  "learning_rate": 8.041450851554336e-05,
  "num_heads": 4,
  "num_layers": 4
}