{
  "batch_size": 32,
  "dropout_rate": 0.20958121106357652,
  "ff_dim": 512,
  "l2_reg": 0.00022754725653733175,
  "learning_rate": 1.7792983285188718e-06,
  "lookback": 30,
  "num_heads": 2,
  "num_layers": 1,
  "sequence_length": 30
}