{
  "batch_size": 64,
  "dropout_rate": 0.3737104254533654,
  "ff_dim": 256,
  "l2_reg": 0.00016406565562457554,
  "learning_rate": 1.1564317720691505e-05,
  "lookback": 30,
  "num_heads": 2,
  "num_layers": 2,
  "sequence_length": 30
}