{
  "batch_size": 128,
  "buffer_size": 50000,
  "ent_coef": 0.035561659626333335,
  "gamma": 0.9715427931589717,
  "learning_rate": 0.00026615569996752515,
  "tau": 0.07479947546878117
}