{
  "batch_size": 64,
  "dropout_rate": 0.443697147964257,
  "ff_dim": 256,
  "l2_reg": 0.0006116033240727099,
  "learning_rate": 1.2575450782826745e-05,
  "lookback": 30,
  "num_heads": 2,
  "num_layers": 2,
  "sequence_length": 30
}