{
  "batch_size": 16,
  "dropout_rate": 0.13058133862846832,
  "ff_dim": 512,
  "l2_reg": 9.354334353302513e-05,
  "learning_rate": 0.00042964044300195235,
  "num_heads": 4,
  "num_layers": 2
}