{
  "batch_size": 64,
  "dropout_rate": 0.4814219920110788,
  "ff_dim": 512,
  "l2_reg": 1.22395906577629e-06,
  "learning_rate": 8.022954988504839e-06,
  "num_heads": 2,
  "num_layers": 4
}