{
  "batch_size": 128,
  "dropout_rate": 0.4989881090805418,
  "ff_dim": 128,
  "l2_reg": 0.00018301177539364565,
  "learning_rate": 1.1462553621783409e-06,
  "lookback": 30,
  "num_heads": 2,
  "num_layers": 2,
  "sequence_length": 30
}