{
  "batch_size": 64,
  "dropout_rate": 0.25096050481650134,
  "ff_dim": 128,
  "l2_reg": 0.0026403434723173344,
  "learning_rate": 8.071087810224115e-05,
  "num_heads": 4,
  "num_layers": 2
}