{
  "batch_size": 32,
  "dropout_rate": 0.24609914821160195,
  "ff_dim": 256,
  "l2_reg": 0.00014169138633454836,
  "learning_rate": 0.00037974243954972856,
  "num_heads": 2,
  "num_layers": 3
}