{
  "batch_size": 32,
  "dropout_rate": 0.4252380976173256,
  "ff_dim": 128,
  "l2_reg": 0.00033872014030696855,
  "learning_rate": 9.034601090527966e-05,
  "lookback": 30,
  "num_heads": 2,
  "num_layers": 2,
  "sequence_length": 30
}