{
  "batch_size": 64,
  "dropout_rate": 0.4008329999695264,
  "ff_dim": 256,
  "l2_reg": 0.0007760403778409589,
  "learning_rate": 8.230285517187082e-05,
  "lookback": 30,
  "num_heads": 2,
  "num_layers": 2,
  "sequence_length": 30
}