{
  "batch_size": 64,
  "dropout_rate": 0.3788252378914792,
  "ff_dim": 256,
  "l2_reg": 0.0001243907864115707,
  "learning_rate": 1.075169121223363e-05,
  "lookback": 30,
  "num_heads": 2,
  "num_layers": 2,
  "sequence_length": 30
}