{
  "batch_size": 64,
  "dropout_rate": 0.1934764087518286,
  "ff_dim": 256,
  "l2_reg": 0.0011597132627819387,
  "learning_rate": 1.8350828938520475e-05,
  "num_heads": 4,
  "num_layers": 2
}