{
  "batch_size": 32,
  "dropout_rate": 0.4114360092295157,
  "ff_dim": 128,
  "l2_reg": 0.0004957039948062428,
  "learning_rate": 2.6643685743671862e-06,
  "lookback": 30,
  "num_heads": 2,
  "num_layers": 2,
  "sequence_length": 30
}