{
  "batch_size": 16,
  "dropout_rate": 0.39721641110427663,
  "ff_dim": 512,
  "l2_reg": 0.003937746157602268,
  "learning_rate": 1.484821585127769e-05,
  "num_heads": 2,
  "num_layers": 2
}