{
  "observation_covariance": 0.1356402370533609,
  "transition_covariance": 0.015335655470870872
}