{
  "batch_size": 32,
  "dropout_rate": 0.2032780310937641,
  "ff_dim": 512,
  "l2_reg": 0.00025167696641297915,
  "learning_rate": 1.7801200383369056e-06,
  "lookback": 30,
  "num_heads": 2,
  "num_layers": 1,
  "sequence_length": 30
}