{
  "observation_covariance": 0.3475900243250428,
  "transition_covariance": 0.008837625693321007
}
