{
  "batch_size": 64,
  "dropout_rate": 0.1579794348637934,
  "ff_dim": 128,
  "l2_reg": 4.0409119576787e-05,
  "learning_rate": 0.00026770653059322153,
  "lookback": 30,
  "num_heads": 4,
  "num_layers": 3,
  "sequence_length": 30
}