{
  "batch_size": 16,
  "dropout_rate": 0.2771680955254391,
  "ff_dim": 256,
  "l2_reg": 0.0006298004884210969,
  "learning_rate": 5.001690991781808e-05,
  "num_heads": 2,
  "num_layers": 2
}