{
  "batch_size": 64,
  "dropout_rate": 0.41821995165940895,
  "ff_dim": 256,
  "l2_reg": 1.3265454114010654e-05,
  "learning_rate": 0.0007024960177796424,
  "num_heads": 2,
  "num_layers": 4
}