{
  "batch_size": 32,
  "dropout_rate": 0.20534008130477377,
  "ff_dim": 512,
  "l2_reg": 0.0002823295179942016,
  "learning_rate": 1.735370890695897e-06,
  "lookback": 30,
  "num_heads": 2,
  "num_layers": 1,
  "sequence_length": 30
}