{
  "batch_size": 32,
  "dropout_rate": 0.19330355902314256,
  "ff_dim": 512,
  "l2_reg": 0.00026096025465415033,
  "learning_rate": 1.1664953692743646e-06,
  "lookback": 30,
  "num_heads": 2,
  "num_layers": 1,
  "sequence_length": 30
}