{
  "batch_size": 16,
  "dropout_rate": 0.33602299574053857,
  "ff_dim": 512,
  "l2_reg": 0.0004216530596378987,
  "learning_rate": 4.0915804657284824e-05,
  "num_heads": 4,
  "num_layers": 4
}