{
  "batch_size": 16,
  "dropout_rate": 0.24634814260827104,
  "ff_dim": 512,
  "l2_reg": 0.0009006763911936368,
  "learning_rate": 3.19950496779058e-05,
  "num_heads": 4,
  "num_layers": 4
}