{
  "batch_size": 32,
  "dropout_rate": 0.19619178244272328,
  "ff_dim": 512,
  "l2_reg": 0.00022401179385840884,
  "learning_rate": 1.404540599308149e-06,
  "lookback": 30,
  "num_heads": 2,
  "num_layers": 1,
  "sequence_length": 30
}