{
  "batch_size": 32,
  "dropout_rate": 0.44818933738396827,
  "ff_dim": 128,
  "l2_reg": 0.0010615110943636534,
  "learning_rate": 2.981735056679203e-05,
  "num_heads": 8,
  "num_layers": 3
}