{
  "batch_size": 32,
  "dropout_rate": 0.19466578378933955,
  "ff_dim": 512,
  "l2_reg": 0.00024052144359141647,
  "learning_rate": 1.1278261505412223e-06,
  "lookback": 30,
  "num_heads": 2,
  "num_layers": 1,
  "sequence_length": 30
}