{
  "batch_size": 64,
  "dropout_rate": 0.14297034872591033,
  "ff_dim": 128,
  "l2_reg": 1.2121459120346189e-05,
  "learning_rate": 1.373327253128845e-06,
  "lookback": 30,
  "num_heads": 8,
  "num_layers": 2,
  "sequence_length": 30
}