{
  "batch_size": 64,
  "dropout_rate": 0.40892690210712956,
  "ff_dim": 512,
  "l2_reg": 0.0007445252716036918,
  "learning_rate": 0.00017108832595150555,
  "num_heads": 2,
  "num_layers": 3
}