{
  "batch_size": 32,
  "dropout_rate": 0.4543630589835814,
  "ff_dim": 256,
  "l2_reg": 0.00020518293289668047,
  "learning_rate": 3.505432998971413e-05,
  "num_heads": 8,
  "num_layers": 3
}