{
  "batch_size": 32,
  "dropout_rate": 0.19230414478316743,
  "ff_dim": 512,
  "l2_reg": 0.0002473391770671698,
  "learning_rate": 1.2031391662357462e-06,
  "lookback": 30,
  "num_heads": 2,
  "num_layers": 1,
  "sequence_length": 30
}