{
  "batch_size": 64,
  "dropout_rate": 0.10218647305473488,
  "ff_dim": 256,
  "l2_reg": 6.783832620696671e-05,
  "learning_rate": 1.1085437714076439e-05,
  "num_heads": 4,
  "num_layers": 3
}