{
  "batch_size": 32,
  "dropout_rate": 0.19664897549974467,
  "ff_dim": 512,
  "l2_reg": 0.00020736619471034998,
  "learning_rate": 1.2371311875445504e-06,
  "lookback": 30,
  "num_heads": 2,
  "num_layers": 1,
  "sequence_length": 30
}