{
  "batch_size": 64,
  "dropout_rate": 0.4225937210411813,
  "ff_dim": 128,
  "l2_reg": 0.0009225009467649606,
  "learning_rate": 0.00017965349527744275,
  "num_heads": 8,
  "num_layers": 4
}