{
  "batch_size": 32,
  "dropout_rate": 0.20042649255762707,
  "ff_dim": 512,
  "l2_reg": 0.0002761348499297107,
  "learning_rate": 1.5158898623609557e-06,
  "lookback": 30,
  "num_heads": 2,
  "num_layers": 1,
  "sequence_length": 30
}