{
  "batch_size": 32,
  "dropout_rate": 0.2016963324936448,
  "ff_dim": 512,
  "l2_reg": 0.0002976647834966575,
  "learning_rate": 1.5250208075824527e-06,
  "lookback": 30,
  "num_heads": 2,
  "num_layers": 1,
  "sequence_length": 30
}