{
  "batch_size": 32,
  "dropout_rate": 0.4327859685185037,
  "ff_dim": 256,
  "l2_reg": 0.0004424304081015973,
  "learning_rate": 0.0006782133557758058,
  "num_heads": 8,
  "num_layers": 3
}