{
  "batch_size": 64,
  "dropout_rate": 0.4036323383682881,
  "ff_dim": 256,
  "l2_reg": 0.0007408430582432648,
  "learning_rate": 3.520715159619137e-06,
  "lookback": 30,
  "num_heads": 2,
  "num_layers": 2,
  "sequence_length": 30
}