{
  "batch_size": 64,
  "dropout_rate": 0.3747334590722656,
  "ff_dim": 256,
  "l2_reg": 0.0002159542093187015,
  "learning_rate": 1.0932611210907138e-05,
  "lookback": 30,
  "num_heads": 2,
  "num_layers": 2,
  "sequence_length": 30
}