{
  "observation_covariance": 0.030529772564150414,
  "transition_covariance": 0.07090979334706586
}
