{
  "batch_size": 32,
  "dropout_rate": 0.19164984813228153,
  "ff_dim": 512,
  "l2_reg": 0.00025024812469966266,
  "learning_rate": 1.3086816775967883e-06,
  "lookback": 30,
  "num_heads": 2,
  "num_layers": 1,
  "sequence_length": 30
}