{
  "batch_size": 32,
  "dropout_rate": 0.2096857020615301,
  "ff_dim": 512,
  "l2_reg": 0.00024002682513020983,
  "learning_rate": 1.6216037173687544e-06,
  "lookback": 30,
  "num_heads": 2,
  "num_layers": 1,
  "sequence_length": 30
}