{
  "batch_size": 32,
  "dropout_rate": 0.3916585424045873,
  "ff_dim": 256,
  "l2_reg": 3.492904128726963e-05,
  "learning_rate": 7.68618301718689e-06,
  "num_heads": 2,
  "num_layers": 3
}