{
  "batch_size": 32,
  "dropout_rate": 0.1911050765383454,
  "ff_dim": 512,
  "l2_reg": 0.00029447275101193786,
  "learning_rate": 1.5566104260958119e-06,
  "lookback": 30,
  "num_heads": 2,
  "num_layers": 1,
  "sequence_length": 30
}