{
  "batch_size": 32,
  "dropout_rate": 0.4328018815505551,
  "ff_dim": 256,
  "l2_reg": 3.236962887105914e-05,
  "learning_rate": 1.3212806108095644e-05,
  "lookback": 30,
  "num_heads": 2,
  "num_layers": 2,
  "sequence_length": 30
}