{
  "batch_size": 16,
  "dropout_rate": 0.20303557399296956,
  "ff_dim": 512,
  "l2_reg": 8.355308479422693e-05,
  "learning_rate": 3.270144319743095e-05,
  "num_heads": 4,
  "num_layers": 4
}