{
  "batch_size": 32,
  "dropout_rate": 0.18510244462407766,
  "ff_dim": 512,
  "l2_reg": 0.00021953313391733992,
  "learning_rate": 2.499931408023748e-06,
  "lookback": 30,
  "num_heads": 2,
  "num_layers": 1,
  "sequence_length": 30
}