{
  "batch_size": 16,
  "dropout_rate": 0.17187950106821384,
  "ff_dim": 512,
  "l2_reg": 0.008338144523763646,
  "learning_rate": 7.613047806810579e-05,
  "num_heads": 4,
  "num_layers": 4
}