{
  "batch_size": 32,
  "dropout_rate": 0.1982439278206061,
  "ff_dim": 512,
  "l2_reg": 0.00021259507917613507,
  "learning_rate": 1.088481751818235e-06,
  "lookback": 30,
  "num_heads": 2,
  "num_layers": 1,
  "sequence_length": 30
}