{
  "batch_size": 32,
  "dropout_rate": 0.1620354539630025,
  "ff_dim": 256,
  "l2_reg": 0.0008175359760802185,
  "learning_rate": 2.2346439583768185e-06,
  "num_heads": 2,
  "num_layers": 4
}