{
  "batch_size": 32,
  "dropout_rate": 0.1956425454393931,
  "ff_dim": 512,
  "l2_reg": 0.00025066791822248453,
  "learning_rate": 1.8140693699291912e-06,
  "lookback": 30,
  "num_heads": 2,
  "num_layers": 1,
  "sequence_length": 30
}