{
  "batch_size": 32,
  "dropout_rate": 0.19773322545117325,
  "ff_dim": 512,
  "l2_reg": 0.0002276829690372314,
  "learning_rate": 1.1281477830043763e-06,
  "lookback": 30,
  "num_heads": 2,
  "num_layers": 1,
  "sequence_length": 30
}