{
  "batch_size": 32,
  "dropout_rate": 0.1951947793999567,
  "ff_dim": 512,
  "l2_reg": 0.00022227552994364837,
  "learning_rate": 1.5603494721679046e-06,
  "lookback": 30,
  "num_heads": 2,
  "num_layers": 1,
  "sequence_length": 30
}