{
  "batch_size": 64,
  "dropout_rate": 0.2046405791805127,
  "ff_dim": 512,
  "l2_reg": 4.1237918562957914e-05,
  "learning_rate": 7.135079172335083e-05,
  "num_heads": 2,
  "num_layers": 4
}