{
  "observation_covariance": 0.3744902826015095,
  "transition_covariance": 0.00998986237850068
}