{
  "batch_size": 64,
  "dropout_rate": 0.40468025785761863,
  "ff_dim": 256,
  "l2_reg": 0.00012853072761617864,
  "learning_rate": 1.4042906301741097e-05,
  "lookback": 30,
  "num_heads": 2,
  "num_layers": 2,
  "sequence_length": 30
}