{
  "batch_size": 32,
  "dropout_rate": 0.2020188078787428,
  "ff_dim": 512,
  "l2_reg": 0.00028669904594260905,
  "learning_rate": 1.7143820398050847e-06,
  "lookback": 30,
  "num_heads": 2,
  "num_layers": 1,
  "sequence_length": 30
}