{
  "batch_size": 64,
  "dropout_rate": 0.39631015839230976,
  "ff_dim": 256,
  "l2_reg": 9.271499164258747e-05,
  "learning_rate": 1.853166828681497e-05,
  "num_heads": 4,
  "num_layers": 4
}