{
  "batch_size": 32,
  "dropout_rate": 0.12544132692408472,
  "ff_dim": 512,
  "l2_reg": 0.00018800845722423415,
  "learning_rate": 1.426459597476878e-06,
  "num_heads": 2,
  "num_layers": 4
}