{
  "batch_size": 32,
  "dropout_rate": 0.4455699903514524,
  "ff_dim": 512,
  "l2_reg": 2.6470356903619976e-06,
  "learning_rate": 3.450623343789359e-06,
  "num_heads": 2,
  "num_layers": 3
}