{
  "batch_size": 32,
  "dropout_rate": 0.20971557130945034,
  "ff_dim": 512,
  "l2_reg": 0.0002605379162335179,
  "learning_rate": 1.0947224336924406e-06,
  "lookback": 30,
  "num_heads": 2,
  "num_layers": 1,
  "sequence_length": 30
}