{
  "batch_size": 16,
  "dropout_rate": 0.17099652417934513,
  "ff_dim": 256,
  "l2_reg": 0.004151687369266926,
  "learning_rate": 0.0006525016831881224,
  "num_heads": 2,
  "num_layers": 4
}