{
  "batch_size": 32,
  "dropout_rate": 0.19924380272046976,
  "ff_dim": 512,
  "l2_reg": 0.00023565634285915404,
  "learning_rate": 1.1555015679853243e-06,
  "lookback": 30,
  "num_heads": 2,
  "num_layers": 1,
  "sequence_length": 30
}