{
  "batch_size": 32,
  "dropout_rate": 0.3428556498148104,
  "ff_dim": 256,
  "l2_reg": 2.747614189464392e-05,
  "learning_rate": 4.171568468321866e-06,
  "num_heads": 4,
  "num_layers": 4
}