{
  "batch_size": 32,
  "dropout_rate": 0.3502228855802104,
  "ff_dim": 512,
  "l2_reg": 1.2356177454490371e-06,
  "learning_rate": 0.00010008567607311833,
  "num_heads": 2,
  "num_layers": 2
}