{
  "batch_size": 64,
  "dropout_rate": 0.4250281194118988,
  "ff_dim": 128,
  "l2_reg": 8.71560195791052e-06,
  "learning_rate": 0.0002986911718946154,
  "num_heads": 4,
  "num_layers": 3
}