{
  "batch_size": 32,
  "dropout_rate": 0.43640460676158066,
  "ff_dim": 256,
  "l2_reg": 2.1273388273204862e-06,
  "learning_rate": 0.00041237797932025614,
  "num_heads": 2,
  "num_layers": 3
}