{
  "batch_size": 32,
  "dropout_rate": 0.19315130608860273,
  "ff_dim": 512,
  "l2_reg": 0.0007686793752194675,
  "learning_rate": 1.9362695525551675e-06,
  "lookback": 30,
  "num_heads": 2,
  "num_layers": 1,
  "sequence_length": 30
}