{
  "batch_size": 32,
  "dropout_rate": 0.3102775587095016,
  "ff_dim": 512,
  "l2_reg": 0.0009161488917770596,
  "learning_rate": 5.988599535082608e-05,
  "num_heads": 4,
  "num_layers": 4
}