{
  "batch_size": 32,
  "dropout_rate": 0.20450367786784335,
  "ff_dim": 512,
  "l2_reg": 0.00022745929510997864,
  "learning_rate": 1.5286507174041104e-06,
  "lookback": 30,
  "num_heads": 2,
  "num_layers": 1,
  "sequence_length": 30
}