{
  "batch_size": 16,
  "dropout_rate": 0.13220344295183192,
  "ff_dim": 256,
  "l2_reg": 8.473496487637559e-06,
  "learning_rate": 2.237553924290392e-05,
  "num_heads": 8,
  "num_layers": 4
}