{
  "batch_size": 32,
  "dropout_rate": 0.38824999185188336,
  "ff_dim": 256,
  "l2_reg": 4.763885008121282e-05,
  "learning_rate": 1.7053474835314742e-05,
  "num_heads": 8,
  "num_layers": 2
}