{
  "batch_size": 64,
  "dropout_rate": 0.36710600056622505,
  "ff_dim": 256,
  "l2_reg": 0.0004372215202780053,
  "learning_rate": 1.9326185800251426e-05,
  "lookback": 30,
  "num_heads": 2,
  "num_layers": 2,
  "sequence_length": 30
}