{
  "batch_size": 32,
  "dropout_rate": 0.20643976995667948,
  "ff_dim": 512,
  "l2_reg": 0.000273516054078068,
  "learning_rate": 1.6913715436453428e-06,
  "lookback": 30,
  "num_heads": 2,
  "num_layers": 1,
  "sequence_length": 30
}