{
  "batch_size": 16,
  "dropout_rate": 0.2568061748153594,
  "ff_dim": 256,
  "l2_reg": 2.2002059159370708e-05,
  "learning_rate": 3.748108009296889e-06,
  "num_heads": 2,
  "num_layers": 2
}