{
  "observation_covariance": 0.023631925068167508,
  "transition_covariance": 0.012008412030303627
}