{
  "batch_size": 64,
  "dropout_rate": 0.474253915121495,
  "ff_dim": 128,
  "l2_reg": 6.327502907747328e-05,
  "learning_rate": 7.015075610140752e-05,
  "lookback": 30,
  "num_heads": 2,
  "num_layers": 2,
  "sequence_length": 30
}