{
  "batch_size": 64,
  "dropout_rate": 0.10626823723609982,
  "ff_dim": 256,
  "l2_reg": 0.0005352285222687463,
  "learning_rate": 3.2721822882925896e-05,
  "num_heads": 8,
  "num_layers": 4
}