{
  "batch_size": 64,
  "dropout_rate": 0.3806302401717175,
  "ff_dim": 256,
  "l2_reg": 0.00018537147522729844,
  "learning_rate": 1.5070447573950656e-05,
  "lookback": 30,
  "num_heads": 2,
  "num_layers": 2,
  "sequence_length": 30
}