{
  "observation_covariance": 0.19427597240906477,
  "transition_covariance": 0.002063121757551891
}
