{
  "batch_size": 128,
  "dropout_rate": 0.44652454668005,
  "ff_dim": 256,
  "l2_reg": 0.0002396314438094266,
  "learning_rate": 4.873469192949501e-05,
  "lookback": 30,
  "num_heads": 2,
  "num_layers": 2,
  "sequence_length": 30
}