{
  "batch_size": 64,
  "dropout_rate": 0.4109532280195165,
  "ff_dim": 256,
  "l2_reg": 0.00033250840561990905,
  "learning_rate": 4.492276594071756e-05,
  "lookback": 30,
  "num_heads": 2,
  "num_layers": 2,
  "sequence_length": 30
}