{
  "batch_size": 32,
  "dropout_rate": 0.19976507542238894,
  "ff_dim": 512,
  "l2_reg": 0.0002394386797504737,
  "learning_rate": 1.721440732120222e-06,
  "lookback": 30,
  "num_heads": 2,
  "num_layers": 1,
  "sequence_length": 30
}