{
  "batch_size": 32,
  "dropout_rate": 0.20153637827869408,
  "ff_dim": 512,
  "l2_reg": 0.0002687980457021812,
  "learning_rate": 1.1842357107191883e-06,
  "lookback": 30,
  "num_heads": 2,
  "num_layers": 1,
  "sequence_length": 30
}