{
  "batch_size": 32,
  "dropout_rate": 0.19537337984515055,
  "ff_dim": 512,
  "l2_reg": 0.00028108694636433233,
  "learning_rate": 1.1887162204054543e-06,
  "lookback": 30,
  "num_heads": 2,
  "num_layers": 1,
  "sequence_length": 30
}