{
  "batch_size": 128,
  "dropout_rate": 0.14559314347552854,
  "ff_dim": 512,
  "l2_reg": 7.52591761935778e-05,
  "learning_rate": 0.000502961195101931,
  "lookback": 30,
  "num_heads": 2,
  "num_layers": 2,
  "sequence_length": 30
}