{
  "batch_size": 32,
  "dropout_rate": 0.1910418865284528,
  "ff_dim": 512,
  "l2_reg": 0.0002904028076189817,
  "learning_rate": 1.9070405585827484e-06,
  "lookback": 30,
  "num_heads": 2,
  "num_layers": 1,
  "sequence_length": 30
}