{
  "batch_size": 32,
  "dropout_rate": 0.20951644547422515,
  "ff_dim": 512,
  "l2_reg": 0.0002842410011475361,
  "learning_rate": 1.2064219452974872e-06,
  "lookback": 30,
  "num_heads": 2,
  "num_layers": 1,
  "sequence_length": 30
}