{
  "batch_size": 64,
  "dropout_rate": 0.49459573927769285,
  "ff_dim": 128,
  "l2_reg": 0.0002491948160490025,
  "learning_rate": 6.19904080991813e-05,
  "num_heads": 8,
  "num_layers": 4
}