{
  "batch_size": 64,
  "dropout_rate": 0.43840725848603046,
  "ff_dim": 256,
  "l2_reg": 4.618717628186212e-05,
  "learning_rate": 6.760199513113456e-06,
  "num_heads": 4,
  "num_layers": 4
}