{
  "batch_size": 256,
  "buffer_size": 50000,
  "ent_coef": 0.04527108461059622,
  "gamma": 0.9903586523214555,
  "learning_rate": 0.000392621547655279,
  "tau": 0.07901913389619204
}