{
  "observation_covariance": 0.0940555080041038,
  "transition_covariance": 0.0077919473781217575
}