{
  "batch_size": 128,
  "buffer_size": 50000,
  "ent_coef": 0.004681063665876603,
  "gamma": 0.9599774783006498,
  "learning_rate": 4.7720199846939836e-05,
  "tau": 0.07713570417524929
}