{
  "batch_size": 32,
  "dropout_rate": 0.1641082488354437,
  "ff_dim": 512,
  "l2_reg": 0.0001125912322813848,
  "learning_rate": 4.753518396611071e-06,
  "lookback": 30,
  "num_heads": 2,
  "num_layers": 1,
  "sequence_length": 30
}