{
  "batch_size": 64,
  "dropout_rate": 0.2579727156421577,
  "ff_dim": 512,
  "l2_reg": 0.00036425890468601887,
  "learning_rate": 0.0003283627870541452,
  "num_heads": 2,
  "num_layers": 4
}