{
  "batch_size": 32,
  "dropout_rate": 0.19664321894213319,
  "ff_dim": 512,
  "l2_reg": 0.000264264235380856,
  "learning_rate": 1.3100252256874482e-06,
  "lookback": 30,
  "num_heads": 2,
  "num_layers": 1,
  "sequence_length": 30
}