{
  "batch_size": 128,
  "dropout_rate": 0.3993267293761017,
  "ff_dim": 256,
  "l2_reg": 6.801151168905342e-05,
  "learning_rate": 0.00011783277312006755,
  "lookback": 60,
  "num_heads": 8,
  "num_layers": 1,
  "sequence_length": 60
}