{
  "batch_size": 64,
  "buffer_size": 100000,
  "ent_coef": 0.0015525998806390526,
  "gamma": 0.9073788972024326,
  "learning_rate": 2.096745352477854e-05,
  "tau": 0.043800264146139536
}