{
  "batch_size": 32,
  "dropout_rate": 0.20719985714755448,
  "ff_dim": 512,
  "l2_reg": 0.00021730146159563336,
  "learning_rate": 1.8549457611206038e-06,
  "lookback": 30,
  "num_heads": 2,
  "num_layers": 1,
  "sequence_length": 30
}