{
  "batch_size": 64,
  "dropout_rate": 0.4708720995150877,
  "ff_dim": 256,
  "l2_reg": 2.780264059468396e-06,
  "learning_rate": 2.121477505510743e-06,
  "lookback": 30,
  "num_heads": 4,
  "num_layers": 2,
  "sequence_length": 30
}