{
  "batch_size": 64,
  "dropout_rate": 0.47598266707456793,
  "ff_dim": 256,
  "l2_reg": 0.0006297400933140894,
  "learning_rate": 4.4564197915242065e-05,
  "lookback": 30,
  "num_heads": 2,
  "num_layers": 2,
  "sequence_length": 30
}