{
  "batch_size": 16,
  "dropout_rate": 0.4762262566896067,
  "ff_dim": 512,
  "l2_reg": 3.930899834167432e-06,
  "learning_rate": 0.0008426986227187162,
  "num_heads": 4,
  "num_layers": 2
}