{
  "batch_size": 64,
  "dropout_rate": 0.49582490862196926,
  "ff_dim": 256,
  "l2_reg": 0.0009858959005868493,
  "learning_rate": 2.095835588739782e-05,
  "lookback": 30,
  "num_heads": 2,
  "num_layers": 2,
  "sequence_length": 30
}