{
  "batch_size": 32,
  "dropout_rate": 0.2789436737847725,
  "ff_dim": 256,
  "l2_reg": 0.0006719997083275048,
  "learning_rate": 2.576265401512799e-06,
  "num_heads": 2,
  "num_layers": 4
}