{
  "batch_size": 16,
  "dropout_rate": 0.4644269857674167,
  "ff_dim": 512,
  "l2_reg": 7.828698867897551e-05,
  "learning_rate": 0.0008614871243714939,
  "num_heads": 4,
  "num_layers": 4
}