{
  "batch_size": 32,
  "dropout_rate": 0.405200674820147,
  "ff_dim": 128,
  "l2_reg": 7.954272531168642e-05,
  "learning_rate": 2.3090792708893355e-06,
  "num_heads": 8,
  "num_layers": 2
}