{
  "batch_size": 64,
  "dropout_rate": 0.38926327574428804,
  "ff_dim": 256,
  "l2_reg": 0.00017650235312510268,
  "learning_rate": 1.0386781041498163e-05,
  "lookback": 30,
  "num_heads": 2,
  "num_layers": 2,
  "sequence_length": 30
}