{
  "batch_size": 32,
  "dropout_rate": 0.2062040112995812,
  "ff_dim": 512,
  "l2_reg": 0.00022014199925253248,
  "learning_rate": 1.9830452220614004e-06,
  "lookback": 30,
  "num_heads": 2,
  "num_layers": 1,
  "sequence_length": 30
}