{
  "batch_size": 64,
  "dropout_rate": 0.2864722433439979,
  "ff_dim": 128,
  "l2_reg": 0.00014330958032194807,
  "learning_rate": 5.4610564197550306e-05,
  "num_heads": 4,
  "num_layers": 4
}