{
  "batch_size": 256,
  "buffer_size": 50000,
  "ent_coef": 0.0027145533543022574,
  "gamma": 0.9046842412676881,
  "learning_rate": 3.3488696442710585e-05,
  "tau": 0.05599763130204469
}