{
  "batch_size": 16,
  "dropout_rate": 0.37379855518832583,
  "ff_dim": 512,
  "l2_reg": 9.149469257786072e-05,
  "learning_rate": 3.702427204704556e-05,
  "num_heads": 8,
  "num_layers": 3
}