{
  "batch_size": 32,
  "dropout_rate": 0.1639216124266799,
  "ff_dim": 512,
  "l2_reg": 0.0002183428100695993,
  "learning_rate": 1.1540700864735513e-06,
  "lookback": 30,
  "num_heads": 2,
  "num_layers": 1,
  "sequence_length": 30
}