{
  "batch_size": 32,
  "dropout_rate": 0.20270636294917582,
  "ff_dim": 512,
  "l2_reg": 0.0002759293079793803,
  "learning_rate": 1.1375549355360391e-06,
  "lookback": 30,
  "num_heads": 2,
  "num_layers": 1,
  "sequence_length": 30
}