{
  "batch_size": 256,
  "buffer_size": 50000,
  "ent_coef": 0.0013701107889396412,
  "gamma": 0.9285628851162886,
  "learning_rate": 1.1846033031447428e-05,
  "tau": 0.02363187357353742
}