{
  "batch_size": 32,
  "dropout_rate": 0.1942205148352391,
  "ff_dim": 512,
  "l2_reg": 0.00026097175136973887,
  "learning_rate": 1.640590587865103e-06,
  "lookback": 30,
  "num_heads": 2,
  "num_layers": 1,
  "sequence_length": 30
}