{
  "batch_size": 32,
  "dropout_rate": 0.2034506667578467,
  "ff_dim": 512,
  "l2_reg": 0.00026221867491589985,
  "learning_rate": 1.2377472192107372e-06,
  "lookback": 30,
  "num_heads": 2,
  "num_layers": 1,
  "sequence_length": 30
}