{
  "batch_size": 32,
  "dropout_rate": 0.19464321084401154,
  "ff_dim": 512,
  "l2_reg": 0.00020394143311703,
  "learning_rate": 1.3555325525243684e-06,
  "lookback": 30,
  "num_heads": 2,
  "num_layers": 1,
  "sequence_length": 30
}