{
  "batch_size": 32,
  "dropout_rate": 0.19253536154916404,
  "ff_dim": 512,
  "l2_reg": 0.00027595759544970263,
  "learning_rate": 1.3709224307709481e-06,
  "lookback": 30,
  "num_heads": 2,
  "num_layers": 1,
  "sequence_length": 30
}