{
  "batch_size": 32,
  "dropout_rate": 0.32367150506072684,
  "ff_dim": 128,
  "l2_reg": 0.0001805492300621982,
  "learning_rate": 0.00033974089462309213,
  "num_heads": 8,
  "num_layers": 2
}