{
  "batch_size": 256,
  "buffer_size": 50000,
  "ent_coef": 0.0019189493577733625,
  "gamma": 0.9927328358052123,
  "learning_rate": 0.0005295478455165266,
  "tau": 0.0562164837571559
}