{
  "batch_size": 32,
  "dropout_rate": 0.1952520650837443,
  "ff_dim": 512,
  "l2_reg": 0.0002762341987904108,
  "learning_rate": 1.0497812713303973e-06,
  "lookback": 30,
  "num_heads": 2,
  "num_layers": 1,
  "sequence_length": 30
}