{
  "batch_size": 64,
  "dropout_rate": 0.4777074672909748,
  "ff_dim": 256,
  "l2_reg": 0.0001435111174674563,
  "learning_rate": 2.318544904826419e-05,
  "lookback": 30,
  "num_heads": 2,
  "num_layers": 2,
  "sequence_length": 30
}