{
  "batch_size": 128,
  "buffer_size": 10000,
  "ent_coef": 0.0049031903905109656,
  "gamma": 0.9872255913402654,
  "learning_rate": 0.0002954869565826332,
  "tau": 0.03842414946979793
}