{
  "batch_size": 256,
  "buffer_size": 50000,
  "ent_coef": 0.0012648007636901746,
  "gamma": 0.9658345849159412,
  "learning_rate": 1.4374584880058658e-05,
  "tau": 0.0518667698578779
}