{
  "batch_size": 16,
  "dropout_rate": 0.34807924973939575,
  "ff_dim": 128,
  "l2_reg": 0.00016365326096931272,
  "learning_rate": 1.0373555598613355e-05,
  "num_heads": 8,
  "num_layers": 3
}