{
  "batch_size": 64,
  "dropout_rate": 0.43537653757372796,
  "epochs": 20,
  "ff_dim": 512,
  "l2_reg": 6.465204709917545e-05,
  "learning_rate": 2.7458236692245976e-05,
  "num_heads": 4,
  "num_layers": 4
}