{
  "batch_size": 64,
  "dropout_rate": 0.4027861335949982,
  "ff_dim": 256,
  "l2_reg": 7.037376657754005e-05,
  "learning_rate": 1.8843222861590516e-05,
  "lookback": 30,
  "num_heads": 2,
  "num_layers": 2,
  "sequence_length": 30
}