{
  "batch_size": 32,
  "dropout_rate": 0.1557926975111278,
  "ff_dim": 512,
  "l2_reg": 0.00021739566518695156,
  "learning_rate": 2.1342528060697224e-06,
  "lookback": 30,
  "num_heads": 2,
  "num_layers": 1,
  "sequence_length": 30
}