{
  "batch_size": 64,
  "dropout_rate": 0.47354660083149575,
  "ff_dim": 256,
  "l2_reg": 0.00040301458310105685,
  "learning_rate": 7.620873299985549e-05,
  "lookback": 30,
  "num_heads": 2,
  "num_layers": 2,
  "sequence_length": 30
}