{
  "batch_size": 16,
  "dropout_rate": 0.1964058636557322,
  "ff_dim": 512,
  "l2_reg": 3.864863880152806e-05,
  "learning_rate": 0.00010059771614782977,
  "num_heads": 2,
  "num_layers": 3
}