{
  "batch_size": 64,
  "dropout_rate": 0.2558038062836697,
  "ff_dim": 128,
  "l2_reg": 0.00026815684214224475,
  "learning_rate": 5.168888265870678e-06,
  "num_heads": 4,
  "num_layers": 3
}