{
  "batch_size": 64,
  "dropout_rate": 0.4825846396780823,
  "ff_dim": 256,
  "l2_reg": 0.00011066490042812239,
  "learning_rate": 2.2271388713743235e-05,
  "lookback": 30,
  "num_heads": 2,
  "num_layers": 2,
  "sequence_length": 30
}