{
  "batch_size": 64,
  "buffer_size": 100000,
  "ent_coef": 0.0012109677914562268,
  "gamma": 0.9961150526969655,
  "learning_rate": 0.0003128860718619571,
  "tau": 0.0945663118068221
}