{
  "batch_size": 16,
  "dropout_rate": 0.2375797090478463,
  "ff_dim": 256,
  "l2_reg": 6.297526012779519e-05,
  "learning_rate": 1.5641047036969438e-06,
  "num_heads": 4,
  "num_layers": 3
}