{
  "batch_size": 64,
  "dropout_rate": 0.36584409036827426,
  "ff_dim": 256,
  "l2_reg": 0.0007266112953877004,
  "learning_rate": 1.2784413175631373e-06,
  "num_heads": 2,
  "num_layers": 3
}