{
  "batch_size": 32,
  "dropout_rate": 0.40327260066257975,
  "ff_dim": 128,
  "l2_reg": 0.0001316131800686679,
  "learning_rate": 5.809426881703537e-06,
  "num_heads": 4,
  "num_layers": 3
}