{
  "batch_size": 512,
  "buffer_size": 100000,
  "ent_coef": 0.0015128255581098888,
  "gamma": 0.9840291742032542,
  "learning_rate": 0.0008383752446161145,
  "tau": 0.08507023703973274
}