{
  "batch_size": 32,
  "dropout_rate": 0.34728014813529584,
  "ff_dim": 128,
  "l2_reg": 0.006244076135899407,
  "learning_rate": 7.314342041260454e-05,
  "num_heads": 4,
  "num_layers": 4
}