{
  "batch_size": 32,
  "dropout_rate": 0.23194671779203624,
  "ff_dim": 256,
  "l2_reg": 0.00015543218248027113,
  "learning_rate": 0.00019222499522964474,
  "num_heads": 4,
  "num_layers": 3
}