{
  "batch_size": 64,
  "dropout_rate": 0.4163847433715627,
  "ff_dim": 512,
  "l2_reg": 0.009808922433920125,
  "learning_rate": 0.00042751404070680667,
  "num_heads": 4,
  "num_layers": 2
}