{
  "batch_size": 16,
  "dropout_rate": 0.23937088266939655,
  "ff_dim": 256,
  "l2_reg": 3.5612145846366116e-06,
  "learning_rate": 1.3547109094913437e-05,
  "num_heads": 2,
  "num_layers": 2
}