{
  "batch_size": 512,
  "buffer_size": 10000,
  "ent_coef": 0.0014863960030170827,
  "gamma": 0.9985481137086081,
  "learning_rate": 0.0008235769041718034,
  "tau": 0.0396511287542849
}