{
  "batch_size": 512,
  "buffer_size": 50000,
  "ent_coef": 0.0019354486797812953,
  "gamma": 0.9251281287202687,
  "learning_rate": 0.00024755274713134855,
  "tau": 0.03681268344054323
}