{
  "batch_size": 32,
  "dropout_rate": 0.20024126690132082,
  "ff_dim": 512,
  "l2_reg": 0.00021754236536917462,
  "learning_rate": 1.2383100562057307e-06,
  "lookback": 30,
  "num_heads": 2,
  "num_layers": 1,
  "sequence_length": 30
}