{
  "batch_size": 64,
  "dropout_rate": 0.47958301161493455,
  "ff_dim": 256,
  "l2_reg": 0.0007474224264930478,
  "learning_rate": 1.761254857895384e-05,
  "lookback": 90,
  "num_heads": 2,
  "num_layers": 2,
  "sequence_length": 30
}