{
  "batch_size": 32,
  "dropout_rate": 0.19757299524631222,
  "ff_dim": 512,
  "l2_reg": 0.00025979356323642345,
  "learning_rate": 1.259291446688999e-06,
  "lookback": 30,
  "num_heads": 2,
  "num_layers": 1,
  "sequence_length": 30
}