{
  "batch_size": 256,
  "buffer_size": 50000,
  "ent_coef": 0.01706030469780457,
  "gamma": 0.9398874651244754,
  "learning_rate": 0.0007062052685252419,
  "tau": 0.03824768275389522
}