{
  "batch_size": 512,
  "buffer_size": 50000,
  "ent_coef": 0.01909876271009988,
  "gamma": 0.9824602431655535,
  "learning_rate": 6.85889587957782e-05,
  "tau": 0.06466755591991566
}