{
  "batch_size": 32,
  "dropout_rate": 0.4451075515379491,
  "ff_dim": 128,
  "l2_reg": 4.797410004504566e-06,
  "learning_rate": 0.0007165153404818504,
  "num_heads": 4,
  "num_layers": 2
}