{
  "batch_size": 32,
  "dropout_rate": 0.20157700579519539,
  "ff_dim": 512,
  "l2_reg": 0.0002863555189680117,
  "learning_rate": 1.96736085640585e-06,
  "lookback": 30,
  "num_heads": 2,
  "num_layers": 1,
  "sequence_length": 30
}