{
  "batch_size": 32,
  "dropout_rate": 0.19559306789238493,
  "ff_dim": 512,
  "l2_reg": 0.00027714766201867116,
  "learning_rate": 1.6293038172040964e-06,
  "lookback": 30,
  "num_heads": 2,
  "num_layers": 1,
  "sequence_length": 30
}