{
  "batch_size": 64,
  "dropout_rate": 0.32230428448129056,
  "ff_dim": 512,
  "l2_reg": 3.4135344375733473e-05,
  "learning_rate": 1.0257705915558476e-05,
  "num_heads": 4,
  "num_layers": 4
}