{
  "batch_size": 32,
  "dropout_rate": 0.20409479440776107,
  "ff_dim": 512,
  "l2_reg": 0.00023841812323339154,
  "learning_rate": 1.0769599921617968e-06,
  "lookback": 30,
  "num_heads": 2,
  "num_layers": 1,
  "sequence_length": 30
}