{
  "batch_size": 64,
  "dropout_rate": 0.44824192013954367,
  "ff_dim": 256,
  "l2_reg": 0.000966077602592566,
  "learning_rate": 1.1885975091779644e-05,
  "lookback": 30,
  "num_heads": 2,
  "num_layers": 2,
  "sequence_length": 30
}