{
  "batch_size": 64,
  "dropout_rate": 0.40171982188022914,
  "ff_dim": 256,
  "l2_reg": 0.000534077865792486,
  "learning_rate": 1.8239302817131002e-06,
  "lookback": 30,
  "num_heads": 2,
  "num_layers": 2,
  "sequence_length": 30
}