{
  "batch_size": 64,
  "dropout_rate": 0.34756258338585,
  "ff_dim": 512,
  "l2_reg": 0.0018787719362049601,
  "learning_rate": 2.0130927297557756e-05,
  "num_heads": 8,
  "num_layers": 2
}