{
  "batch_size": 32,
  "dropout_rate": 0.13309033484047322,
  "ff_dim": 512,
  "l2_reg": 0.000813044392479584,
  "learning_rate": 3.83372424397379e-06,
  "lookback": 30,
  "num_heads": 2,
  "num_layers": 1,
  "sequence_length": 30
}