{
  "batch_size": 32,
  "dropout_rate": 0.19556113408362608,
  "ff_dim": 512,
  "l2_reg": 0.00028010956330769764,
  "learning_rate": 1.8141301012612444e-06,
  "lookback": 30,
  "num_heads": 2,
  "num_layers": 1,
  "sequence_length": 30
}