{
  "batch_size": 16,
  "dropout_rate": 0.4491316665352123,
  "ff_dim": 512,
  "l2_reg": 0.0006736465228438898,
  "learning_rate": 0.0007813522658150246,
  "num_heads": 8,
  "num_layers": 2
}