{
  "batch_size": 32,
  "dropout_rate": 0.20140499017852445,
  "ff_dim": 512,
  "l2_reg": 0.00025511049394291886,
  "learning_rate": 1.2923564404172146e-06,
  "lookback": 30,
  "num_heads": 2,
  "num_layers": 1,
  "sequence_length": 30
}