{
  "batch_size": 64,
  "buffer_size": 10000,
  "ent_coef": 0.02079697133954713,
  "gamma": 0.9395630828532161,
  "learning_rate": 3.960286014875187e-05,
  "tau": 0.002061555937326199
}