{
  "batch_size": 64,
  "dropout_rate": 0.4149930334846415,
  "ff_dim": 256,
  "l2_reg": 0.0001990207681316508,
  "learning_rate": 3.2002935189419198e-06,
  "lookback": 30,
  "num_heads": 2,
  "num_layers": 2,
  "sequence_length": 30
}