{
  "batch_size": 32,
  "dropout_rate": 0.19488137949136536,
  "ff_dim": 512,
  "l2_reg": 0.00028615263280407777,
  "learning_rate": 1.5921097161887607e-06,
  "lookback": 30,
  "num_heads": 2,
  "num_layers": 1,
  "sequence_length": 30
}