{
  "batch_size": 16,
  "dropout_rate": 0.4584697680765323,
  "ff_dim": 128,
  "l2_reg": 0.0003807754077171058,
  "learning_rate": 5.723075218303933e-05,
  "num_heads": 4,
  "num_layers": 4
}