{
  "batch_size": 64,
  "dropout_rate": 0.33971411097752435,
  "ff_dim": 128,
  "l2_reg": 1.2328236434323113e-05,
  "learning_rate": 1.1869356408655198e-06,
  "num_heads": 8,
  "num_layers": 4
}