{
  "batch_size": 32,
  "dropout_rate": 0.20809028052186918,
  "ff_dim": 512,
  "l2_reg": 0.00029763314461017556,
  "learning_rate": 1.3800255666542465e-06,
  "lookback": 30,
  "num_heads": 2,
  "num_layers": 1,
  "sequence_length": 30
}