{
  "observation_covariance": 0.5775248483628256,
  "transition_covariance": 0.003932498605768561
}