{
  "batch_size": 64,
  "dropout_rate": 0.4463678749319042,
  "ff_dim": 256,
  "l2_reg": 0.00046946328311526543,
  "learning_rate": 1.52594337053872e-05,
  "lookback": 30,
  "num_heads": 2,
  "num_layers": 2,
  "sequence_length": 30
}