{
  "batch_size": 64,
  "dropout_rate": 0.3636086472304788,
  "ff_dim": 256,
  "l2_reg": 0.0008159250494519229,
  "learning_rate": 3.066548509395648e-05,
  "num_heads": 2,
  "num_layers": 2
}