{
  "batch_size": 64,
  "dropout_rate": 0.49211099575763384,
  "ff_dim": 256,
  "l2_reg": 4.415803966036527e-05,
  "learning_rate": 0.0009376579198633928,
  "num_heads": 2,
  "num_layers": 4
}