{
  "observation_covariance": 0.01663736769589492,
  "transition_covariance": 0.0030860060701034457
}