{
  "batch_size": 16,
  "dropout_rate": 0.4587208742580351,
  "ff_dim": 128,
  "l2_reg": 2.6162584727765056e-05,
  "learning_rate": 2.9406704800646076e-06,
  "num_heads": 8,
  "num_layers": 3
}