{
  "batch_size": 64,
  "buffer_size": 10000,
  "ent_coef": 0.006877643172137315,
  "gamma": 0.9522686551282882,
  "learning_rate": 0.0001235611839529718,
  "tau": 0.038338364125792834
}