{
  "batch_size": 64,
  "dropout_rate": 0.3324548651644631,
  "ff_dim": 512,
  "l2_reg": 0.0002512824243103142,
  "learning_rate": 5.878517965652186e-05,
  "num_heads": 2,
  "num_layers": 4
}