{
  "batch_size": 64,
  "dropout_rate": 0.43492075037259775,
  "ff_dim": 256,
  "l2_reg": 0.00017033024673159273,
  "learning_rate": 4.310501835470086e-05,
  "lookback": 30,
  "num_heads": 2,
  "num_layers": 2,
  "sequence_length": 30
}