{
  "batch_size": 32,
  "dropout_rate": 0.35258534091743465,
  "ff_dim": 512,
  "l2_reg": 0.0002096556908965385,
  "learning_rate": 1.2719109874261007e-05,
  "num_heads": 8,
  "num_layers": 3
}