{
  "batch_size": 16,
  "dropout_rate": 0.2277776441814758,
  "ff_dim": 256,
  "l2_reg": 8.710866116509621e-06,
  "learning_rate": 3.742216592710609e-06,
  "num_heads": 4,
  "num_layers": 3
}