{
  "batch_size": 32,
  "dropout_rate": 0.19272585772892087,
  "ff_dim": 512,
  "l2_reg": 0.000206235002835402,
  "learning_rate": 1.1545432091420077e-06,
  "lookback": 30,
  "num_heads": 2,
  "num_layers": 1,
  "sequence_length": 30
}