{
  "batch_size": 16,
  "dropout_rate": 0.17226636407227808,
  "ff_dim": 512,
  "l2_reg": 4.008290155949669e-05,
  "learning_rate": 1.333785545234575e-06,
  "num_heads": 4,
  "num_layers": 4
}