{
  "batch_size": 512,
  "buffer_size": 10000,
  "ent_coef": 0.0437672920434464,
  "gamma": 0.9124466560921035,
  "learning_rate": 6.470351458965207e-05,
  "tau": 0.04839261118618305
}