{
  "batch_size": 64,
  "dropout_rate": 0.4293260392861837,
  "ff_dim": 256,
  "l2_reg": 0.0004354412044897426,
  "learning_rate": 1.378711981717263e-05,
  "lookback": 30,
  "num_heads": 2,
  "num_layers": 2,
  "sequence_length": 30
}