{
  "batch_size": 512,
  "buffer_size": 10000,
  "ent_coef": 0.006713214900070616,
  "gamma": 0.9780875792291703,
  "learning_rate": 1.7725146384870524e-05,
  "tau": 0.012404890144662475
}