{
  "batch_size": 128,
  "buffer_size": 10000,
  "ent_coef": 0.0017018189766705894,
  "gamma": 0.9009607297429532,
  "learning_rate": 1.0474152809308374e-05,
  "tau": 0.01544346887647411
}