{
  "batch_size": 32,
  "dropout_rate": 0.19288844164928054,
  "ff_dim": 512,
  "l2_reg": 0.0002757310306221137,
  "learning_rate": 4.206743624440394e-06,
  "lookback": 30,
  "num_heads": 2,
  "num_layers": 1,
  "sequence_length": 30
}