{
  "batch_size": 64,
  "buffer_size": 100000,
  "ent_coef": 0.005782435207752572,
  "gamma": 0.9547281011815196,
  "learning_rate": 0.00028695142750200816,
  "tau": 0.037946259692478314
}