{
  "batch_size": 16,
  "dropout_rate": 0.4480579102857718,
  "ff_dim": 512,
  "l2_reg": 4.861400464532617e-05,
  "learning_rate": 3.139238420507851e-05,
  "num_heads": 2,
  "num_layers": 3
}