{
  "batch_size": 16,
  "dropout_rate": 0.47932594601803435,
  "ff_dim": 256,
  "l2_reg": 7.403480555801529e-06,
  "learning_rate": 4.474381350815529e-06,
  "num_heads": 8,
  "num_layers": 4
}