{
  "batch_size": 128,
  "dropout_rate": 0.4113347566182321,
  "ff_dim": 256,
  "l2_reg": 2.4161986009364917e-05,
  "learning_rate": 5.7415408057812466e-05,
  "lookback": 30,
  "num_heads": 2,
  "num_layers": 2,
  "sequence_length": 30
}