{
  "batch_size": 32,
  "dropout_rate": 0.19746381239648422,
  "ff_dim": 512,
  "l2_reg": 0.00035831587333638493,
  "learning_rate": 2.803362246812446e-06,
  "lookback": 30,
  "num_heads": 2,
  "num_layers": 1,
  "sequence_length": 30
}