{
  "batch_size": 32,
  "dropout_rate": 0.10181598639346616,
  "ff_dim": 512,
  "l2_reg": 0.00038486483263649323,
  "learning_rate": 3.0203101546308074e-06,
  "lookback": 30,
  "num_heads": 2,
  "num_layers": 1,
  "sequence_length": 30
}