{
  "batch_size": 64,
  "dropout_rate": 0.3334311012004797,
  "ff_dim": 256,
  "l2_reg": 0.0003018977404015824,
  "learning_rate": 1.1421107813639753e-05,
  "num_heads": 4,
  "num_layers": 4
}