{
  "batch_size": 32,
  "dropout_rate": 0.14814384956054338,
  "ff_dim": 512,
  "l2_reg": 1.4436511796155802e-06,
  "learning_rate": 4.422448649588914e-05,
  "num_heads": 8,
  "num_layers": 4
}