{
  "batch_size": 64,
  "buffer_size": 100000,
  "ent_coef": 0.021683246932199043,
  "gamma": 0.9465985017317685,
  "learning_rate": 0.00022197625710475234,
  "tau": 0.0868687345404877
}