{
  "batch_size": 64,
  "dropout_rate": 0.4098372138979446,
  "ff_dim": 256,
  "l2_reg": 0.0001434085080035852,
  "learning_rate": 1.2862041226231535e-05,
  "lookback": 30,
  "num_heads": 2,
  "num_layers": 2,
  "sequence_length": 30
}