{
  "batch_size": 256,
  "buffer_size": 100000,
  "ent_coef": 0.003988106481166119,
  "gamma": 0.9913305295826915,
  "learning_rate": 4.151553698714975e-05,
  "tau": 0.06725471240691326
}