{
  "batch_size": 32,
  "dropout_rate": 0.19124696845301317,
  "ff_dim": 512,
  "l2_reg": 0.00025120121266827757,
  "learning_rate": 1.8737690312188627e-06,
  "lookback": 30,
  "num_heads": 2,
  "num_layers": 1,
  "sequence_length": 30
}