{
  "batch_size": 64,
  "dropout_rate": 0.32265121604074964,
  "ff_dim": 128,
  "l2_reg": 4.846756365032086e-05,
  "learning_rate": 3.5859017286888717e-06,
  "num_heads": 8,
  "num_layers": 3
}