{
  "batch_size": 32,
  "dropout_rate": 0.1774563011279237,
  "ff_dim": 512,
  "l2_reg": 0.00045215554260912884,
  "learning_rate": 1.1076015724826624e-06,
  "lookback": 30,
  "num_heads": 2,
  "num_layers": 1,
  "sequence_length": 30
}