{
  "batch_size": 64,
  "buffer_size": 10000,
  "ent_coef": 0.012513029861853348,
  "gamma": 0.9562837396213002,
  "learning_rate": 1.4515485622568165e-05,
  "tau": 0.0016503863269695914
}