{
  "batch_size": 32,
  "dropout_rate": 0.19444852389201336,
  "ff_dim": 512,
  "l2_reg": 0.00020794706425350653,
  "learning_rate": 1.3549781429052036e-06,
  "lookback": 30,
  "num_heads": 2,
  "num_layers": 1,
  "sequence_length": 30
}