{
  "batch_size": 64,
  "dropout_rate": 0.4199134945540879,
  "ff_dim": 256,
  "l2_reg": 0.0006419685937808555,
  "learning_rate": 1.0794494271396949e-05,
  "lookback": 30,
  "num_heads": 2,
  "num_layers": 2,
  "sequence_length": 30
}