{
  "batch_size": 64,
  "dropout_rate": 0.342606123421747,
  "ff_dim": 128,
  "l2_reg": 2.8198558437484975e-06,
  "learning_rate": 0.0009571667137845577,
  "num_heads": 2,
  "num_layers": 3
}