{
  "batch_size": 64,
  "dropout_rate": 0.4159120776014549,
  "ff_dim": 256,
  "l2_reg": 0.0002210925867590208,
  "learning_rate": 1.4241726093149745e-05,
  "lookback": 30,
  "num_heads": 2,
  "num_layers": 2,
  "sequence_length": 30
}