{
  "batch_size": 64,
  "buffer_size": 50000,
  "ent_coef": 0.0031984901331960068,
  "gamma": 0.9563107226482828,
  "learning_rate": 0.00043886628099823634,
  "tau": 0.08036587243060885
}