{
  "batch_size": 64,
  "dropout_rate": 0.3543062969655063,
  "ff_dim": 256,
  "l2_reg": 0.00024050681521430264,
  "learning_rate": 9.798119124866001e-06,
  "lookback": 30,
  "num_heads": 2,
  "num_layers": 2,
  "sequence_length": 30
}