{
  "batch_size": 64,
  "dropout_rate": 0.3593082102181903,
  "ff_dim": 256,
  "l2_reg": 0.0002791371709374866,
  "learning_rate": 1.358102904996596e-05,
  "lookback": 30,
  "num_heads": 2,
  "num_layers": 2,
  "sequence_length": 30
}