{
  "batch_size": 16,
  "dropout_rate": 0.436774468342391,
  "ff_dim": 512,
  "l2_reg": 0.00013382538233559964,
  "learning_rate": 0.00010560747323545177,
  "num_heads": 2,
  "num_layers": 3
}