{
  "batch_size": 64,
  "dropout_rate": 0.4951127955151047,
  "ff_dim": 128,
  "l2_reg": 5.4002034506231743e-05,
  "learning_rate": 4.6370184539405714e-05,
  "lookback": 30,
  "num_heads": 2,
  "num_layers": 2,
  "sequence_length": 30
}