{
  "batch_size": 16,
  "dropout_rate": 0.36795250866115636,
  "ff_dim": 256,
  "l2_reg": 3.55228018834085e-05,
  "learning_rate": 0.00019756893484542982,
  "num_heads": 8,
  "num_layers": 3
}