{
  "batch_size": 128,
  "dropout_rate": 0.299531787166105,
  "ff_dim": 128,
  "l2_reg": 0.0006313470288751499,
  "learning_rate": 0.0006600504033214588,
  "lookback": 30,
  "num_heads": 4,
  "num_layers": 3,
  "sequence_length": 30
}