{
  "batch_size": 32,
  "dropout_rate": 0.2055305250389376,
  "ff_dim": 512,
  "l2_reg": 0.00022827073221710578,
  "learning_rate": 1.030877202781297e-06,
  "lookback": 30,
  "num_heads": 2,
  "num_layers": 1,
  "sequence_length": 30
}