{
  "batch_size": 32,
  "dropout_rate": 0.15498060518259754,
  "ff_dim": 512,
  "l2_reg": 0.0002516145896641773,
  "learning_rate": 4.01187668330625e-06,
  "lookback": 30,
  "num_heads": 2,
  "num_layers": 1,
  "sequence_length": 30
}