{
  "batch_size": 64,
  "dropout_rate": 0.4497050034140772,
  "ff_dim": 256,
  "l2_reg": 0.00019277568965113596,
  "learning_rate": 6.792338841173262e-06,
  "lookback": 30,
  "num_heads": 2,
  "num_layers": 2,
  "sequence_length": 30
}