{
  "batch_size": 16,
  "dropout_rate": 0.19969862829538965,
  "ff_dim": 256,
  "l2_reg": 0.0003782778192390534,
  "learning_rate": 2.6796689929619063e-05,
  "num_heads": 2,
  "num_layers": 3
}