{
  "batch_size": 16,
  "dropout_rate": 0.23387034054530811,
  "ff_dim": 256,
  "l2_reg": 1.0371615484650033e-05,
  "learning_rate": 7.652839750685625e-06,
  "num_heads": 8,
  "num_layers": 3
}