{
  "observation_covariance": 0.18942697013860763,
  "transition_covariance": 0.002853263197099746
}