{
  "batch_size": 16,
  "dropout_rate": 0.3994653796903508,
  "ff_dim": 256,
  "l2_reg": 1.51881578340441e-06,
  "learning_rate": 1.2574752621285763e-06,
  "lookback": 30,
  "num_heads": 4,
  "num_layers": 3,
  "sequence_length": 60
}