{
  "batch_size": 32,
  "dropout_rate": 0.26436616005976044,
  "ff_dim": 128,
  "l2_reg": 3.488814359371943e-05,
  "learning_rate": 0.00014170645827717477,
  "num_heads": 8,
  "num_layers": 4
}