{
  "batch_size": 64,
  "dropout_rate": 0.4763934966321247,
  "ff_dim": 128,
  "l2_reg": 3.7900243602788616e-05,
  "learning_rate": 3.327227044158257e-06,
  "num_heads": 2,
  "num_layers": 2
}