{
  "batch_size": 64,
  "dropout_rate": 0.36642151831474706,
  "ff_dim": 256,
  "l2_reg": 0.0002548522828226568,
  "learning_rate": 9.630808859793007e-06,
  "lookback": 30,
  "num_heads": 2,
  "num_layers": 2,
  "sequence_length": 30
}