{
  "batch_size": 16,
  "dropout_rate": 0.4522570034605109,
  "ff_dim": 128,
  "l2_reg": 7.5259135517901055e-06,
  "learning_rate": 1.684688060371729e-05,
  "lookback": 30,
  "num_heads": 2,
  "num_layers": 2,
  "sequence_length": 30
}