{
  "batch_size": 32,
  "dropout_rate": 0.1642634849666303,
  "ff_dim": 512,
  "l2_reg": 0.0009054305587958059,
  "learning_rate": 3.485543682293755e-06,
  "lookback": 30,
  "num_heads": 2,
  "num_layers": 1,
  "sequence_length": 30
}