{
  "batch_size": 16,
  "dropout_rate": 0.36394609078464524,
  "ff_dim": 256,
  "l2_reg": 4.6360278423438605e-05,
  "learning_rate": 2.4758287844491033e-05,
  "num_heads": 2,
  "num_layers": 3
}