{
  "batch_size": 32,
  "dropout_rate": 0.4468240205014319,
  "ff_dim": 128,
  "l2_reg": 2.4392485434193134e-06,
  "learning_rate": 4.70912734250018e-06,
  "num_heads": 8,
  "num_layers": 4
}