{
  "batch_size": 64,
  "dropout_rate": 0.3790001168771634,
  "ff_dim": 256,
  "l2_reg": 0.00031824844313430224,
  "learning_rate": 1.811794799292627e-05,
  "lookback": 30,
  "num_heads": 2,
  "num_layers": 2,
  "sequence_length": 30
}