{
  "batch_size": 32,
  "dropout_rate": 0.1906428452439757,
  "ff_dim": 512,
  "l2_reg": 0.00020055552496401192,
  "learning_rate": 1.7622634373299654e-06,
  "lookback": 30,
  "num_heads": 2,
  "num_layers": 1,
  "sequence_length": 30
}