{
  "batch_size": 32,
  "dropout_rate": 0.2031146146489355,
  "ff_dim": 512,
  "l2_reg": 0.00024387086703320351,
  "learning_rate": 1.9059845049071509e-06,
  "lookback": 30,
  "num_heads": 2,
  "num_layers": 1,
  "sequence_length": 30
}