{
  "batch_size": 32,
  "dropout_rate": 0.19512977139575624,
  "ff_dim": 512,
  "l2_reg": 0.00028832579592342914,
  "learning_rate": 1.0180219711605835e-06,
  "lookback": 30,
  "num_heads": 2,
  "num_layers": 1,
  "sequence_length": 30
}