{
  "batch_size": 64,
  "dropout_rate": 0.11458897617460169,
  "ff_dim": 128,
  "l2_reg": 0.0008773991873631614,
  "learning_rate": 2.5042235703228604e-05,
  "lookback": 30,
  "num_heads": 2,
  "num_layers": 2,
  "sequence_length": 30
}