{
  "batch_size": 256,
  "buffer_size": 100000,
  "ent_coef": 0.01442948431695274,
  "gamma": 0.9871662304014852,
  "learning_rate": 0.0005944848663367485,
  "tau": 0.020848420770786063
}