{
  "batch_size": 64,
  "dropout_rate": 0.4119321787322736,
  "ff_dim": 256,
  "l2_reg": 1.336373606977649e-06,
  "learning_rate": 0.0002824468797673682,
  "num_heads": 2,
  "num_layers": 4
}