{
  "batch_size": 64,
  "dropout_rate": 0.4392187744204739,
  "ff_dim": 256,
  "l2_reg": 0.0004087946856917542,
  "learning_rate": 6.902471958241304e-06,
  "lookback": 30,
  "num_heads": 2,
  "num_layers": 2,
  "sequence_length": 30
}