{
  "batch_size": 32,
  "dropout_rate": 0.19638415389646155,
  "ff_dim": 512,
  "l2_reg": 0.0002208945330350702,
  "learning_rate": 1.5181860964737128e-06,
  "lookback": 30,
  "num_heads": 2,
  "num_layers": 1,
  "sequence_length": 30
}