{
  "batch_size": 64,
  "buffer_size": 100000,
  "ent_coef": 0.008012873933105109,
  "gamma": 0.9943359260211293,
  "learning_rate": 0.00011144901664480494,
  "tau": 0.007752042621344813
}