{
  "batch_size": 32,
  "dropout_rate": 0.39249901773181384,
  "ff_dim": 512,
  "l2_reg": 1.0602187878339494e-05,
  "learning_rate": 0.0006020539827467301,
  "num_heads": 8,
  "num_layers": 2
}