{
  "batch_size": 64,
  "dropout_rate": 0.4641523600040278,
  "ff_dim": 128,
  "l2_reg": 0.0007427250561106965,
  "learning_rate": 1.3831060293620453e-06,
  "lookback": 30,
  "num_heads": 2,
  "num_layers": 2,
  "sequence_length": 30
}