{
  "batch_size": 32,
  "dropout_rate": 0.19059421466035434,
  "ff_dim": 512,
  "l2_reg": 0.0002619313326385661,
  "learning_rate": 1.5341332593474354e-06,
  "lookback": 30,
  "num_heads": 2,
  "num_layers": 1,
  "sequence_length": 30
}