{
  "batch_size": 32,
  "dropout_rate": 0.11488844360410817,
  "ff_dim": 128,
  "l2_reg": 0.00011171382047394492,
  "learning_rate": 1.6397917220972513e-05,
  "lookback": 60,
  "num_heads": 8,
  "num_layers": 2,
  "sequence_length": 30
}