{
  "batch_size": 16,
  "dropout_rate": 0.17152366853816658,
  "ff_dim": 512,
  "l2_reg": 5.424417634904642e-06,
  "learning_rate": 6.648554761065271e-06,
  "num_heads": 4,
  "num_layers": 4
}