{
  "batch_size": 64,
  "buffer_size": 100000,
  "ent_coef": 0.0032298760271049663,
  "gamma": 0.9889856833654216,
  "learning_rate": 0.0008384887023669116,
  "tau": 0.05445346735108239
}