{
  "batch_size": 32,
  "dropout_rate": 0.20460415854716663,
  "ff_dim": 512,
  "l2_reg": 0.00020577847744328117,
  "learning_rate": 1.5944107674021278e-06,
  "lookback": 30,
  "num_heads": 2,
  "num_layers": 1,
  "sequence_length": 30
}