{
  "batch_size": 32,
  "dropout_rate": 0.19937946377510646,
  "ff_dim": 512,
  "l2_reg": 0.0002800253277398047,
  "learning_rate": 1.9592765987268378e-06,
  "lookback": 30,
  "num_heads": 2,
  "num_layers": 1,
  "sequence_length": 30
}