{
  "batch_size": 64,
  "dropout_rate": 0.3693499340928038,
  "ff_dim": 128,
  "l2_reg": 0.00012176867377801423,
  "learning_rate": 6.252361310582964e-05,
  "lookback": 30,
  "num_heads": 4,
  "num_layers": 1,
  "sequence_length": 30
}