{
  "batch_size": 64,
  "dropout_rate": 0.3946616439787166,
  "ff_dim": 128,
  "l2_reg": 3.390797140939862e-06,
  "learning_rate": 2.462720601031179e-05,
  "num_heads": 4,
  "num_layers": 2
}