{
  "batch_size": 32,
  "dropout_rate": 0.2096837138236722,
  "ff_dim": 512,
  "l2_reg": 0.00026285529921659106,
  "learning_rate": 1.6296963273568283e-06,
  "lookback": 30,
  "num_heads": 2,
  "num_layers": 1,
  "sequence_length": 30
}