{
  "batch_size": 16,
  "dropout_rate": 0.13334242403794858,
  "ff_dim": 256,
  "l2_reg": 0.0001558611680725021,
  "learning_rate": 3.534748485098471e-05,
  "num_heads": 8,
  "num_layers": 4
}