{
  "batch_size": 128,
  "buffer_size": 10000,
  "ent_coef": 0.005604503539177949,
  "gamma": 0.9960845727838302,
  "learning_rate": 0.0002808602299497521,
  "tau": 0.07145472049961973
}