{
  "batch_size": 16,
  "dropout_rate": 0.21547458887723306,
  "ff_dim": 256,
  "l2_reg": 0.00011020099261594859,
  "learning_rate": 3.3103916110255506e-06,
  "num_heads": 4,
  "num_layers": 4
}