{
  "batch_size": 16,
  "dropout_rate": 0.24011569829495355,
  "ff_dim": 128,
  "l2_reg": 0.0005236951022976352,
  "learning_rate": 8.060189762575355e-05,
  "num_heads": 8,
  "num_layers": 2
}