{
  "batch_size": 64,
  "dropout_rate": 0.20195462931271313,
  "ff_dim": 128,
  "l2_reg": 0.0008826308055785942,
  "learning_rate": 0.0009308943833496219,
  "lookback": 30,
  "num_heads": 4,
  "num_layers": 1,
  "sequence_length": 30
}