{
  "batch_size": 32,
  "dropout_rate": 0.22063877645550556,
  "ff_dim": 512,
  "l2_reg": 9.554969436179032e-05,
  "learning_rate": 5.387655056642067e-05,
  "num_heads": 4,
  "num_layers": 3
}