{
  "batch_size": 32,
  "dropout_rate": 0.4098186576393982,
  "ff_dim": 256,
  "l2_reg": 4.680923472591654e-05,
  "learning_rate": 3.101736102470666e-06,
  "lookback": 30,
  "num_heads": 2,
  "num_layers": 2,
  "sequence_length": 30
}