{
  "batch_size": 64,
  "dropout_rate": 0.4154654764341206,
  "ff_dim": 256,
  "l2_reg": 0.00015779756449549662,
  "learning_rate": 1.0949884477722023e-05,
  "lookback": 30,
  "num_heads": 2,
  "num_layers": 2,
  "sequence_length": 30
}