{
  "batch_size": 32,
  "dropout_rate": 0.20299893898557672,
  "ff_dim": 512,
  "l2_reg": 0.0002098704827529544,
  "learning_rate": 1.403953919456717e-06,
  "lookback": 30,
  "num_heads": 2,
  "num_layers": 1,
  "sequence_length": 30
}