{
  "batch_size": 64,
  "buffer_size": 10000,
  "ent_coef": 0.005743278469314893,
  "gamma": 0.9337415767474879,
  "learning_rate": 2.0342969365786787e-05,
  "tau": 0.09715178312434562
}