{
  "batch_size": 32,
  "dropout_rate": 0.37107044151926516,
  "ff_dim": 512,
  "l2_reg": 1.6348087187009694e-05,
  "learning_rate": 3.911320385817585e-05,
  "num_heads": 4,
  "num_layers": 4
}