{
  "batch_size": 64,
  "dropout_rate": 0.4611673000580546,
  "ff_dim": 512,
  "l2_reg": 4.010034197551649e-06,
  "learning_rate": 0.0001243674013606928,
  "num_heads": 2,
  "num_layers": 3
}