{
  "batch_size": 32,
  "dropout_rate": 0.20598051705068138,
  "ff_dim": 512,
  "l2_reg": 0.00022833345564118933,
  "learning_rate": 1.704170064647804e-06,
  "lookback": 30,
  "num_heads": 2,
  "num_layers": 1,
  "sequence_length": 30
}