{
  "batch_size": 64,
  "dropout_rate": 0.32320284231404606,
  "ff_dim": 512,
  "l2_reg": 0.00016186845592589365,
  "learning_rate": 6.470763870803735e-06,
  "num_heads": 4,
  "num_layers": 2
}