{
  "batch_size": 32,
  "dropout_rate": 0.20205539318679863,
  "ff_dim": 512,
  "l2_reg": 0.0002697533760829728,
  "learning_rate": 1.6215800848696973e-06,
  "lookback": 30,
  "num_heads": 2,
  "num_layers": 1,
  "sequence_length": 30
}