{
  "batch_size": 16,
  "dropout_rate": 0.2371792455630487,
  "ff_dim": 256,
  "l2_reg": 0.0002146327215822794,
  "learning_rate": 0.000571249189181313,
  "num_heads": 4,
  "num_layers": 2
}