{
  "batch_size": 128,
  "buffer_size": 100000,
  "ent_coef": 0.002897920388562674,
  "gamma": 0.997699507291113,
  "learning_rate": 0.0009902764028340296,
  "tau": 0.07662332548017564
}