{
  "batch_size": 64,
  "dropout_rate": 0.3566725436683144,
  "ff_dim": 256,
  "l2_reg": 0.00016004446557979073,
  "learning_rate": 1.0198851048278939e-05,
  "lookback": 30,
  "num_heads": 2,
  "num_layers": 2,
  "sequence_length": 30
}