{
  "observation_covariance": 0.11376510470636467,
  "transition_covariance": 0.06507886113409277
}
