{
  "batch_size": 32,
  "dropout_rate": 0.19618082557546326,
  "ff_dim": 512,
  "l2_reg": 0.0002365394668521727,
  "learning_rate": 1.0027005386898922e-06,
  "lookback": 30,
  "num_heads": 2,
  "num_layers": 1,
  "sequence_length": 30
}