{
  "batch_size": 32,
  "dropout_rate": 0.2042894990978548,
  "ff_dim": 512,
  "l2_reg": 0.00023013367665700868,
  "learning_rate": 1.1531443814551203e-06,
  "lookback": 30,
  "num_heads": 2,
  "num_layers": 1,
  "sequence_length": 30
}