{
  "batch_size": 64,
  "dropout_rate": 0.41587348024150655,
  "ff_dim": 256,
  "l2_reg": 0.0008027334804061943,
  "learning_rate": 7.4636918152824955e-06,
  "lookback": 30,
  "num_heads": 2,
  "num_layers": 2,
  "sequence_length": 30
}