{
  "batch_size": 64,
  "dropout_rate": 0.3908458372943832,
  "ff_dim": 256,
  "l2_reg": 0.0005861050053360535,
  "learning_rate": 1.3750178306364211e-05,
  "lookback": 30,
  "num_heads": 2,
  "num_layers": 2,
  "sequence_length": 30
}