{
  "batch_size": 128,
  "buffer_size": 50000,
  "ent_coef": 0.03461961836847718,
  "gamma": 0.9827363938141218,
  "learning_rate": 0.00018773712891884478,
  "tau": 0.029371447874671348
}