{
  "batch_size": 32,
  "dropout_rate": 0.3645610124267822,
  "ff_dim": 256,
  "l2_reg": 1.8802665267284614e-05,
  "learning_rate": 2.883436101434075e-05,
  "num_heads": 2,
  "num_layers": 4
}