{
  "batch_size": 16,
  "dropout_rate": 0.3633618053682893,
  "ff_dim": 512,
  "l2_reg": 2.0167517836378357e-06,
  "learning_rate": 7.522560129380454e-05,
  "num_heads": 4,
  "num_layers": 3
}