{
  "batch_size": 32,
  "dropout_rate": 0.20762310099876025,
  "ff_dim": 512,
  "l2_reg": 0.00024297583853190606,
  "learning_rate": 1.7062032999254852e-06,
  "lookback": 30,
  "num_heads": 2,
  "num_layers": 1,
  "sequence_length": 30
}