{
  "batch_size": 32,
  "dropout_rate": 0.32542130007773074,
  "ff_dim": 128,
  "l2_reg": 5.219612630810395e-06,
  "learning_rate": 2.301333078496248e-06,
  "num_heads": 2,
  "num_layers": 4
}