{
  "observation_covariance": 0.10209514491834973,
  "transition_covariance": 0.005552412561094315
}