{
  "batch_size": 64,
  "dropout_rate": 0.41044797932811444,
  "ff_dim": 256,
  "l2_reg": 0.0001405928576640012,
  "learning_rate": 8.295412239020854e-06,
  "lookback": 30,
  "num_heads": 2,
  "num_layers": 2,
  "sequence_length": 30
}