{
  "observation_covariance": 0.39663674394712417,
  "transition_covariance": 0.024018856435432348
}