{
  "batch_size": 32,
  "dropout_rate": 0.1292888856394666,
  "ff_dim": 128,
  "l2_reg": 4.3921980338583874e-06,
  "learning_rate": 0.0005121396494877733,
  "num_heads": 4,
  "num_layers": 3
}