{
  "batch_size": 64,
  "dropout_rate": 0.42139249931165634,
  "ff_dim": 512,
  "l2_reg": 7.525171947831735e-05,
  "learning_rate": 1.96616238970971e-06,
  "num_heads": 4,
  "num_layers": 3
}