{
  "batch_size": 32,
  "dropout_rate": 0.20065208560271353,
  "ff_dim": 512,
  "l2_reg": 0.0002709157151158093,
  "learning_rate": 1.0248284677243018e-06,
  "lookback": 30,
  "num_heads": 2,
  "num_layers": 1,
  "sequence_length": 30
}