{
  "batch_size": 32,
  "dropout_rate": 0.1570836965055188,
  "ff_dim": 512,
  "l2_reg": 0.00021363217506220898,
  "learning_rate": 0.00020167444253192898,
  "num_heads": 2,
  "num_layers": 4
}