{
  "batch_size": 32,
  "dropout_rate": 0.4387195343444563,
  "ff_dim": 128,
  "l2_reg": 6.13679822452781e-05,
  "learning_rate": 1.9167475040014288e-05,
  "lookback": 90,
  "num_heads": 2,
  "num_layers": 2,
  "sequence_length": 30
}