{
  "batch_size": 32,
  "dropout_rate": 0.20645199585699425,
  "ff_dim": 512,
  "l2_reg": 0.00024733491595345744,
  "learning_rate": 1.810335329263664e-06,
  "lookback": 30,
  "num_heads": 2,
  "num_layers": 1,
  "sequence_length": 30
}