{
  "batch_size": 64,
  "dropout_rate": 0.2312225282935582,
  "ff_dim": 256,
  "l2_reg": 6.143791893542024e-06,
  "learning_rate": 2.0354944916931218e-05,
  "num_heads": 4,
  "num_layers": 4
}