{
  "batch_size": 64,
  "dropout_rate": 0.34544633874819186,
  "ff_dim": 256,
  "l2_reg": 0.007658311595669393,
  "learning_rate": 5.5805829048326245e-05,
  "num_heads": 4,
  "num_layers": 3
}