{
  "batch_size": 32,
  "dropout_rate": 0.20210845716212097,
  "ff_dim": 512,
  "l2_reg": 0.0002085279884580235,
  "learning_rate": 1.975404434465661e-06,
  "lookback": 30,
  "num_heads": 2,
  "num_layers": 1,
  "sequence_length": 30
}