{
  "observation_covariance": 0.02134219400954002,
  "transition_covariance": 0.015328760226084816
}