{
  "batch_size": 512,
  "buffer_size": 100000,
  "ent_coef": 0.009253796394022658,
  "gamma": 0.9459638807826402,
  "learning_rate": 2.848962987299796e-05,
  "tau": 0.013005736132202336
}