{
  "batch_size": 32,
  "dropout_rate": 0.20366425503462393,
  "ff_dim": 512,
  "l2_reg": 0.00028878538929306025,
  "learning_rate": 1.939547769282553e-06,
  "lookback": 30,
  "num_heads": 2,
  "num_layers": 1,
  "sequence_length": 30
}