{
  "batch_size": 32,
  "dropout_rate": 0.19349665620524645,
  "ff_dim": 512,
  "l2_reg": 0.00020187952655995238,
  "learning_rate": 1.977541804980722e-06,
  "lookback": 30,
  "num_heads": 2,
  "num_layers": 1,
  "sequence_length": 30
}