{
  "batch_size": 32,
  "dropout_rate": 0.2104442206458447,
  "ff_dim": 512,
  "l2_reg": 4.785181139322288e-05,
  "learning_rate": 3.9040043852264826e-06,
  "num_heads": 2,
  "num_layers": 3
}