{
  "batch_size": 64,
  "dropout_rate": 0.3883250240392735,
  "ff_dim": 256,
  "l2_reg": 5.497973461280924e-06,
  "learning_rate": 0.00016803130215452906,
  "num_heads": 4,
  "num_layers": 2
}