{
  "batch_size": 256,
  "buffer_size": 50000,
  "ent_coef": 0.0020332284499251377,
  "gamma": 0.9943215761229095,
  "learning_rate": 6.794394276720184e-05,
  "tau": 0.007748536782075487
}