{
  "batch_size": 32,
  "dropout_rate": 0.1910923543902996,
  "ff_dim": 512,
  "l2_reg": 0.0011940169854099292,
  "learning_rate": 6.895704775335331e-05,
  "num_heads": 4,
  "num_layers": 4
}