{
  "batch_size": 64,
  "dropout_rate": 0.13230270818286596,
  "ff_dim": 256,
  "l2_reg": 9.740651340172609e-05,
  "learning_rate": 0.0001474563441855557,
  "num_heads": 4,
  "num_layers": 2
}