{
  "batch_size": 64,
  "dropout_rate": 0.3697906838171633,
  "ff_dim": 256,
  "l2_reg": 0.0004935869188234515,
  "learning_rate": 1.0763454548068258e-05,
  "lookback": 30,
  "num_heads": 2,
  "num_layers": 2,
  "sequence_length": 30
}