{
  "batch_size": 64,
  "dropout_rate": 0.3949073628179652,
  "ff_dim": 256,
  "l2_reg": 0.0008206307159038064,
  "learning_rate": 1.901604509630159e-05,
  "lookback": 30,
  "num_heads": 2,
  "num_layers": 2,
  "sequence_length": 30
}