{
  "batch_size": 32,
  "dropout_rate": 0.25574283741443626,
  "ff_dim": 256,
  "l2_reg": 1.2846441892358781e-05,
  "learning_rate": 0.00010180021471463685,
  "num_heads": 4,
  "num_layers": 3
}