{
  "batch_size": 64,
  "dropout_rate": 0.4512418180320132,
  "ff_dim": 256,
  "l2_reg": 0.00011121264852020594,
  "learning_rate": 7.509679874183557e-05,
  "lookback": 30,
  "num_heads": 2,
  "num_layers": 2,
  "sequence_length": 30
}