{
  "batch_size": 16,
  "dropout_rate": 0.39712955673788664,
  "ff_dim": 256,
  "l2_reg": 0.00019416445103831423,
  "learning_rate": 0.0008823194132577016,
  "num_heads": 8,
  "num_layers": 3
}