{
  "batch_size": 32,
  "dropout_rate": 0.20755923601894108,
  "ff_dim": 512,
  "l2_reg": 0.0002630104849710197,
  "learning_rate": 1.1348026617608886e-06,
  "lookback": 30,
  "num_heads": 2,
  "num_layers": 1,
  "sequence_length": 30
}