{
  "batch_size": 32,
  "dropout_rate": 0.19771369952850662,
  "ff_dim": 512,
  "l2_reg": 0.00022492134773853344,
  "learning_rate": 1.0254292134529061e-06,
  "lookback": 30,
  "num_heads": 2,
  "num_layers": 1,
  "sequence_length": 30
}