{
  "batch_size": 32,
  "dropout_rate": 0.19840768236070255,
  "ff_dim": 512,
  "l2_reg": 0.0002664563853785219,
  "learning_rate": 1.4225314824128286e-06,
  "lookback": 30,
  "num_heads": 2,
  "num_layers": 1,
  "sequence_length": 30
}