{
  "batch_size": 16,
  "dropout_rate": 0.488705586681513,
  "ff_dim": 128,
  "l2_reg": 0.00010901964844550291,
  "learning_rate": 0.00036810535541105397,
  "num_heads": 2,
  "num_layers": 3
}