{
  "batch_size": 64,
  "dropout_rate": 0.4187589456422621,
  "ff_dim": 256,
  "l2_reg": 0.0005635186465204714,
  "learning_rate": 1.6017081798534196e-05,
  "lookback": 30,
  "num_heads": 2,
  "num_layers": 2,
  "sequence_length": 30
}