{
  "batch_size": 64,
  "dropout_rate": 0.3251485840205942,
  "ff_dim": 512,
  "l2_reg": 1.332726689904885e-05,
  "learning_rate": 1.5057966704707139e-05,
  "num_heads": 2,
  "num_layers": 2
}