{
  "batch_size": 32,
  "dropout_rate": 0.19774955149405354,
  "ff_dim": 512,
  "l2_reg": 0.00020238620144630694,
  "learning_rate": 1.9110922048860374e-06,
  "lookback": 30,
  "num_heads": 2,
  "num_layers": 1,
  "sequence_length": 30
}