{
  "batch_size": 64,
  "dropout_rate": 0.10102122394427906,
  "ff_dim": 256,
  "l2_reg": 3.36616219476897e-06,
  "learning_rate": 4.836215563586684e-06,
  "num_heads": 8,
  "num_layers": 3
}