{
  "batch_size": 32,
  "dropout_rate": 0.37978634726067806,
  "ff_dim": 512,
  "l2_reg": 2.997554259243216e-06,
  "learning_rate": 1.6842339292450255e-06,
  "num_heads": 4,
  "num_layers": 4
}