{
  "batch_size": 32,
  "dropout_rate": 0.19365729962835648,
  "ff_dim": 512,
  "l2_reg": 0.00024106312605712607,
  "learning_rate": 1.3160426962163683e-06,
  "lookback": 30,
  "num_heads": 2,
  "num_layers": 1,
  "sequence_length": 30
}