{
  "batch_size": 128,
  "buffer_size": 100000,
  "ent_coef": 0.007395199537876243,
  "gamma": 0.9104904655888013,
  "learning_rate": 8.307922237891407e-05,
  "tau": 0.003596389020855234
}