{
  "batch_size": 32,
  "dropout_rate": 0.19258193306764304,
  "ff_dim": 512,
  "l2_reg": 0.000252645911324867,
  "learning_rate": 1.4316702272246334e-06,
  "lookback": 30,
  "num_heads": 2,
  "num_layers": 1,
  "sequence_length": 30
}