{
  "batch_size": 16,
  "dropout_rate": 0.24995593540897115,
  "ff_dim": 512,
  "l2_reg": 0.0001328674740528624,
  "learning_rate": 0.0003438543357511798,
  "num_heads": 4,
  "num_layers": 2
}