{
  "batch_size": 64,
  "dropout_rate": 0.4643261415516078,
  "ff_dim": 128,
  "l2_reg": 0.0001658769093239681,
  "learning_rate": 1.855513002870742e-06,
  "lookback": 30,
  "num_heads": 2,
  "num_layers": 2,
  "sequence_length": 30
}