{
  "batch_size": 128,
  "buffer_size": 10000,
  "ent_coef": 0.019807108593121094,
  "gamma": 0.9085921236273432,
  "learning_rate": 0.0002564309336753018,
  "tau": 0.04893129736648235
}