{
  "batch_size": 64,
  "dropout_rate": 0.4187115037500506,
  "ff_dim": 256,
  "l2_reg": 0.0005688843716673393,
  "learning_rate": 1.3168230635713383e-06,
  "lookback": 30,
  "num_heads": 2,
  "num_layers": 2,
  "sequence_length": 30
}