{
  "batch_size": 32,
  "dropout_rate": 0.19358964271832327,
  "ff_dim": 512,
  "l2_reg": 0.0002411451895038217,
  "learning_rate": 1.7370108637675198e-06,
  "lookback": 30,
  "num_heads": 2,
  "num_layers": 1,
  "sequence_length": 30
}