{
  "batch_size": 16,
  "dropout_rate": 0.3316061940907181,
  "ff_dim": 256,
  "l2_reg": 2.7040890281534435e-06,
  "learning_rate": 2.5430235898070818e-06,
  "num_heads": 8,
  "num_layers": 4
}