{
  "batch_size": 32,
  "dropout_rate": 0.1989145037068538,
  "ff_dim": 512,
  "l2_reg": 0.00029603273160913406,
  "learning_rate": 1.0617322473783526e-06,
  "lookback": 30,
  "num_heads": 2,
  "num_layers": 1,
  "sequence_length": 30
}