{
  "batch_size": 32,
  "dropout_rate": 0.2079766720519868,
  "ff_dim": 512,
  "l2_reg": 0.00026158054967613645,
  "learning_rate": 1.7372024406094438e-06,
  "lookback": 30,
  "num_heads": 2,
  "num_layers": 1,
  "sequence_length": 30
}