{
  "batch_size": 32,
  "dropout_rate": 0.20349665065280448,
  "ff_dim": 512,
  "l2_reg": 0.0002673101308399837,
  "learning_rate": 1.1903251696948747e-06,
  "lookback": 30,
  "num_heads": 2,
  "num_layers": 1,
  "sequence_length": 30
}