{
  "batch_size": 32,
  "dropout_rate": 0.1945610834041205,
  "ff_dim": 512,
  "l2_reg": 0.00026088954803045163,
  "learning_rate": 1.8019737007817885e-06,
  "lookback": 30,
  "num_heads": 2,
  "num_layers": 1,
  "sequence_length": 30
}