{
  "batch_size": 64,
  "dropout_rate": 0.38431179831664297,
  "ff_dim": 256,
  "l2_reg": 0.00023087725066415577,
  "learning_rate": 1.516607943478329e-05,
  "lookback": 30,
  "num_heads": 2,
  "num_layers": 2,
  "sequence_length": 30
}