{
  "batch_size": 32,
  "dropout_rate": 0.20124554461991853,
  "ff_dim": 512,
  "l2_reg": 0.00024985329220350935,
  "learning_rate": 1.6941097093533993e-06,
  "lookback": 30,
  "num_heads": 2,
  "num_layers": 1,
  "sequence_length": 30
}