{
  "batch_size": 32,
  "dropout_rate": 0.20431014181359006,
  "ff_dim": 512,
  "l2_reg": 0.0002389705523784703,
  "learning_rate": 1.8411966633382701e-06,
  "lookback": 30,
  "num_heads": 2,
  "num_layers": 1,
  "sequence_length": 30
}