{
  "batch_size": 64,
  "dropout_rate": 0.35449691145731543,
  "ff_dim": 128,
  "l2_reg": 0.00036132712306425073,
  "learning_rate": 2.908567958310102e-05,
  "num_heads": 4,
  "num_layers": 2
}