{
  "batch_size": 32,
  "dropout_rate": 0.20296332955401514,
  "ff_dim": 512,
  "l2_reg": 0.00024189853531719362,
  "learning_rate": 1.2499876136502208e-06,
  "lookback": 30,
  "num_heads": 2,
  "num_layers": 1,
  "sequence_length": 30
}