{
  "batch_size": 32,
  "dropout_rate": 0.19127120628698552,
  "ff_dim": 512,
  "l2_reg": 0.00022404889665159536,
  "learning_rate": 1.0402996231094632e-06,
  "lookback": 30,
  "num_heads": 2,
  "num_layers": 1,
  "sequence_length": 30
}