{
  "batch_size": 32,
  "dropout_rate": 0.36331941208348284,
  "ff_dim": 128,
  "l2_reg": 4.0588177126821875e-06,
  "learning_rate": 3.2140630690307096e-06,
  "num_heads": 2,
  "num_layers": 2
}