{
  "batch_size": 256,
  "buffer_size": 10000,
  "ent_coef": 0.026426846443177263,
  "gamma": 0.9826704693206756,
  "learning_rate": 0.0002259157928234197,
  "tau": 0.02515479718578042
}