{
  "batch_size": 32,
  "dropout_rate": 0.2730738732747885,
  "ff_dim": 256,
  "l2_reg": 2.203025801768887e-05,
  "learning_rate": 2.6200822400126345e-05,
  "num_heads": 4,
  "num_layers": 2
}