{
  "batch_size": 64,
  "dropout_rate": 0.3907102333992526,
  "ff_dim": 512,
  "l2_reg": 1.347272349007589e-06,
  "learning_rate": 0.0009533696892914517,
  "num_heads": 2,
  "num_layers": 4
}