{
  "batch_size": 32,
  "dropout_rate": 0.19996077986530864,
  "ff_dim": 512,
  "l2_reg": 0.0002250475596172454,
  "learning_rate": 1.018427075993587e-06,
  "lookback": 30,
  "num_heads": 2,
  "num_layers": 1,
  "sequence_length": 30
}