{
  "batch_size": 512,
  "buffer_size": 100000,
  "ent_coef": 0.005278203759084,
  "gamma": 0.981616857720571,
  "learning_rate": 1.1782605592809362e-05,
  "tau": 0.07453595079044888
}