{
  "batch_size": 32,
  "dropout_rate": 0.19485827739067813,
  "ff_dim": 512,
  "l2_reg": 0.00029510129255916134,
  "learning_rate": 1.2591480041256593e-06,
  "lookback": 30,
  "num_heads": 2,
  "num_layers": 1,
  "sequence_length": 30
}