{
  "batch_size": 64,
  "buffer_size": 10000,
  "ent_coef": 0.018394077919505057,
  "gamma": 0.9681063704508573,
  "learning_rate": 9.253010612860708e-05,
  "tau": 0.061595126838602215
}