{
  "batch_size": 32,
  "dropout_rate": 0.1946542846745922,
  "ff_dim": 512,
  "l2_reg": 0.00023198668081940335,
  "learning_rate": 1.7505005610483974e-06,
  "lookback": 30,
  "num_heads": 2,
  "num_layers": 1,
  "sequence_length": 30
}