{
  "batch_size": 32,
  "dropout_rate": 0.19614413033800238,
  "ff_dim": 512,
  "l2_reg": 0.00025895553094787757,
  "learning_rate": 1.1639352570851938e-06,
  "lookback": 30,
  "num_heads": 2,
  "num_layers": 1,
  "sequence_length": 30
}