{
  "batch_size": 128,
  "buffer_size": 50000,
  "ent_coef": 0.019617053940443177,
  "gamma": 0.9566021333204587,
  "learning_rate": 0.00018474477853589824,
  "tau": 0.0768178124956776
}