{
  "batch_size": 64,
  "dropout_rate": 0.3988635906958621,
  "ff_dim": 128,
  "l2_reg": 0.00011480662324767181,
  "learning_rate": 5.070488696510287e-05,
  "num_heads": 4,
  "num_layers": 2
}