{
  "batch_size": 16,
  "dropout_rate": 0.33464170106380686,
  "ff_dim": 256,
  "l2_reg": 4.120914732926562e-06,
  "learning_rate": 1.0332368303747779e-06,
  "num_heads": 8,
  "num_layers": 3
}