{
  "batch_size": 64,
  "dropout_rate": 0.48983472315795706,
  "ff_dim": 128,
  "l2_reg": 1.5193146648141066e-05,
  "learning_rate": 2.119512322076839e-06,
  "num_heads": 8,
  "num_layers": 2
}