{
  "batch_size": 32,
  "dropout_rate": 0.15035730076129641,
  "ff_dim": 512,
  "l2_reg": 0.00048060115575847577,
  "learning_rate": 1.8267155100276143e-06,
  "lookback": 30,
  "num_heads": 2,
  "num_layers": 1,
  "sequence_length": 30
}