{
  "batch_size": 32,
  "dropout_rate": 0.2095006392495307,
  "ff_dim": 512,
  "l2_reg": 0.0002813399854430739,
  "learning_rate": 1.0439323842617112e-06,
  "lookback": 30,
  "num_heads": 2,
  "num_layers": 1,
  "sequence_length": 30
}