{
  "batch_size": 32,
  "dropout_rate": 0.4299254300614116,
  "ff_dim": 256,
  "l2_reg": 3.79678974469412e-05,
  "learning_rate": 4.660982402110904e-06,
  "lookback": 30,
  "num_heads": 2,
  "num_layers": 2,
  "sequence_length": 30
}