{
  "batch_size": 32,
  "dropout_rate": 0.22235225945804032,
  "ff_dim": 512,
  "l2_reg": 0.00011252495027919494,
  "learning_rate": 6.15599701104736e-06,
  "lookback": 90,
  "num_heads": 2,
  "num_layers": 2,
  "sequence_length": 90
}