{
  "batch_size": 16,
  "dropout_rate": 0.11977262717807778,
  "ff_dim": 512,
  "l2_reg": 0.000515458229399778,
  "learning_rate": 1.9112165097232976e-05,
  "num_heads": 4,
  "num_layers": 4
}