{
  "batch_size": 64,
  "dropout_rate": 0.3616528883939543,
  "ff_dim": 256,
  "l2_reg": 0.0002852682180916139,
  "learning_rate": 1.0982226283117174e-05,
  "lookback": 30,
  "num_heads": 2,
  "num_layers": 2,
  "sequence_length": 30
}