{
  "batch_size": 32,
  "dropout_rate": 0.23142376930391917,
  "ff_dim": 128,
  "l2_reg": 4.268241745952114e-06,
  "learning_rate": 3.296581681001915e-06,
  "num_heads": 8,
  "num_layers": 4
}