{
  "batch_size": 32,
  "dropout_rate": 0.19809340377565313,
  "ff_dim": 512,
  "l2_reg": 0.00025835371721896473,
  "learning_rate": 1.8003820453345619e-06,
  "lookback": 30,
  "num_heads": 2,
  "num_layers": 1,
  "sequence_length": 30
}