{
  "batch_size": 32,
  "dropout_rate": 0.19865853908182787,
  "ff_dim": 512,
  "l2_reg": 0.00022222626834375738,
  "learning_rate": 1.0400256683998548e-06,
  "lookback": 30,
  "num_heads": 2,
  "num_layers": 1,
  "sequence_length": 30
}