{
  "batch_size": 32,
  "dropout_rate": 0.17783894257121263,
  "ff_dim": 256,
  "l2_reg": 1.2624820820104206e-06,
  "learning_rate": 3.5886804167597955e-06,
  "lookback": 30,
  "num_heads": 8,
  "num_layers": 3,
  "sequence_length": 30
}