{
  "batch_size": 64,
  "dropout_rate": 0.11873450530769412,
  "ff_dim": 128,
  "l2_reg": 0.0009261161388690151,
  "learning_rate": 4.665196185802743e-05,
  "num_heads": 8,
  "num_layers": 2
}