{
  "batch_size": 16,
  "dropout_rate": 0.24313376290166203,
  "ff_dim": 128,
  "l2_reg": 0.0003027825723237436,
  "learning_rate": 0.0006366092721982585,
  "num_heads": 4,
  "num_layers": 4
}