{
  "batch_size": 128,
  "dropout_rate": 0.4836540917022826,
  "ff_dim": 256,
  "l2_reg": 0.0007078764654429591,
  "learning_rate": 1.283980107773313e-05,
  "lookback": 30,
  "num_heads": 2,
  "num_layers": 2,
  "sequence_length": 30
}