{
  "batch_size": 16,
  "dropout_rate": 0.16853711083687778,
  "ff_dim": 256,
  "l2_reg": 1.322604982554874e-05,
  "learning_rate": 2.4066446092889597e-05,
  "num_heads": 4,
  "num_layers": 4
}