{
  "batch_size": 64,
  "dropout_rate": 0.36459337712902795,
  "ff_dim": 512,
  "l2_reg": 3.6450729545755247e-05,
  "learning_rate": 6.86273002440941e-05,
  "lookback": 60,
  "num_heads": 2,
  "num_layers": 3,
  "sequence_length": 30
}