{
  "batch_size": 32,
  "dropout_rate": 0.1915112223864658,
  "ff_dim": 512,
  "l2_reg": 0.003077547191770833,
  "learning_rate": 7.723809982022418e-05,
  "num_heads": 2,
  "num_layers": 2
}