{
  "batch_size": 128,
  "dropout_rate": 0.4954934537852091,
  "ff_dim": 256,
  "l2_reg": 0.00022741469638706775,
  "learning_rate": 3.390266238935838e-05,
  "lookback": 30,
  "num_heads": 2,
  "num_layers": 2,
  "sequence_length": 30
}