{
  "batch_size": 32,
  "dropout_rate": 0.11879793212455905,
  "ff_dim": 128,
  "l2_reg": 2.635648609831402e-05,
  "learning_rate": 1.0826152624023135e-05,
  "num_heads": 4,
  "num_layers": 2
}