{
  "batch_size": 32,
  "dropout_rate": 0.3666426105582091,
  "ff_dim": 256,
  "l2_reg": 2.3289782872158627e-05,
  "learning_rate": 7.153901017286472e-06,
  "lookback": 30,
  "num_heads": 8,
  "num_layers": 3,
  "sequence_length": 30
}