{
  "batch_size": 32,
  "dropout_rate": 0.14474596703109702,
  "ff_dim": 128,
  "l2_reg": 1.246548372522329e-05,
  "learning_rate": 1.7128445013478043e-06,
  "lookback": 30,
  "num_heads": 4,
  "num_layers": 3,
  "sequence_length": 30
}