{
  "batch_size": 32,
  "dropout_rate": 0.2600873429628878,
  "ff_dim": 128,
  "l2_reg": 0.000596118978153875,
  "learning_rate": 9.157393663663208e-06,
  "num_heads": 2,
  "num_layers": 3
}