{
  "batch_size": 32,
  "dropout_rate": 0.44849689045605834,
  "ff_dim": 128,
  "l2_reg": 0.0006058425604285777,
  "learning_rate": 4.681419275570963e-06,
  "num_heads": 2,
  "num_layers": 2
}