{
  "batch_size": 32,
  "dropout_rate": 0.20624897834630695,
  "ff_dim": 128,
  "l2_reg": 6.304357415725871e-06,
  "learning_rate": 4.927325936688406e-06,
  "num_heads": 4,
  "num_layers": 3
}