{
  "observation_covariance": 0.6085244790817687,
  "transition_covariance": 0.006886598084276791
}
