{
  "batch_size": 64,
  "dropout_rate": 0.4616413670464348,
  "ff_dim": 256,
  "l2_reg": 0.0001371908711095451,
  "learning_rate": 8.458858258499656e-05,
  "lookback": 30,
  "num_heads": 2,
  "num_layers": 2,
  "sequence_length": 30
}