{
  "observation_covariance": 0.792261620989485,
  "transition_covariance": 0.008222113083400725
}
