{
  "batch_size": 32,
  "dropout_rate": 0.2660677245969332,
  "ff_dim": 256,
  "l2_reg": 6.166798438583095e-05,
  "learning_rate": 5.119867440983571e-05,
  "num_heads": 8,
  "num_layers": 2
}